<title>Polar Area - Style 2</title>

<style>
#chart {
  padding: 0;
  max-width: 380px;
  margin: 35px auto;
}
</style>

<chart>
<options>
chart: {
  width: 380,
  type: 'polarArea'
},
labels: ['Rose A', 'Rose B', 'Rose C', 'Rose D', 'Rose E'],
fill: {
  opacity: 1
},
stroke: {
  width: 1,
  colors: undefined
},
yaxis: {
  show: false
},
legend: {
  position: 'bottom'
},
plotOptions: {
  polarArea: {
    rings: {
      strokeWidth: 0
    },
    spokes: {
      strokeWidth: 0
    },
  }
},
theme: {
  monochrome: {
    enabled: true,
    shadeTo: 'light',
    shadeIntensity: 0.6
  }
}
</options>

<series>
[42, 47, 52, 58, 65]
</series>
</chart>