<title>Sparklines</title>

<style>
.row {
  overflow: hidden;
  max-width: 890px;
  margin: 30px auto;
  display: flex;
}

.col-md-4 {
  width: 33.33%;
  padding: 0 25px;
}

table {
  width: 100%;
}

tbody tr {
  border-top: 1px solid #e7e7e7;
}

th {
  font-weight: bold;
  font-family: Helvetica;
  padding-bottom: 20px;
}
td, th {
  width: 25%;
  text-align: center;
  height: 65px;
}

td div {
  margin: 0 auto;
}

.left {
  float: left;
}

.right {
  float: right;
}

@media only screen and (max-width: 480px) {
  th:first-child, td:first-child {
    display: none;
  }
  .row {
    display: block;
  }
  .col-md-4 {
    padding: 0;
    width: 100%;
  }
}
</style>

<scripts>
<script>
window.Apex = {
  stroke: {
    width: 3
  },
  markers: {
    size: 0
  },
  tooltip: {
    fixed: {
      enabled: true,
    }
  }
};

var randomizeArray = function (arg) {
  var array = arg.slice();
  var currentIndex = array.length,
    temporaryValue, randomIndex;

  while (0 !== currentIndex) {

    randomIndex = Math.floor(Math.random() * currentIndex);
    currentIndex -= 1;

    temporaryValue = array[currentIndex];
    array[currentIndex] = array[randomIndex];
    array[randomIndex] = temporaryValue;
  }

  return array;
}

// data for the sparklines that appear below header area
var sparklineData = [47, 45, 54, 38, 56, 24, 65, 31, 37, 39, 62, 51, 35, 41, 35, 27, 93, 53, 61, 27, 54, 43, 19, 46];
</script>
</scripts>

<html>
<div>
  <div class="row">
    <div class="col-md-4">
      {{ charts['spark1'] }}
    </div>
    <div class="col-md-4">
      {{ charts['spark2'] }}
    </div>
    <div class="col-md-4">
      {{ charts['spark3'] }}
    </div>
  </div>

  <div class="row">
    <table>
      <thead>
        <th>Total Value</th>
        <th>Percentage of Portfolio</th>
        <th>Last 10 days</th>
        <th>Volume</th>
      </thead>
      <tbody>
        <tr>
          <td>$32,554</td>
          <td>15%</td>
          <td>
            {{ charts[1] }}
          </td>
          <td>
            {{ charts[5] }}
          </td>
        </tr>
        <tr>
          <td>$23,533</td>
          <td>7%</td>
          <td>
            {{ charts[2] }}
          </td>
          <td>
            {{ charts[6] }}
          </td>
        </tr>
        <tr>
          <td>$54,276</td>
          <td>9%</td>
          <td>
            {{ charts[3] }}
          </td>
          <td>
            {{ charts[7] }}
          </td>
        </tr>
        <tr>
          <td>$11,533</td>
          <td>2%</td>
          <td>
            {{ charts[4] }}
          </td>
          <td>
            {{ charts[8] }}
          </td>
        </tr>
      </tbody>
    </table>
  </div>
</div>
</html>

<chart>
<id>spark1</id>

<options>
chart: {
  type: 'area',
  height: 160,
  sparkline: {
    enabled: true
  },
},
stroke: {
  curve: 'straight'
},
fill: {
  opacity: 0.3,
},
yaxis: {
  min: 0
},
colors: ['#DCE6EC'],
title: {
  text: '$424,652',
  offsetX: 0,
  style: {
    fontSize: '24px',
  }
},
subtitle: {
  text: 'Sales',
  offsetX: 0,
  style: {
    fontSize: '14px',
  }
}
</options>

<series>
[{
  data: randomizeArray(sparklineData)
}]
</series>
</chart>


<chart>
<id>spark2</id>

<options>
chart: {
  type: 'area',
  height: 160,
  sparkline: {
    enabled: true
  },
},
stroke: {
  curve: 'straight'
},
fill: {
  opacity: 0.3,
},
yaxis: {
  min: 0
},
colors: ['#DCE6EC'],
title: {
  text: '$235,312',
  offsetX: 0,
  style: {
    fontSize: '24px',
  }
},
subtitle: {
  text: 'Expenses',
  offsetX: 0,
  style: {
    fontSize: '14px',
  }
}
</options>

<series>
[{
  data: randomizeArray(sparklineData)
}]
</series>
</chart>

<chart>
<id>spark3</id>

<options>
chart: {
  type: 'area',
  height: 160,
  sparkline: {
    enabled: true
  },
},
stroke: {
  curve: 'straight'
},
fill: {
  opacity: 0.3
},
xaxis: {
  crosshairs: {
    width: 1
  },
},
yaxis: {
  min: 0
},
title: {
  text: '$135,965',
  offsetX: 0,
  style: {
    fontSize: '24px',
  }
},
subtitle: {
  text: 'Profits',
  offsetX: 0,
  style: {
    fontSize: '14px',
  }
}
</options>

<series>
[{
  data: randomizeArray(sparklineData)
}]
</series>
</chart>

<chart>
<id>1</id>

<options>
chart: {
  type: 'line',
  width: 100,
  height: 35,
  sparkline: {
    enabled: true
  }
},
tooltip: {
  fixed: {
    enabled: false
  },
  x: {
    show: false
  },
  y: {
    title: {
      formatter: function (seriesName) {
        return ''
      }
    }
  },
  marker: {
    show: false
  }
}
</options>

<series>
[{
  data: [25, 66, 41, 89, 63, 25, 44, 12, 36, 9, 54]
}]
</series>
</chart>

<chart>
<id>2</id>

<options>
chart: {
  type: 'line',
  width: 100,
  height: 35,
  sparkline: {
    enabled: true
  }
},
tooltip: {
  fixed: {
    enabled: false
  },
  x: {
    show: false
  },
  y: {
    title: {
      formatter: function (seriesName) {
        return ''
      }
    }
  },
  marker: {
    show: false
  }
}
</options>

<series>
[{
  data: [12, 14, 2, 47, 42, 15, 47, 75, 65, 19, 14]
}]
</series>
</chart>

<chart>
<id>3</id>

<options>
chart: {
  type: 'pie',
  width: 40,
  height: 40,
  sparkline: {
    enabled: true
  }
},
stroke: {
  width: 1
},
tooltip: {
  fixed: {
    enabled: false
  },
}
</options>

<series>
[43, 32, 12, 9]
</series>
</chart>

<chart>
<id>4</id>

<options>
chart: {
  type: 'donut',
  width: 40,
  height: 40,
  sparkline: {
    enabled: true
  }
},
stroke: {
  width: 1
},
tooltip: {
  fixed: {
    enabled: false
  },
}
</options>

<series>
[43, 32, 12, 9]
</series>
</chart>

<chart>
<id>5</id>

<options>
chart: {
  type: 'bar',
  width: 100,
  height: 35,
  sparkline: {
    enabled: true
  }
},
plotOptions: {
  bar: {
    columnWidth: '80%'
  }
},
labels: [1, 2, 3, 4, 5, 6, 7, 8, 9, 10, 11],
xaxis: {
  crosshairs: {
    width: 1
  },
},
tooltip: {
  fixed: {
    enabled: false
  },
  x: {
    show: false
  },
  y: {
    title: {
      formatter: function (seriesName) {
        return ''
      }
    }
  },
  marker: {
    show: false
  }
}
</options>

<series>
[{
  data: [25, 66, 41, 89, 63, 25, 44, 12, 36, 9, 54]
}]
</series>
</chart>

<chart>
<id>6</id>

<options>
chart: {
  type: 'bar',
  width: 100,
  height: 35,
  sparkline: {
    enabled: true
  }
},
plotOptions: {
  bar: {
    columnWidth: '80%'
  }
},
labels: [1, 2, 3, 4, 5, 6, 7, 8, 9, 10, 11],
xaxis: {
  crosshairs: {
    width: 1
  },
},
tooltip: {
  fixed: {
    enabled: false
  },
  x: {
    show: false
  },
  y: {
    title: {
      formatter: function (seriesName) {
        return ''
      }
    }
  },
  marker: {
    show: false
  }
}
</options>

<series>
[{
  data: [12, 14, 2, 47, 42, 15, 47, 75, 65, 19, 14]
}]
</series>
</chart>

<chart>
<id>7</id>

<options>
chart: {
  type: 'radialBar',
  width: 50,
  height: 50,
  sparkline: {
    enabled: true
  }
},
dataLabels: {
  enabled: false
},
plotOptions: {
  radialBar: {
    hollow: {
      margin: 0,
      size: '50%'
    },
    track: {
      margin: 0
    },
    dataLabels: {
      show: false
    }
  }
}
</options>

<series>
[45]
</series>
</chart>

<chart>
<id>8</id>

<options>
 chart: {
  type: 'radialBar',
  width: 40,
  height: 40,
  sparkline: {
    enabled: true
  }
},
dataLabels: {
  enabled: false
},
plotOptions: {
  radialBar: {
    hollow: {
      margin: 0,
      size: '50%'
    },
    track: {
      margin: 1
    },
    dataLabels: {
      show: false
    }
  }
}
</options>

<series>
[53, 67]
</series>
</chart>