{
    "Zárate": [
        -59.02858,
        -34.09814
    ],
    "Yataity Calle": [
        -58.90846,
        -29.01913
    ],
    "Yapeyú": [
        -56.81841,
        -29.46914
    ],
    "Villa Paranacito": [
        -58.65798,
        -33.72208
    ],
    "Villa Ocampo": [
        -59.35515,
        -28.48752
    ],
    "Villa María Grande": [
        -59.90182,
        -31.66565
    ],
    "Villa Mantero": [
        -58.74596,
        -32.39727
    ],
    "Villa Lugano": [
        -58.47262,
        -34.67907
    ],
    "Villa Hernandarias": [
        -59.985,
        -31.23101
    ],
    "Villaguay": [
        -59.02689,
        -31.8653
    ],
    "Villa Gesell": [
        -56.97304,
        -37.26394
    ],
    "Villa Escolar": [
        -58.67134,
        -26.62209
    ],
    "Villa Elisa": [
        -58.40082,
        -32.1632
    ],
    "Villa del Rosario": [
        -57.91257,
        -30.79567
    ],
    "Veinticinco de Mayo": [
        -60.17271,
        -35.4323
    ],
    "Urdinarrain": [
        -58.89324,
        -32.68573
    ],
    "Ubajay": [
        -58.3135,
        -31.79358
    ],
    "Tres Capones": [
        -55.60471,
        -28.00641
    ],
    "Tigre": [
        -58.57962,
        -34.42603
    ],
    "Tandil": [
        -59.13316,
        -37.32167
    ],
    "Tabossi": [
        -59.93477,
        -31.80135
    ],
    "Sauce de Luna": [
        -59.21872,
        -31.23794
    ],
    "San Vicente": [
        -54.13333,
        -26.61667
    ],
    "Santo Tomé": [
        -60.7653,
        -31.66274
    ],
    "Santo Pipó": [
        -55.40867,
        -27.14132
    ],
    "Santa Rosa": [
        -64.28333,
        -36.61667
    ],
    "Santa María": [
        -55.38541,
        -27.90356
    ],
    "Santa Lucía": [
        -68.49503,
        -31.53987
    ],
    "Santa Elena": [
        -59.78696,
        -30.94768
    ],
    "Santa Anita": [
        -58.78622,
        -32.17476
    ],
    "Santa Ana": [
        -57.93162,
        -30.90004
    ],
    "San Salvador": [
        -58.50524,
        -31.62487
    ],
    "San Pedro": [
        -64.86614,
        -24.23127
    ],
    "San Miguel": [
        -57.58964,
        -27.99585
    ],
    "San Luis del Palmar": [
        -58.55454,
        -27.5079
    ],
    "San Lorenzo": [
        -58.76733,
        -28.13306
    ],
    "San Justo": [
        -60.59189,
        -30.78913
    ],
    "San José de Feliciano": [
        -58.75167,
        -30.38452
    ],
    "San José": [
        -55.7826,
        -27.76979
    ],
    "San Javier": [
        -59.9317,
        -30.57781
    ],
    "San Gustavo": [
        -59.3984,
        -30.68961
    ],
    "San Francisco de Laishí": [
        -58.63039,
        -26.24262
    ],
    "San Cosme": [
        -58.51214,
        -27.37123
    ],
    "San Clemente del Tuyú": [
        -56.72351,
        -36.35694
    ],
    "San Carlos": [
        -65.10245,
        -31.17761
    ],
    "Saladas": [
        -58.62591,
        -28.25384
    ],
    "Ruiz de Montoya": [
        -55.05,
        -26.98333
    ],
    "Rosario del Tala": [
        -59.14545,
        -32.30286
    ],
    "Riachuelo": [
        -58.73945,
        -27.57754
    ],
    "Riacho Eh-Eh": [
        -58.2775,
        -25.36209
    ],
    "Retiro": [
        -58.38333,
        -34.58333
    ],
    "Resistencia": [
        -58.98389,
        -27.46056
    ],
    "Reconquista": [
        -59.65,
        -29.15
    ],
    "Quilmes": [
        -58.25265,
        -34.72418
    ],
    "Puerto Yeruá": [
        -58.01527,
        -31.53713
    ],
    "Puerto Vilelas": [
        -58.93906,
        -27.51414
    ],
    "Puerto Tirol": [
        -59.08206,
        -27.37218
    ],
    "Puerto Rico": [
        -55.02402,
        -26.79598
    ],
    "Puerto Piray": [
        -54.71476,
        -26.46779
    ],
    "Puerto Libertad": [
        -54.62089,
        -25.91641
    ],
    "Puerto Leoni": [
        -55.1657,
        -26.96069
    ],
    "Puerto Iguazú": [
        -54.57355,
        -25.59912
    ],
    "Puerto Ibicuy": [
        -59.18333,
        -33.73333
    ],
    "Puerto Esperanza": [
        -54.67306,
        -26.01517
    ],
    "Puerto Eldorado": [
        -54.69463,
        -26.40842
    ],
    "Puerto Bermejo": [
        -58.50538,
        -26.93173
    ],
    "Pueblo Libertador": [
        -59.38981,
        -30.22087
    ],
    "Pronunciamiento": [
        -58.43287,
        -32.34617
    ],
    "Presidencia Roca": [
        -59.59541,
        -26.1409
    ],
    "Presidencia de la Plaza": [
        -59.84243,
        -27.00147
    ],
    "Posadas": [
        -55.89608,
        -27.36708
    ],
    "Pontevedra": [
        -58.68696,
        -34.74974
    ],
    "Pirané": [
        -59.10879,
        -25.73239
    ],
    "Pinamar": [
        -56.8614,
        -37.10794
    ],
    "Piedras Blancas": [
        -59.95957,
        -31.18623
    ],
    "Picada Gobernador López": [
        -55.24585,
        -27.67069
    ],
    "Perugorría": [
        -58.61059,
        -29.34132
    ],
    "Pedro R. Fernández": [
        -58.65583,
        -28.75097
    ],
    "Paso de los Libres": [
        -57.08991,
        -29.71311
    ],
    "Paso de la Patria": [
        -58.57197,
        -27.31676
    ],
    "Panambí": [
        -54.91514,
        -27.7237
    ],
    "Pampa del Indio": [
        -59.91898,
        -26.06468
    ],
    "Pampa Almirón": [
        -59.13333,
        -26.7
    ],
    "Palo Santo": [
        -59.33781,
        -25.56332
    ],
    "Palmar Grande": [
        -57.90057,
        -27.94195
    ],
    "Oberá": [
        -55.11994,
        -27.48706
    ],
    "Nueve de Julio": [
        -68.39023,
        -31.66914
    ],
    "Nuestra Señora del Rosario de Caa Catí": [
        -57.62073,
        -27.75072
    ],
    "Necochea": [
        -58.73675,
        -38.54726
    ],
    "Morón": [
        -58.61975,
        -34.65344
    ],
    "Monte Caseros": [
        -57.63626,
        -30.25359
    ],
    "Montecarlo": [
        -54.757,
        -26.5662
    ],
    "Mojón Grande": [
        -55.15631,
        -27.71164
    ],
    "Mocoretá": [
        -57.96344,
        -30.61891
    ],
    "Mercedes": [
        -58.07895,
        -29.18186
    ],
    "Mburucuyá": [
        -58.22449,
        -28.04539
    ],
    "Mártires": [
        -55.38333,
        -27.43333
    ],
    "Mariano I. Loza": [
        -58.19436,
        -29.37668
    ],
    "Margarita Belén": [
        -58.97219,
        -27.2616
    ],
    "Mar del Plata": [
        -57.55754,
        -38.00228
    ],
    "Malabrigo": [
        -59.96957,
        -29.34636
    ],
    "Makallé": [
        -59.28696,
        -27.20687
    ],
    "Maciá": [
        -59.39947,
        -32.1722
    ],
    "Luján": [
        -65.9296,
        -32.3757
    ],
    "Lucas González": [
        -59.53013,
        -32.3843
    ],
    "Los Helechos": [
        -55.07683,
        -27.5576
    ],
    "Los Conquistadores": [
        -58.46773,
        -30.5908
    ],
    "Los Charrúas": [
        -58.18774,
        -31.17548
    ],
    "Loreto": [
        -55.52225,
        -27.33635
    ],
    "Lomas de Vallejos": [
        -57.9185,
        -27.73501
    ],
    "Libertad": [
        -57.8202,
        -30.043
    ],
    "La Verde": [
        -59.37352,
        -27.12634
    ],
    "Las Toscas": [
        -59.25795,
        -28.3529
    ],
    "Las Garcitas": [
        -59.8,
        -26.58333
    ],
    "Larroque": [
        -59.00125,
        -33.03595
    ],
    "La Plata": [
        -57.95453,
        -34.92145
    ],
    "La Paz": [
        -59.64566,
        -30.74485
    ],
    "Lapachito": [
        -59.38604,
        -27.15998
    ],
    "La Leonesa": [
        -58.70347,
        -27.03786
    ],
    "Laguna Naick-Neck": [
        -58.09383,
        -25.24769
    ],
    "Laguna Limpia": [
        -59.68083,
        -26.49565
    ],
    "La Escondida": [
        -59.44784,
        -27.10724
    ],
    "La Eduvigis": [
        -59.06842,
        -26.85545
    ],
    "La Cruz": [
        -56.64326,
        -29.17443
    ],
    "La Criolla": [
        -58.10558,
        -31.26904
    ],
    "Juan Pujol": [
        -57.85612,
        -30.41873
    ],
    "Jardín América": [
        -55.22698,
        -27.04346
    ],
    "Ituzaingó": [
        -58.65836,
        -34.65582
    ],
    "Itatí": [
        -58.24458,
        -27.27043
    ],
    "Itá Ibaté": [
        -57.33758,
        -27.42573
    ],
    "Ibarreta": [
        -59.85851,
        -25.21438
    ],
    "Hurlingham": [
        -58.63905,
        -34.58831
    ],
    "Herrera": [
        -58.62462,
        -32.43516
    ],
    "Herradura": [
        -58.31198,
        -26.48705
    ],
    "Herlitzka": [
        -58.25557,
        -27.56516
    ],
    "Hasenkamp": [
        -59.83545,
        -31.51226
    ],
    "Guaraní": [
        -55.16667,
        -27.51667
    ],
    "Gualeguaychú": [
        -58.51722,
        -33.00938
    ],
    "Gualeguay": [
        -59.30966,
        -33.14156
    ],
    "Goya": [
        -59.26256,
        -29.14003
    ],
    "Gobernador Roca": [
        -55.46433,
        -27.18636
    ],
    "Gobernador Mansilla": [
        -59.3548,
        -32.54453
    ],
    "Gobernador Juan E. Martínez": [
        -58.93292,
        -28.91705
    ],
    "Gobernador Ingeniero Valentín Virasoro": [
        -56.03333,
        -28.05
    ],
    "General Vedia": [
        -58.6604,
        -26.93382
    ],
    "General José de San Martín": [
        -59.34158,
        -26.53743
    ],
    "General Galarza": [
        -59.39615,
        -32.72034
    ],
    "General Campos": [
        -58.4049,
        -31.52311
    ],
    "General Alvear": [
        -55.16667,
        -27.43333
    ],
    "Garupá": [
        -55.82921,
        -27.48171
    ],
    "Garuhapé": [
        -54.95664,
        -26.81768
    ],
    "Garruchos": [
        -55.63947,
        -28.18514
    ],
    "Formosa": [
        -58.17814,
        -26.17753
    ],
    "Fontana": [
        -59.02392,
        -27.41813
    ],
    "Florentino Ameghino": [
        -62.46701,
        -34.84405
    ],
    "Felipe Yofré": [
        -58.33772,
        -29.10226
    ],
    "Federal": [
        -58.78326,
        -30.95465
    ],
    "Federación": [
        -57.89962,
        -31.00621
    ],
    "Esquina": [
        -59.52719,
        -30.01444
    ],
    "El Soberbio": [
        -54.19877,
        -27.29846
    ],
    "El Colorado": [
        -59.37291,
        -26.30808
    ],
    "El Alcázar": [
        -54.81523,
        -26.71459
    ],
    "Dos de Mayo": [
        -54.68669,
        -27.02277
    ],
    "Dos Arroyos": [
        -55.23364,
        -27.70784
    ],
    "Domínguez": [
        -58.96197,
        -31.9871
    ],
    "Dolores": [
        -57.67918,
        -36.31322
    ],
    "Curuzú Cuatiá": [
        -58.0546,
        -29.79171
    ],
    "Cruz de los Milagros": [
        -59.00476,
        -28.83646
    ],
    "Coté-Lai": [
        -59.6,
        -27.5
    ],
    "Corrientes": [
        -58.8341,
        -27.4806
    ],
    "Conscripto Bernardi": [
        -59.08435,
        -31.04837
    ],
    "Concordia": [
        -58.02089,
        -31.39296
    ],
    "Concepción del Uruguay": [
        -58.23722,
        -32.48249
    ],
    "Concepción de la Sierra": [
        -55.52031,
        -27.98311
    ],
    "Concepción": [
        -57.88777,
        -28.39175
    ],
    "Comandante Fontana": [
        -59.68212,
        -25.33453
    ],
    "Colonia Wanda": [
        -54.42806,
        -25.97408
    ],
    "Colonias Unidas": [
        -59.63154,
        -26.69825
    ],
    "Colonia Elisa": [
        -59.51861,
        -26.93041
    ],
    "Colonia Elía": [
        -58.32148,
        -32.66625
    ],
    "Colonia Benítez": [
        -58.94622,
        -27.33099
    ],
    "Colonia Aurora": [
        -54.52498,
        -27.47428
    ],
    "Colegiales": [
        -58.44924,
        -34.57365
    ],
    "Clorinda": [
        -57.71851,
        -25.28481
    ],
    "Ciervo Petiso": [
        -59.63094,
        -26.58041
    ],
    "Chavarría": [
        -58.57277,
        -28.95488
    ],
    "Charadai": [
        -59.9,
        -27.63333
    ],
    "Chajarí": [
        -57.97962,
        -30.75048
    ],
    "Cerro Corá": [
        -55.60896,
        -27.5131
    ],
    "Cerro Azul": [
        -55.4962,
        -27.6331
    ],
    "Ceibas": [
        -58.75,
        -33.43333
    ],
    "Caseros": [
        -58.47872,
        -32.46325
    ],
    "Caraguatay": [
        -54.78093,
        -26.60587
    ],
    "Capitán Solari": [
        -59.56089,
        -26.80215
    ],
    "Capioví": [
        -55.06084,
        -26.92998
    ],
    "Candelaria": [
        -65.82477,
        -32.06036
    ],
    "Campo Viera": [
        -55.03333,
        -27.38333
    ],
    "Campo Ramón": [
        -55.01901,
        -27.46108
    ],
    "Campo Grande": [
        -54.97977,
        -27.2077
    ],
    "Campana": [
        -58.95914,
        -34.16874
    ],
    "Buenos Aires": [
        -58.37723,
        -34.61315
    ],
    "Bovril": [
        -59.44512,
        -31.34311
    ],
    "Bonpland": [
        -55.47756,
        -27.48218
    ],
    "Bernardo de Irigoyen": [
        -53.64581,
        -26.2552
    ],
    "Basail": [
        -59.3,
        -27.86667
    ],
    "Barranqueras": [
        -58.93579,
        -27.48299
    ],
    "Azul": [
        -59.85854,
        -36.77698
    ],
    "Azara": [
        -55.67797,
        -28.0616
    ],
    "Avellaneda": [
        -58.36744,
        -34.66018
    ],
    "Arroyo del Medio": [
        -55.41667,
        -27.7
    ],
    "Aristóbulo del Valle": [
        -54.89626,
        -27.09625
    ],
    "Apóstoles": [
        -55.75355,
        -27.91421
    ],
    "Alvear": [
        -56.55043,
        -29.09683
    ],
    "Almafuerte": [
        -64.25559,
        -32.19296
    ],
    "Aldea San Antonio": [
        -58.70333,
        -32.62376
    ],
    "Alba Posse": [
        -54.68262,
        -27.56978
    ],
    "Guernica": [
        -58.38694,
        -34.91722
    ],
    "Zonda": [
        -68.73333,
        -31.55
    ],
    "Zapala": [
        -70.05442,
        -38.89916
    ],
    "Yuto": [
        -64.47194,
        -23.64342
    ],
    "Yerba Buena": [
        -65.31667,
        -26.81667
    ],
    "Yacimiento Río Turbio": [
        -72.3508,
        -51.57321
    ],
    "Winifreda": [
        -64.23388,
        -36.22643
    ],
    "Wenceslao Escalante": [
        -62.77078,
        -33.17303
    ],
    "Vista Alegre": [
        -68.18333,
        -38.75
    ],
    "Vinchina": [
        -68.20692,
        -28.75964
    ],
    "Villa Valeria": [
        -64.9203,
        -34.34093
    ],
    "Villa Urquiza": [
        -60.3748,
        -31.64731
    ],
    "Villa Tulumba": [
        -64.1224,
        -30.39552
    ],
    "Villa Trinidad": [
        -61.87597,
        -30.21329
    ],
    "Villa Rumipal": [
        -64.48027,
        -32.1879
    ],
    "Villa Regina": [
        -67.06667,
        -39.1
    ],
    "Villa Reducción": [
        -63.86234,
        -33.20105
    ],
    "Villa Paula de Sarmiento": [
        -68.53838,
        -31.4933
    ],
    "Villa Ojo de Agua": [
        -63.69377,
        -29.50003
    ],
    "Villa Nueva": [
        -63.24763,
        -32.43293
    ],
    "Villa María": [
        -63.24016,
        -32.40751
    ],
    "Villa Las Rosas": [
        -65.05354,
        -31.95021
    ],
    "Villa La Angostura": [
        -71.64631,
        -40.76173
    ],
    "Villa Huidobro": [
        -64.58686,
        -34.83826
    ],
    "Villa Giardino": [
        -64.48333,
        -31.03333
    ],
    "Villa General Mitre": [
        -62.65248,
        -29.1431
    ],
    "Villa General Belgrano": [
        -64.5559,
        -31.97542
    ],
    "Villa Dolores": [
        -65.18958,
        -31.94585
    ],
    "Villa de Soto": [
        -64.99947,
        -30.85523
    ],
    "Villa del Totoral": [
        -63.71667,
        -30.81667
    ],
    "Villa del Dique": [
        -64.45543,
        -32.17667
    ],
    "Villa Cura Brochero": [
        -65.01796,
        -31.70578
    ],
    "Villa Constitución": [
        -60.3297,
        -33.22778
    ],
    "Villa Concepción del Tío": [
        -62.81354,
        -31.32259
    ],
    "Villa Carlos Paz": [
        -64.49778,
        -31.42414
    ],
    "Villa Cañás": [
        -61.60757,
        -34.00565
    ],
    "Villa Bustos": [
        -67.03308,
        -29.28483
    ],
    "Villa Berthet": [
        -60.41263,
        -27.29174
    ],
    "Villa Atamisqui": [
        -63.81609,
        -28.49609
    ],
    "Villa Ascasubi": [
        -63.89157,
        -32.16351
    ],
    "Villa Ángela": [
        -60.71526,
        -27.57383
    ],
    "Villa Allende": [
        -64.29538,
        -31.29458
    ],
    "Viedma": [
        -62.99668,
        -40.81345
    ],
    "Vicuña Mackenna": [
        -64.39215,
        -33.91965
    ],
    "Victorica": [
        -65.43586,
        -36.21505
    ],
    "Victoria": [
        -60.15478,
        -32.61841
    ],
    "Viamonte": [
        -63.09764,
        -33.74647
    ],
    "Viale": [
        -60.00722,
        -31.86782
    ],
    "Vera": [
        -60.21261,
        -29.4593
    ],
    "Venado Tuerto": [
        -61.96884,
        -33.74556
    ],
    "28 de Noviembre": [
        -72.21382,
        -51.5839
    ],
    "Valle Hermoso": [
        -64.48084,
        -31.11732
    ],
    "Valcheta": [
        -66.15,
        -40.7
    ],
    "Ushuaia": [
        -68.3,
        -54.8
    ],
    "Uriburu": [
        -63.86226,
        -36.50682
    ],
    "Unquillo": [
        -64.31615,
        -31.23073
    ],
    "Unión": [
        -65.94602,
        -35.15282
    ],
    "Ucacha": [
        -63.50666,
        -33.03203
    ],
    "Trevelin": [
        -71.46386,
        -43.0858
    ],
    "Tres Lomas": [
        -62.86047,
        -36.45722
    ],
    "Tres Isletas": [
        -60.43207,
        -26.34066
    ],
    "Tres Arroyos": [
        -60.27978,
        -38.37394
    ],
    "Trenel": [
        -64.13218,
        -35.69837
    ],
    "Trelew": [
        -65.30505,
        -43.24895
    ],
    "Trancas": [
        -65.28025,
        -26.23135
    ],
    "Totoras": [
        -61.16852,
        -32.5844
    ],
    "Tostado": [
        -61.76917,
        -29.23202
    ],
    "Toledo": [
        -64.00947,
        -31.55574
    ],
    "Tío Pujio": [
        -63.35598,
        -32.2879
    ],
    "Tintina": [
        -62.71667,
        -27.03333
    ],
    "Tinogasta": [
        -67.56488,
        -28.06319
    ],
    "Tilisarao": [
        -65.29109,
        -32.73292
    ],
    "Tilcara": [
        -65.3509,
        -23.57757
    ],
    "Ticino": [
        -63.43606,
        -32.6935
    ],
    "Termas de Río Hondo": [
        -64.86042,
        -27.49983
    ],
    "Telén": [
        -65.51018,
        -36.26429
    ],
    "Tartagal": [
        -63.80131,
        -22.51636
    ],
    "Tancacha": [
        -63.9807,
        -32.24309
    ],
    "Tafí Viejo": [
        -65.25921,
        -26.73201
    ],
    "Tafí del Valle": [
        -65.70983,
        -26.85275
    ],
    "Taco Pozo": [
        -63.28333,
        -25.61667
    ],
    "Suncho Corral": [
        -63.42938,
        -27.93357
    ],
    "Sunchales": [
        -61.56148,
        -30.94404
    ],
    "Sumampa": [
        -63.46906,
        -29.3847
    ],
    "Simoca": [
        -65.35647,
        -27.26272
    ],
    "Sierra Grande": [
        -65.35574,
        -41.60602
    ],
    "Sierra Colorada": [
        -67.75674,
        -40.58487
    ],
    "Serrezuela": [
        -65.38692,
        -30.63761
    ],
    "Serrano": [
        -63.53842,
        -34.46971
    ],
    "Senillosa": [
        -68.41667,
        -39
    ],
    "Seguí": [
        -60.12488,
        -31.95642
    ],
    "Sebastián Elcano": [
        -63.5936,
        -30.16105
    ],
    "Saturnino M. Laspiur": [
        -62.48202,
        -31.70287
    ],
    "Sastre": [
        -61.82886,
        -31.76762
    ],
    "Sarmiento": [
        -69.06996,
        -45.58815
    ],
    "Santiago Temple": [
        -63.41821,
        -31.38731
    ],
    "Santiago del Estero": [
        -64.26149,
        -27.79511
    ],
    "Santa Sylvina": [
        -61.13747,
        -27.83261
    ],
    "Santa Rosa de Tastil": [
        -65.97452,
        -24.45166
    ],
    "Santa Rosa de Río Primero": [
        -63.40191,
        -31.15231
    ],
    "Santa Rosa del Conlara": [
        -65.20323,
        -32.34286
    ],
    "Santa Rosa de Calamuchita": [
        -64.53631,
        -32.06905
    ],
    "Santa Magdalena": [
        -63.94409,
        -34.51776
    ],
    "Santa Isabel": [
        -66.9424,
        -36.22724
    ],
    "Santa Fe de la Vera Cruz": [
        -60.7,
        -31.63333
    ],
    "Santa Eufemia": [
        -63.28281,
        -33.17658
    ],
    "Santa Clara": [
        -64.66253,
        -24.30921
    ],
    "San Salvador de Jujuy": [
        -65.29712,
        -24.19456
    ],
    "San Ramón de la Nueva Orán": [
        -64.32426,
        -23.13705
    ],
    "San Rafael": [
        -68.33007,
        -34.61772
    ],
    "San Nicolás de los Arroyos": [
        -60.22523,
        -33.33578
    ],
    "San Miguel de Tucumán": [
        -65.2226,
        -26.82414
    ],
    "San Martín de los Andes": [
        -71.34865,
        -40.16038
    ],
    "San Martín": [
        -68.35273,
        -31.51599
    ],
    "San Luis": [
        -66.33563,
        -33.29501
    ],
    "San Juan": [
        -68.53639,
        -31.5375
    ],
    "San José de la Dormida": [
        -63.94872,
        -30.3544
    ],
    "San José de Jáchal": [
        -68.74693,
        -30.24057
    ],
    "San Jorge": [
        -61.85984,
        -31.89618
    ],
    "San Francisco del Monte de Oro": [
        -66.12539,
        -32.59825
    ],
    "San Francisco del Chañar": [
        -63.93861,
        -29.78991
    ],
    "San Francisco": [
        -62.08266,
        -31.42797
    ],
    "San Fernando del Valle de Catamarca": [
        -65.78524,
        -28.46957
    ],
    "San Cristóbal": [
        -61.23724,
        -30.31053
    ],
    "San Carlos Centro": [
        -61.09192,
        -31.72864
    ],
    "San Bernardo": [
        -60.71252,
        -27.28782
    ],
    "San Benito": [
        -60.44156,
        -31.78371
    ],
    "San Basilio": [
        -64.31495,
        -33.49763
    ],
    "San Antonio Oeste": [
        -64.94769,
        -40.73193
    ],
    "San Antonio de los Cobres": [
        -66.31877,
        -24.21804
    ],
    "San Antonio de Litín": [
        -62.63237,
        -32.21377
    ],
    "San Antonio": [
        -65.71218,
        -28.00927
    ],
    "San Agustín de Valle Fértil": [
        -67.46821,
        -30.63353
    ],
    "San Agustín": [
        -64.374,
        -31.97681
    ],
    "Samuhú": [
        -60.39167,
        -27.52116
    ],
    "Sampacho": [
        -64.72211,
        -33.3839
    ],
    "Salta": [
        -65.41166,
        -24.7859
    ],
    "Salsipuedes": [
        -64.29589,
        -31.13724
    ],
    "Salsacate": [
        -65.08529,
        -31.31649
    ],
    "Saldán": [
        -64.307,
        -31.30262
    ],
    "Sacanta": [
        -63.04505,
        -31.663
    ],
    "Rufino": [
        -62.71262,
        -34.26827
    ],
    "Rosario": [
        -60.63932,
        -32.94682
    ],
    "Roldán": [
        -60.90681,
        -32.89846
    ],
    "Río Tercero": [
        -64.11406,
        -32.17301
    ],
    "Río Segundo": [
        -63.9099,
        -31.6526
    ],
    "Río Pico": [
        -71.36847,
        -44.17904
    ],
    "Río Mayo": [
        -70.25797,
        -45.68573
    ],
    "Río Gallegos": [
        -69.21813,
        -51.62261
    ],
    "Río Cuarto": [
        -64.34992,
        -33.13067
    ],
    "Río Ceballos": [
        -64.32241,
        -31.16486
    ],
    "Recreo": [
        -65.06096,
        -29.28184
    ],
    "Realicó": [
        -64.2447,
        -35.03658
    ],
    "Rawson": [
        -65.10228,
        -43.30016
    ],
    "Rancul": [
        -64.68107,
        -35.06862
    ],
    "Rafaela": [
        -61.4867,
        -31.25033
    ],
    "Rada Tilly": [
        -67.53333,
        -45.93333
    ],
    "Quitilipi": [
        -60.21683,
        -26.86913
    ],
    "Quimilí": [
        -62.41667,
        -27.63333
    ],
    "Quilino": [
        -64.50063,
        -30.21397
    ],
    "Quemú Quemú": [
        -63.56428,
        -36.05463
    ],
    "Punta Alta": [
        -62.07359,
        -38.87588
    ],
    "Puerto Santa Cruz": [
        -68.52321,
        -50.0191
    ],
    "San Julián": [
        -67.72743,
        -49.30554
    ],
    "Puerto Madryn": [
        -65.03851,
        -42.7692
    ],
    "Puerto Deseado": [
        -65.89382,
        -47.75034
    ],
    "Puerta de Corral Quemado": [
        -66.93635,
        -27.23
    ],
    "Presidencia Roque Sáenz Peña": [
        -60.43876,
        -26.78522
    ],
    "Pozo del Tigre": [
        -60.32359,
        -24.89682
    ],
    "Pozo del Molle": [
        -62.91984,
        -32.0186
    ],
    "Porteña": [
        -62.0665,
        -31.01391
    ],
    "Pomán": [
        -66.22052,
        -28.39455
    ],
    "Pocito": [
        -68.58333,
        -31.68333
    ],
    "Plottier": [
        -68.23333,
        -38.96667
    ],
    "Plaza Huincul": [
        -69.20863,
        -38.92598
    ],
    "Piquillín": [
        -63.75788,
        -31.30158
    ],
    "Pilcaniyeu": [
        -70.72914,
        -41.11881
    ],
    "Pilar": [
        -63.87964,
        -31.6789
    ],
    "Piedra del Águila": [
        -70.0741,
        -40.04811
    ],
    "Picún Leufú": [
        -69.27966,
        -39.52351
    ],
    "Pico Truncado": [
        -67.95731,
        -46.7949
    ],
    "Perito Moreno": [
        -70.92975,
        -46.58994
    ],
    "Pergamino": [
        -60.57357,
        -33.88995
    ],
    "Pérez": [
        -60.76791,
        -32.99835
    ],
    "Pasco": [
        -63.34232,
        -32.74733
    ],
    "Pascanas": [
        -63.04084,
        -33.1255
    ],
    "Parera": [
        -64.50089,
        -35.146
    ],
    "Paraná": [
        -60.5238,
        -31.73197
    ],
    "Pampa de los Guanacos": [
        -61.85,
        -26.23333
    ],
    "Pampa del Infierno": [
        -61.17436,
        -26.50517
    ],
    "Palpalá": [
        -65.21163,
        -24.25648
    ],
    "Palma Sola": [
        -64.29872,
        -23.96336
    ],
    "Oro Verde": [
        -60.51749,
        -31.82508
    ],
    "Ordóñez": [
        -62.86552,
        -32.84057
    ],
    "Oncativo": [
        -63.68201,
        -31.91353
    ],
    "Oliva": [
        -63.56978,
        -32.04158
    ],
    "Olavarría": [
        -60.32254,
        -36.89272
    ],
    "Obispo Trejo": [
        -63.41348,
        -30.78128
    ],
    "Noetinger": [
        -62.31126,
        -32.36597
    ],
    "Neuquén": [
        -68.0591,
        -38.95161
    ],
    "Naschel": [
        -65.37535,
        -32.91656
    ],
    "Napenay": [
        -60.61667,
        -26.73333
    ],
    "Mutquín": [
        -66.14253,
        -28.32104
    ],
    "Morteros": [
        -61.99862,
        -30.71164
    ],
    "Morrison": [
        -62.83455,
        -32.5948
    ],
    "Monteros": [
        -65.49832,
        -27.16742
    ],
    "Monte Maíz": [
        -62.60085,
        -33.20462
    ],
    "Monte Hermoso": [
        -61.29472,
        -38.9825
    ],
    "Monte Cristo": [
        -63.94437,
        -31.34312
    ],
    "Monte Buey": [
        -62.45668,
        -32.91642
    ],
    "Miramar": [
        -62.67814,
        -30.91858
    ],
    "Mina Clavero": [
        -65.00619,
        -31.721
    ],
    "Miguel Riglos": [
        -63.68842,
        -36.85398
    ],
    "Merlo": [
        -65.01396,
        -32.34288
    ],
    "Mendoza": [
        -68.82717,
        -32.89084
    ],
    "Mendiolaza": [
        -64.30087,
        -31.26738
    ],
    "Mattaldi": [
        -64.17255,
        -34.48194
    ],
    "Marull": [
        -62.82576,
        -30.99471
    ],
    "Mariano Moreno": [
        -70.02367,
        -38.75029
    ],
    "Marcos Juárez": [
        -62.10672,
        -32.6978
    ],
    "Maquinchao": [
        -68.73333,
        -41.25
    ],
    "Malvinas Argentinas": [
        -64.06667,
        -31.38333
    ],
    "Malagueño": [
        -64.3584,
        -31.46467
    ],
    "Mainque": [
        -67.3,
        -39.06667
    ],
    "Maimará": [
        -65.40797,
        -23.62392
    ],
    "Machagai": [
        -60.04956,
        -26.92614
    ],
    "Macachín": [
        -63.6665,
        -37.13598
    ],
    "Los Varela": [
        -65.8655,
        -27.95482
    ],
    "Los Telares": [
        -63.44889,
        -28.98479
    ],
    "Los Surgentes": [
        -62.02191,
        -32.98454
    ],
    "Los Menucos": [
        -68.08718,
        -40.84402
    ],
    "Los Juríes": [
        -62.10862,
        -28.46539
    ],
    "Los Frentones": [
        -61.41368,
        -26.4077
    ],
    "Los Cóndores": [
        -64.27752,
        -32.31984
    ],
    "Los Antiguos": [
        -71.63086,
        -46.54972
    ],
    "Los Altos": [
        -65.49946,
        -28.04845
    ],
    "Lonquimay": [
        -63.62429,
        -36.46546
    ],
    "Londres": [
        -67.13349,
        -27.71439
    ],
    "Loncopué": [
        -70.61609,
        -38.07284
    ],
    "Lincoln": [
        -61.5302,
        -34.86649
    ],
    "Libertador General San Martín": [
        -64.78757,
        -23.80644
    ],
    "Leones": [
        -62.29678,
        -32.66174
    ],
    "La Toma": [
        -65.62385,
        -33.05258
    ],
    "La Tigra": [
        -60.58719,
        -27.10996
    ],
    "Las Varillas": [
        -62.71946,
        -31.87208
    ],
    "Las Varas": [
        -62.61655,
        -31.8026
    ],
    "Las Rosas": [
        -61.58041,
        -32.47661
    ],
    "Las Perdices": [
        -63.70634,
        -32.69794
    ],
    "Las Parejas": [
        -61.51637,
        -32.68478
    ],
    "Las Ovejas": [
        -70.74991,
        -36.98881
    ],
    "Las Lomitas": [
        -60.59303,
        -24.70955
    ],
    "Las Lajitas": [
        -64.25,
        -24.68333
    ],
    "Las Lajas": [
        -70.36744,
        -38.52322
    ],
    "Las Junturas": [
        -63.45016,
        -31.83125
    ],
    "Las Higueras": [
        -64.289,
        -33.09231
    ],
    "Las Heras": [
        -68.93593,
        -46.54186
    ],
    "Las Breñas": [
        -61.08161,
        -27.08966
    ],
    "Las Acequias": [
        -63.9761,
        -33.28155
    ],
    "La Rioja": [
        -66.85067,
        -29.41105
    ],
    "La Quiaca": [
        -65.59299,
        -22.10236
    ],
    "La Puerta de San José": [
        -67.01667,
        -27.55
    ],
    "La Playosa": [
        -63.03088,
        -32.10002
    ],
    "La Para": [
        -63.00107,
        -30.89416
    ],
    "La Mendieta": [
        -64.96377,
        -24.31187
    ],
    "La Maruja": [
        -64.93997,
        -35.6736
    ],
    "Lamarque": [
        -65.70208,
        -39.42304
    ],
    "Laguna Yema": [
        -61.24466,
        -24.25391
    ],
    "Laguna Paiva": [
        -60.65894,
        -31.30391
    ],
    "Laguna Larga": [
        -63.80104,
        -31.77652
    ],
    "La Granja": [
        -64.26869,
        -31.00919
    ],
    "Lago Puelo": [
        -71.61405,
        -42.08095
    ],
    "La Francia": [
        -62.63396,
        -31.40675
    ],
    "La Falda": [
        -64.48987,
        -31.08841
    ],
    "La Cumbre": [
        -64.49139,
        -30.98201
    ],
    "La Cocha": [
        -65.57035,
        -27.77729
    ],
    "La Clotilde": [
        -60.66667,
        -27.13333
    ],
    "La Cesira": [
        -62.97238,
        -33.95115
    ],
    "La Carlota": [
        -63.29769,
        -33.41993
    ],
    "La Calera": [
        -64.33529,
        -31.34377
    ],
    "Laboulaye": [
        -63.39119,
        -34.12662
    ],
    "Laborde": [
        -62.85661,
        -33.15319
    ],
    "Justo Daract": [
        -65.18277,
        -33.8594
    ],
    "Justiniano Posse": [
        -62.67788,
        -32.88411
    ],
    "Junín de los Andes": [
        -71.06936,
        -39.95043
    ],
    "Junín": [
        -60.94332,
        -34.58382
    ],
    "José de San Martín": [
        -70.46967,
        -44.05032
    ],
    "Joaquín V. González": [
        -64.18333,
        -25.08333
    ],
    "Jesús María": [
        -64.09424,
        -30.98153
    ],
    "James Craik": [
        -63.46688,
        -32.1612
    ],
    "Jacinto Arauz": [
        -63.43169,
        -38.08606
    ],
    "Italó": [
        -63.78199,
        -34.79237
    ],
    "Isla Verde": [
        -62.40297,
        -33.24104
    ],
    "Intendente Alvear": [
        -63.59205,
        -35.23383
    ],
    "Inriville": [
        -62.23028,
        -32.94424
    ],
    "Ingenio La Esperanza": [
        -64.83896,
        -24.22554
    ],
    "Ingeniero Luis A. Huergo": [
        -67.23333,
        -39.08333
    ],
    "Ingeniero Luiggi": [
        -64.46519,
        -35.38585
    ],
    "Ingeniero Jacobacci": [
        -69.54479,
        -41.34269
    ],
    "Ingeniero Guillermo N. Juárez": [
        -61.85,
        -23.9
    ],
    "Idiazábal": [
        -63.03252,
        -32.81411
    ],
    "Icaño": [
        -65.32817,
        -28.91934
    ],
    "Humahuaca": [
        -65.35048,
        -23.20544
    ],
    "Huinca Renancó": [
        -64.3758,
        -34.84038
    ],
    "Huillapima": [
        -65.9787,
        -28.72533
    ],
    "Huerta Grande": [
        -64.49063,
        -31.07524
    ],
    "Huanchillas": [
        -63.63701,
        -33.66652
    ],
    "Hualfín": [
        -66.83131,
        -27.22896
    ],
    "Hoyo de Epuyén": [
        -71.50811,
        -42.07189
    ],
    "Hersilia": [
        -61.8408,
        -30.00447
    ],
    "Hernando": [
        -63.73333,
        -32.42657
    ],
    "Hernández": [
        -60.0216,
        -32.3373
    ],
    "Hermoso Campo": [
        -61.34441,
        -27.60816
    ],
    "Guatraché": [
        -63.53022,
        -37.66776
    ],
    "Guatimozín": [
        -62.43844,
        -33.4615
    ],
    "Graneros": [
        -65.4383,
        -27.64934
    ],
    "Granadero Baigorria": [
        -60.71754,
        -32.85683
    ],
    "Gobernador Gálvez": [
        -60.64045,
        -33.03016
    ],
    "Gobernador Costa": [
        -70.59798,
        -44.04992
    ],
    "General San Martín": [
        -63.60449,
        -37.97904
    ],
    "General Roca": [
        -61.91599,
        -32.73196
    ],
    "General Ramírez": [
        -60.20079,
        -32.17601
    ],
    "General Pinedo": [
        -61.28333,
        -27.31667
    ],
    "General Pico": [
        -63.75682,
        -35.65662
    ],
    "General Manuel J. Campos": [
        -63.58537,
        -37.46025
    ],
    "General Levalle": [
        -63.92413,
        -34.01472
    ],
    "General Fernández Oro": [
        -67.92489,
        -38.95297
    ],
    "General Enrique Mosconi": [
        -63.81255,
        -22.59588
    ],
    "General Enrique Godoy": [
        -67.15,
        -39.08333
    ],
    "General Conesa": [
        -64.43333,
        -40.1
    ],
    "General Cabrera": [
        -63.87243,
        -32.81313
    ],
    "General Baldissera": [
        -62.3063,
        -33.12246
    ],
    "General Acha": [
        -64.60431,
        -37.37698
    ],
    "Gancedo": [
        -61.67571,
        -27.49038
    ],
    "Gálvez": [
        -61.22103,
        -32.02927
    ],
    "Gaimán": [
        -65.4929,
        -43.2897
    ],
    "Funes": [
        -60.80995,
        -32.91568
    ],
    "Fray Luis Beltrán": [
        -65.76667,
        -39.31667
    ],
    "Fray Luis A. Beltrán": [
        -60.72819,
        -32.79122
    ],
    "Fraile Pintado": [
        -64.79943,
        -23.94079
    ],
    "Firmat": [
        -61.4832,
        -33.45937
    ],
    "Fiambalá": [
        -67.6149,
        -27.68705
    ],
    "Famaillá": [
        -65.40329,
        -27.05413
    ],
    "Etruria": [
        -63.2466,
        -32.94008
    ],
    "Estanislao del Campo": [
        -60.09218,
        -25.05504
    ],
    "Esquel": [
        -71.31947,
        -42.91147
    ],
    "Esperanza": [
        -60.93173,
        -31.4488
    ],
    "Embarcación": [
        -64.09605,
        -23.20898
    ],
    "Embalse": [
        -64.41809,
        -32.18
    ],
    "Embajador Martini": [
        -64.28092,
        -35.38633
    ],
    "El Trébol": [
        -61.7014,
        -32.2008
    ],
    "El Tío": [
        -62.82938,
        -31.38357
    ],
    "El Rodeo": [
        -65.8742,
        -28.21518
    ],
    "El Quebrachal": [
        -64.06667,
        -25.28333
    ],
    "El Maitén": [
        -71.16693,
        -42.04924
    ],
    "El Huecú": [
        -70.58006,
        -37.64522
    ],
    "El Hoyo": [
        -63.23197,
        -27.02872
    ],
    "El Galpón": [
        -64.65259,
        -25.38069
    ],
    "Elena": [
        -64.39481,
        -32.57205
    ],
    "El Carril": [
        -65.49174,
        -25.0741
    ],
    "El Calafate": [
        -72.27682,
        -50.34075
    ],
    "El Bolsón": [
        -71.53336,
        -41.96051
    ],
    "El Arañado": [
        -62.89322,
        -31.7412
    ],
    "El Aguilar": [
        -65.69213,
        -23.22582
    ],
    "Eduardo Castex": [
        -64.29448,
        -35.91501
    ],
    "Dolavón": [
        -65.7,
        -43.3
    ],
    "Doblas": [
        -64.01183,
        -37.14967
    ],
    "Diamante": [
        -60.63836,
        -32.06641
    ],
    "Devoto": [
        -62.30634,
        -31.40431
    ],
    "Despeñaderos": [
        -64.28989,
        -31.81626
    ],
    "Del Campillo": [
        -64.49504,
        -34.37659
    ],
    "Deán Funes": [
        -64.34984,
        -30.42036
    ],
    "Darwin": [
        -65.76667,
        -39.2
    ],
    "Dalmacio Vélez Sársfield": [
        -63.58038,
        -32.61072
    ],
    "Cutral-Có": [
        -69.23052,
        -38.93424
    ],
    "Cruz del Eje": [
        -64.80387,
        -30.72644
    ],
    "Cruz Alta": [
        -61.80746,
        -33.00887
    ],
    "Crespo": [
        -60.30658,
        -32.02873
    ],
    "Costa Sacate": [
        -63.75935,
        -31.6477
    ],
    "Cosquín": [
        -64.46563,
        -31.24508
    ],
    "Corzuela": [
        -60.96928,
        -26.95374
    ],
    "Corralito": [
        -64.19216,
        -32.02462
    ],
    "Corral de Bustos": [
        -62.18463,
        -33.28205
    ],
    "Coronel Suárez": [
        -61.93343,
        -37.45467
    ],
    "Coronel Moldes": [
        -64.59711,
        -33.6227
    ],
    "Coronel Du Graty": [
        -60.91462,
        -27.68038
    ],
    "Coronel Dorrego": [
        -61.28732,
        -38.71867
    ],
    "Coronel Belisle": [
        -65.98333,
        -39.18333
    ],
    "Coronel Baigorria": [
        -64.36107,
        -32.8477
    ],
    "Coronda": [
        -60.91982,
        -31.97263
    ],
    "Córdoba": [
        -64.18105,
        -31.4135
    ],
    "Contraalmirante Cordero": [
        -68.15284,
        -38.72423
    ],
    "Concepción del Bermejo": [
        -60.94617,
        -26.59926
    ],
    "Concarán": [
        -65.2427,
        -32.56009
    ],
    "Comodoro Rivadavia": [
        -67.49656,
        -45.86414
    ],
    "Comandante Luis Piedra Buena": [
        -68.91467,
        -49.98513
    ],
    "Comallo": [
        -70.26784,
        -41.02993
    ],
    "Colonia San Bartolomé": [
        -62.72436,
        -31.5278
    ],
    "Colonia La Tordilla": [
        -63.06134,
        -31.23746
    ],
    "Colonia Dora": [
        -62.95,
        -28.6
    ],
    "Colonia Barón": [
        -63.85404,
        -36.15152
    ],
    "Clodomira": [
        -64.13108,
        -27.5744
    ],
    "Cipolletti": [
        -67.99032,
        -38.93392
    ],
    "Cintra": [
        -62.65214,
        -32.30673
    ],
    "Cinco Saltos": [
        -68.06293,
        -38.82224
    ],
    "Chos Malal": [
        -70.27085,
        -37.37809
    ],
    "Chorotis": [
        -61.39982,
        -27.91578
    ],
    "Choele Choel": [
        -65.68333,
        -39.26667
    ],
    "Chivilcoy": [
        -60.01667,
        -34.89566
    ],
    "Chimpay": [
        -66.14236,
        -39.16482
    ],
    "Chimbas": [
        -68.53333,
        -31.48333
    ],
    "Chilecito": [
        -67.4974,
        -29.16195
    ],
    "Chicoana": [
        -65.5331,
        -25.10088
    ],
    "Chichinales": [
        -66.92714,
        -39.11505
    ],
    "Chazón": [
        -63.27657,
        -33.07872
    ],
    "Charras": [
        -64.04719,
        -33.024
    ],
    "Charata": [
        -61.18795,
        -27.21438
    ],
    "Chamical": [
        -66.31399,
        -30.36002
    ],
    "Chacabuco": [
        -60.47389,
        -34.64167
    ],
    "Cervantes": [
        -67.38333,
        -39.05
    ],
    "Ceres": [
        -61.94504,
        -29.881
    ],
    "Centenario": [
        -68.1318,
        -38.82955
    ],
    "Cavanagh": [
        -62.33888,
        -33.47606
    ],
    "Caucete": [
        -68.28105,
        -31.65179
    ],
    "Catriló": [
        -63.42168,
        -36.40598
    ],
    "Catriel": [
        -67.7956,
        -37.87907
    ],
    "Castro Barros": [
        -65.72696,
        -30.57952
    ],
    "Castelli": [
        -60.61947,
        -25.94679
    ],
    "Casilda": [
        -61.16806,
        -33.04417
    ],
    "Carrilobo": [
        -63.11716,
        -31.87296
    ],
    "Carnerillo": [
        -64.02175,
        -32.9137
    ],
    "Carhué": [
        -62.75792,
        -37.17668
    ],
    "Carcarañá": [
        -61.15331,
        -32.85679
    ],
    "Capitán Bermúdez": [
        -60.71852,
        -32.82262
    ],
    "Capilla del Monte": [
        -64.52515,
        -30.86088
    ],
    "Capayán": [
        -66.05024,
        -28.76105
    ],
    "Canals": [
        -62.88927,
        -33.56542
    ],
    "Cañada de Luque": [
        -63.72376,
        -30.73341
    ],
    "Cañada de Gómez": [
        -61.39493,
        -32.81636
    ],
    "Campo Quijano": [
        -65.63656,
        -24.90982
    ],
    "Campo Largo": [
        -60.84215,
        -26.80077
    ],
    "Campo Gallo": [
        -62.85,
        -26.58333
    ],
    "Camilo Aldao": [
        -62.09453,
        -33.12745
    ],
    "Camarones": [
        -65.70994,
        -44.79709
    ],
    "Calingasta": [
        -69.40783,
        -31.33084
    ],
    "Calilegua": [
        -64.77002,
        -23.77368
    ],
    "Caleufú": [
        -64.55778,
        -35.59559
    ],
    "Caleta Olivia": [
        -67.52814,
        -46.43929
    ],
    "Calchaquí": [
        -60.28696,
        -29.88767
    ],
    "Caimancito": [
        -64.5937,
        -23.7407
    ],
    "Cafayate": [
        -65.97614,
        -26.07295
    ],
    "Cachí": [
        -66.16519,
        -25.12033
    ],
    "Buta Ranquil": [
        -69.87713,
        -37.05222
    ],
    "Burruyacú": [
        -64.74206,
        -26.49918
    ],
    "Buena Esperanza": [
        -65.2538,
        -34.75647
    ],
    "Buchardo": [
        -63.5092,
        -34.72263
    ],
    "Brinkmann": [
        -62.03742,
        -30.8659
    ],
    "Berrotarán": [
        -64.38867,
        -32.451
    ],
    "Bernasconi": [
        -63.7424,
        -37.90459
    ],
    "Bernardo Larroudé": [
        -63.58253,
        -35.02449
    ],
    "Beltrán": [
        -64.06098,
        -27.82913
    ],
    "Bell Ville": [
        -62.68873,
        -32.62591
    ],
    "Bella Vista": [
        -65.30315,
        -27.03084
    ],
    "Barrancas": [
        -69.91667,
        -36.81667
    ],
    "Balnearia": [
        -62.66733,
        -31.0088
    ],
    "Bahía Blanca": [
        -62.27243,
        -38.7196
    ],
    "Aviá Terai": [
        -60.7292,
        -26.68532
    ],
    "Arrufó": [
        -61.72862,
        -30.23281
    ],
    "Arroyo Seco": [
        -60.50863,
        -33.15489
    ],
    "Arroyo Cabral": [
        -63.40126,
        -32.49119
    ],
    "Arroyito": [
        -63.05002,
        -31.42022
    ],
    "Armstrong": [
        -61.60222,
        -32.78215
    ],
    "Arias": [
        -62.40272,
        -33.64411
    ],
    "Arauco": [
        -66.79438,
        -28.5805
    ],
    "Arata": [
        -64.35621,
        -35.63895
    ],
    "Aranguren": [
        -60.16107,
        -32.24252
    ],
    "Apolinario Saravia": [
        -63.99535,
        -24.43276
    ],
    "Anguil": [
        -64.01025,
        -36.52567
    ],
    "Añelo": [
        -68.7884,
        -38.35441
    ],
    "Andalgalá": [
        -66.31646,
        -27.58195
    ],
    "Andacollo": [
        -70.66912,
        -37.17945
    ],
    "Ancasti": [
        -65.50145,
        -28.81247
    ],
    "Añatuya": [
        -62.83472,
        -28.46064
    ],
    "Aluminé": [
        -70.9197,
        -39.23686
    ],
    "Altos de Chipión": [
        -62.33727,
        -30.9559
    ],
    "Alto Río Senguer": [
        -70.81982,
        -45.04105
    ],
    "Alta Italia": [
        -64.11496,
        -35.3335
    ],
    "Alta Gracia": [
        -64.42826,
        -31.65292
    ],
    "Alpachiri": [
        -63.77445,
        -37.37704
    ],
    "Allen": [
        -67.82714,
        -38.97736
    ],
    "Alejo Ledesma": [
        -62.62304,
        -33.60643
    ],
    "Alejandro Roca": [
        -63.71849,
        -33.35369
    ],
    "Alderetes": [
        -65.13333,
        -26.81667
    ],
    "Albardón": [
        -68.52556,
        -31.43722
    ],
    "Aguilares": [
        -65.61427,
        -27.4338
    ],
    "Agua de Oro": [
        -64.30017,
        -31.06661
    ],
    "Adelia María": [
        -64.02097,
        -33.63152
    ],
    "Achiras": [
        -64.99331,
        -33.17538
    ],
    "Abra Pampa": [
        -65.69697,
        -22.72049
    ],
    "Villa Santa Rita": [
        -58.481,
        -34.61082
    ],
    "Bella Italia": [
        -61.42396,
        -31.27268
    ],
    "Cariló": [
        -56.89133,
        -37.16524
    ],
    "Villa Mercedes": [
        -65.45783,
        -33.67571
    ],
    "La Punta": [
        -66.3127,
        -33.18368
    ],
    "Villa Berna": [
        -64.75651,
        -31.90321
    ],
    "Cuesta Blanca": [
        -64.5715,
        -31.48658
    ],
    "San Carlos de Bariloche": [
        -71.30822,
        -41.14557
    ],
    "Santa Catalina - Dique Lujan": [
        -58.70673,
        -34.38375
    ],
    "Río Turbio": [
        -72.33673,
        -51.53587
    ]
}