{
    "Beloslav": [
        27.7,
        43.18333
    ],
    "Zlatograd": [
        25.1,
        41.38333
    ],
    "Zlatitsa": [
        24.13333,
        42.71667
    ],
    "Zlataritsa": [
        25.9,
        43.05
    ],
    "Zemen": [
        22.74917,
        42.47889
    ],
    "Zelenikovo": [
        25.08333,
        42.4
    ],
    "Zavet": [
        26.66667,
        43.76667
    ],
    "Yambol": [
        26.5,
        42.48333
    ],
    "Yakoruda": [
        23.68417,
        42.02528
    ],
    "Yakimovo": [
        23.36778,
        43.64306
    ],
    "Yablanitsa": [
        24.11278,
        43.03139
    ],
    "Vŭrshets": [
        23.28611,
        43.19528
    ],
    "Vŭrbitsa": [
        26.63333,
        43
    ],
    "Vŭlchidol": [
        27.55,
        43.4
    ],
    "Vŭlchedrŭm": [
        23.44472,
        43.69639
    ],
    "Vratsa": [
        23.5625,
        43.21
    ],
    "Sveti Vlas": [
        27.75867,
        42.7136
    ],
    "Vidin": [
        22.8725,
        43.99
    ],
    "Vetrino": [
        27.43333,
        43.31667
    ],
    "Vetovo": [
        26.26667,
        43.7
    ],
    "Venets": [
        26.93333,
        43.55
    ],
    "Velingrad": [
        23.99569,
        42.02724
    ],
    "Veliko Tŭrnovo": [
        25.62904,
        43.08124
    ],
    "Varna": [
        27.91667,
        43.21667
    ],
    "Ugŭrchin": [
        24.41667,
        43.1
    ],
    "Tvŭrditsa": [
        25.9,
        42.7
    ],
    "Tutrakan": [
        26.61667,
        44.05
    ],
    "Targovishte": [
        26.57215,
        43.2512
    ],
    "Tsenovo": [
        25.65,
        43.53333
    ],
    "Tryavna": [
        25.5,
        42.86667
    ],
    "Trŭn": [
        22.65167,
        42.83528
    ],
    "Troyan": [
        24.71589,
        42.89427
    ],
    "Topolovgrad": [
        26.33333,
        42.08333
    ],
    "Dobrich": [
        27.83333,
        43.56667
    ],
    "Tochilari": [
        26.46667,
        43.85
    ],
    "Teteven": [
        24.26667,
        42.91667
    ],
    "Tervel": [
        27.4,
        43.75
    ],
    "Batanovtsi": [
        22.95056,
        42.59972
    ],
    "Svoge": [
        23.35,
        42.96667
    ],
    "Svishtov": [
        25.35044,
        43.61959
    ],
    "Svilengrad": [
        26.2,
        41.76667
    ],
    "Suvorovo": [
        27.6,
        43.33333
    ],
    "Sungurlare": [
        26.78333,
        42.76667
    ],
    "Sukhindol": [
        25.18111,
        43.19167
    ],
    "Sŭedinenie": [
        24.55,
        42.26667
    ],
    "Strumyani": [
        23.2,
        41.63333
    ],
    "Strelcha": [
        24.31667,
        42.5
    ],
    "Strazhitsa": [
        25.96667,
        43.23333
    ],
    "Straldzha": [
        26.68333,
        42.6
    ],
    "Stara Zagora": [
        25.64194,
        42.43278
    ],
    "Stara Kresna": [
        23.18333,
        41.8
    ],
    "Dupnitsa": [
        23.11667,
        42.26667
    ],
    "Stamboliyski": [
        24.53333,
        42.13333
    ],
    "Sozopol": [
        27.7,
        42.41667
    ],
    "Sofia": [
        23.32415,
        42.69751
    ],
    "Smyadovo": [
        27.01667,
        43.06667
    ],
    "Smolyan": [
        24.69194,
        41.58528
    ],
    "Slivo Pole": [
        26.2,
        43.95
    ],
    "Slivnitsa": [
        23.03333,
        42.85
    ],
    "Sliven": [
        26.32917,
        42.68583
    ],
    "Slavyanovo": [
        24.86667,
        43.46667
    ],
    "Sitovo": [
        27.01667,
        44.01667
    ],
    "Simitli": [
        23.11667,
        41.88333
    ],
    "Simeonovgrad": [
        25.83333,
        42.03333
    ],
    "Silistra": [
        27.26667,
        44.11667
    ],
    "Shumen": [
        26.92286,
        43.27064
    ],
    "Shipka": [
        25.33333,
        42.71667
    ],
    "Shabla": [
        28.53333,
        43.53333
    ],
    "Sevlievo": [
        25.11361,
        43.02583
    ],
    "Septemvri": [
        24.1,
        42.21667
    ],
    "Senovo": [
        26.36667,
        43.65
    ],
    "Satovcha": [
        23.98333,
        41.61667
    ],
    "Sapareva Banya": [
        23.26667,
        42.28333
    ],
    "Sandanski": [
        23.28333,
        41.56667
    ],
    "Samuil": [
        26.75,
        43.51667
    ],
    "Samokov": [
        23.55,
        42.33333
    ],
    "Sadovo": [
        24.93333,
        42.13333
    ],
    "Ruzhintsi": [
        22.83083,
        43.62333
    ],
    "Ruse": [
        25.97083,
        43.85639
    ],
    "Ruen": [
        27.28333,
        42.8
    ],
    "Rudozem": [
        24.85,
        41.48333
    ],
    "Roman": [
        23.91667,
        43.15
    ],
    "Rila": [
        23.13333,
        42.13333
    ],
    "Razlog": [
        23.46714,
        41.8863
    ],
    "Razgrad": [
        26.51667,
        43.53333
    ],
    "Ravda": [
        27.67681,
        42.64508
    ],
    "Rakovski": [
        24.96667,
        42.3
    ],
    "Rakitovo": [
        24.08333,
        41.98333
    ],
    "Radomir": [
        22.95778,
        42.54444
    ],
    "Radnevo": [
        25.93333,
        42.3
    ],
    "Pŭrvomaytsi": [
        25.65,
        43.15
    ],
    "Provadiya": [
        27.43333,
        43.18333
    ],
    "Primorsko": [
        27.76667,
        42.26667
    ],
    "Veliki Preslav": [
        26.81667,
        43.16667
    ],
    "Pravets": [
        23.91667,
        42.88333
    ],
    "Pordim": [
        24.85,
        43.38333
    ],
    "Popovo": [
        26.23333,
        43.35
    ],
    "Pomorie": [
        27.64393,
        42.55882
    ],
    "Polski Trŭmbesh": [
        25.64972,
        43.38361
    ],
    "Plovdiv": [
        24.75,
        42.15
    ],
    "Pliska": [
        27.11667,
        43.36667
    ],
    "Pleven": [
        24.61667,
        43.41667
    ],
    "Pirdop": [
        24.18333,
        42.7
    ],
    "Petrich": [
        23.21667,
        41.4
    ],
    "Peshtera": [
        24.3,
        42.03333
    ],
    "Perushtitsa": [
        24.55,
        42.05
    ],
    "Pernik": [
        23.03333,
        42.6
    ],
    "Iskŭr": [
        24.26667,
        43.45
    ],
    "Pazardzhik": [
        24.33333,
        42.2
    ],
    "Pavlikeni": [
        25.32194,
        43.24278
    ],
    "Pavel Banya": [
        25.2,
        42.6
    ],
    "Panagyurishte": [
        24.18333,
        42.5
    ],
    "Oryakhovo": [
        23.96667,
        43.73333
    ],
    "Opaka": [
        26.16667,
        43.45
    ],
    "Omurtag": [
        26.41667,
        43.1
    ],
    "Obzor": [
        27.88333,
        42.81667
    ],
    "Novo Selo": [
        22.78667,
        44.15861
    ],
    "Novi Pazar": [
        27.2,
        43.35
    ],
    "Nova Zagora": [
        26.01667,
        42.48333
    ],
    "Nikopol": [
        24.9,
        43.7
    ],
    "Nikolaevo": [
        25.8,
        42.63333
    ],
    "Nesebar": [
        27.73602,
        42.65921
    ],
    "Nedelino": [
        25.08333,
        41.45
    ],
    "Mŭglizh": [
        25.55,
        42.6
    ],
    "Miziya": [
        23.85,
        43.68333
    ],
    "Mirkovo": [
        23.98333,
        42.7
    ],
    "Mineralni Bani": [
        25.35,
        41.91667
    ],
    "Montana": [
        23.225,
        43.4125
    ],
    "Tsarevo": [
        27.85,
        42.16667
    ],
    "Mezdra": [
        23.7,
        43.15
    ],
    "Medovene": [
        26.51667,
        43.76667
    ],
    "Medkovets": [
        23.18111,
        43.62972
    ],
    "Malko Tŭrnovo": [
        27.53333,
        41.98333
    ],
    "Madzharovo": [
        25.86667,
        41.63333
    ],
    "Madan": [
        24.95,
        41.5
    ],
    "Lyubimets": [
        26.08333,
        41.83333
    ],
    "Lyaskovets": [
        25.72833,
        43.11111
    ],
    "Lukovit": [
        24.16667,
        43.2
    ],
    "Lŭki": [
        24.81667,
        41.85
    ],
    "Loznitsa": [
        26.6,
        43.36667
    ],
    "Lovech": [
        24.71667,
        43.13333
    ],
    "Lom": [
        23.23611,
        43.81389
    ],
    "Levski": [
        25.13333,
        43.36667
    ],
    "Letnitsa": [
        25.07333,
        43.31167
    ],
    "Lesichevo": [
        24.11667,
        42.35
    ],
    "Lakatnik": [
        23.4,
        43.05
    ],
    "Kyustendil": [
        22.69111,
        42.28389
    ],
    "Kŭrdzhali": [
        25.36667,
        41.65
    ],
    "Kula": [
        22.52139,
        43.88778
    ],
    "Kubrat": [
        26.5,
        43.8
    ],
    "Krushari": [
        27.75,
        43.81667
    ],
    "Krumovgrad": [
        25.65,
        41.46667
    ],
    "Krivodol": [
        23.48444,
        43.37444
    ],
    "Krichim": [
        24.46667,
        42.05
    ],
    "Kresna": [
        23.15,
        41.73333
    ],
    "Kozloduy": [
        23.73333,
        43.78333
    ],
    "Koynare": [
        24.13333,
        43.35
    ],
    "Kotel": [
        26.45,
        42.88333
    ],
    "Kostinbrod": [
        23.21667,
        42.81667
    ],
    "Koprivshtitsa": [
        24.35,
        42.63333
    ],
    "Kocherinovo": [
        23.06667,
        42.08333
    ],
    "Knezha": [
        24.08333,
        43.5
    ],
    "Klisura": [
        24.45,
        42.7
    ],
    "Kiten": [
        27.7749,
        42.23424
    ],
    "Kilifarevo": [
        25.63333,
        42.98333
    ],
    "Tsar Kaloyan": [
        26.25,
        43.61667
    ],
    "Khisarya": [
        24.7,
        42.5
    ],
    "Khayredin": [
        23.66667,
        43.6
    ],
    "Haskovo": [
        25.55557,
        41.93415
    ],
    "Kharmanli": [
        25.9,
        41.93333
    ],
    "Khadzhidimovo": [
        23.86861,
        41.52222
    ],
    "Kermen": [
        26.25,
        42.5
    ],
    "Kazanlŭk": [
        25.4,
        42.61667
    ],
    "Kaynardzha": [
        27.5,
        43.98333
    ],
    "Kavarna": [
        28.33333,
        43.43333
    ],
    "Kaspichan": [
        27.16667,
        43.31667
    ],
    "Karnobat": [
        26.98333,
        42.65
    ],
    "Karlovo": [
        24.8,
        42.63333
    ],
    "Kaolinovo": [
        27.11667,
        43.61667
    ],
    "Kameno": [
        27.29387,
        42.57446
    ],
    "Kaloyanovo": [
        24.73333,
        42.35
    ],
    "Kalofer": [
        24.98333,
        42.61667
    ],
    "Ivaylovgrad": [
        26.13333,
        41.53333
    ],
    "Ivanovo": [
        25.98333,
        43.7
    ],
    "Isperikh": [
        26.83333,
        43.71667
    ],
    "Ikhtiman": [
        23.81667,
        42.43333
    ],
    "Gŭrmen": [
        23.81667,
        41.6
    ],
    "Gurkovo": [
        25.8,
        42.66667
    ],
    "Gulyantsi": [
        24.7,
        43.63333
    ],
    "Gŭlŭbovo": [
        25.85,
        42.13333
    ],
    "Sredets": [
        27.17898,
        42.34747
    ],
    "Gramada": [
        22.65861,
        43.83444
    ],
    "Gyovren": [
        24.23,
        41.4
    ],
    "Gotse Delchev": [
        23.73333,
        41.56667
    ],
    "Gorna Oryakhovitsa": [
        25.70167,
        43.12778
    ],
    "Gorna Malina": [
        23.7,
        42.68333
    ],
    "Gorichevo": [
        26.45,
        43.85
    ],
    "Godech": [
        23.04417,
        43.015
    ],
    "Glavinitsa": [
        26.83333,
        43.91667
    ],
    "Dolni Chiflik": [
        27.71667,
        42.98333
    ],
    "General-Toshevo": [
        28.03333,
        43.7
    ],
    "Gara Khitrino": [
        26.91667,
        43.43333
    ],
    "Gabrovo": [
        25.26667,
        41.8
    ],
    "Etropole": [
        24,
        42.83333
    ],
    "Elkhovo": [
        26.56667,
        42.16667
    ],
    "Elin Pelin": [
        23.6,
        42.66667
    ],
    "Elena": [
        25.88333,
        42.93333
    ],
    "Dzhebel": [
        25.3,
        41.5
    ],
    "Dve Mogili": [
        25.86667,
        43.6
    ],
    "Dunavtsi": [
        22.82111,
        43.92111
    ],
    "Dulovo": [
        27.15,
        43.81667
    ],
    "Dŭlgopol": [
        27.35,
        43.05
    ],
    "Dryanovo": [
        25.4785,
        42.97897
    ],
    "Dragoman": [
        22.93167,
        42.91889
    ],
    "Dospat": [
        24.16667,
        41.65
    ],
    "Dolni Dŭbnik": [
        24.43333,
        43.4
    ],
    "Dolna Mitropoliya": [
        24.53333,
        43.46667
    ],
    "Dolna Banya": [
        23.76667,
        42.3
    ],
    "Dimovo": [
        22.72694,
        43.74167
    ],
    "Dimitrovgrad": [
        25.6,
        42.05
    ],
    "Devnya": [
        27.56944,
        43.22222
    ],
    "Devin": [
        24.40003,
        41.74327
    ],
    "Debelets": [
        25.61667,
        43.03333
    ],
    "Chirpan": [
        25.33333,
        42.2
    ],
    "Chiprovtsi": [
        22.88083,
        43.38417
    ],
    "Cherven Bryag": [
        24.1,
        43.26667
    ],
    "Chernomorets": [
        27.63834,
        42.44589
    ],
    "Chepelare": [
        24.68333,
        41.73333
    ],
    "Chelopech": [
        24.08333,
        42.7
    ],
    "Chavdar": [
        24.05,
        42.65
    ],
    "Byala Slatina": [
        23.93333,
        43.46667
    ],
    "Byala Cherkva": [
        25.3,
        43.2
    ],
    "Byala": [
        27.88333,
        42.88333
    ],
    "Burgas": [
        27.46781,
        42.50606
    ],
    "Bukhovo": [
        23.56667,
        42.76667
    ],
    "Brusartsi": [
        23.06667,
        43.66667
    ],
    "Brezovo": [
        25.08333,
        42.35
    ],
    "Breznik": [
        22.89806,
        42.74139
    ],
    "Bregovo": [
        22.6425,
        44.15167
    ],
    "Bratsigovo": [
        24.36667,
        42.01667
    ],
    "Bozhurishte": [
        23.2,
        42.75
    ],
    "Boychinovtsi": [
        23.33583,
        43.47222
    ],
    "Bov": [
        23.37806,
        43.0325
    ],
    "Botevgrad": [
        23.78333,
        42.9
    ],
    "Borovo": [
        25.8,
        43.5
    ],
    "Borovan": [
        23.75,
        43.43333
    ],
    "Borino": [
        24.28333,
        41.68333
    ],
    "Bolyarovo": [
        26.81667,
        42.15
    ],
    "Bobovdol": [
        23.01722,
        42.36972
    ],
    "Boboshevo": [
        23.01639,
        42.15972
    ],
    "Blagoevgrad": [
        23.1,
        42.01667
    ],
    "Berkovitsa": [
        23.12583,
        43.23611
    ],
    "Belovo": [
        24.01667,
        42.21667
    ],
    "Belogradchik": [
        22.68361,
        43.62722
    ],
    "Belitsa": [
        23.5725,
        41.95694
    ],
    "Belene": [
        25.11667,
        43.65
    ],
    "Batak": [
        24.21667,
        41.95
    ],
    "Bata": [
        27.5,
        42.73333
    ],
    "Bansko": [
        23.48851,
        41.8383
    ],
    "Banite": [
        25.01667,
        41.61667
    ],
    "Balchik": [
        28.16667,
        43.41667
    ],
    "Aytos": [
        27.25,
        42.7
    ],
    "Asenovgrad": [
        24.86667,
        42.01667
    ],
    "Asen": [
        25.2,
        42.65
    ],
    "Ardino": [
        25.13333,
        41.58333
    ],
    "Apriltsi": [
        24.91759,
        42.84142
    ],
    "Antonovo": [
        26.16667,
        43.15
    ],
    "Anton": [
        24.28333,
        42.75
    ],
    "Alfatar": [
        27.28333,
        43.95
    ],
    "Aksakovo": [
        27.81667,
        43.25
    ],
    "Akhtopol": [
        27.95,
        42.1
    ],
    "Zlatni Pyasatsi": [
        28.0418,
        43.285
    ],
    "Aheloy": [
        27.64838,
        42.64987
    ],
    "Balgarevo": [
        28.41189,
        43.40296
    ]
}