{
    "Abbotsford": [
        -122.25257,
        49.05798
    ],
    "Acton Vale": [
        -72.56582,
        45.65007
    ],
    "Adstock": [
        -71.08235,
        46.05007
    ],
    "Agassiz": [
        -121.76926,
        49.23298
    ],
    "Airdrie": [
        -114.03528,
        51.30011
    ],
    "Ajax": [
        -79.03288,
        43.85012
    ],
    "Albanel": [
        -72.44867,
        48.88324
    ],
    "Alberton": [
        -64.06542,
        46.81685
    ],
    "Alma": [
        -71.6491,
        48.55009
    ],
    "Altona": [
        -97.55961,
        49.10469
    ],
    "Amherst": [
        -64.19874,
        45.83345
    ],
    "Amherstburg": [
        -83.04985,
        42.11679
    ],
    "Amos": [
        -78.11624,
        48.56688
    ],
    "Angus": [
        -79.88295,
        44.31681
    ],
    "Anmore": [
        -122.85263,
        49.31637
    ],
    "Antigonish": [
        -61.99858,
        45.61685
    ],
    "Armstrong": [
        -119.20235,
        50.44979
    ],
    "Arnprior": [
        -76.34939,
        45.43341
    ],
    "Asbestos": [
        -71.9324,
        45.76678
    ],
    "Ashcroft": [
        -121.28207,
        50.72372
    ],
    "Assiniboia": [
        -105.98446,
        49.63336
    ],
    "Athabasca": [
        -113.28537,
        54.71687
    ],
    "Atikokan": [
        -91.62409,
        48.75667
    ],
    "Aylmer": [
        -80.98302,
        42.76679
    ],
    "Baie-Comeau": [
        -68.14894,
        49.21679
    ],
    "Baie-D'Urfé": [
        -73.91586,
        45.41397
    ],
    "Bancroft": [
        -77.85702,
        45.05752
    ],
    "Banff": [
        -115.56982,
        51.17622
    ],
    "Barraute": [
        -77.63279,
        48.43349
    ],
    "Barrhead": [
        -114.40211,
        54.13345
    ],
    "Barrie": [
        -79.66634,
        44.40011
    ],
    "Bassano": [
        -112.46854,
        50.78342
    ],
    "Bay Roberts": [
        -53.26478,
        47.59989
    ],
    "Beaconsfield": [
        -73.86586,
        45.43341
    ],
    "Beauharnois": [
        -73.8659,
        45.31678
    ],
    "Beaumont": [
        -113.41871,
        53.35013
    ],
    "Beausejour": [
        -96.51669,
        50.0622
    ],
    "Beaverlodge": [
        -119.43605,
        55.21664
    ],
    "Bécancour": [
        -72.43241,
        46.33336
    ],
    "Bedford": [
        -72.96584,
        45.13338
    ],
    "Belfast": [
        -62.88197,
        46.08341
    ],
    "Belleville": [
        -77.38277,
        44.16682
    ],
    "Bells Corners": [
        -75.83012,
        45.31588
    ],
    "Beloeil": [
        -73.19915,
        45.56678
    ],
    "Berthierville": [
        -73.18245,
        46.08336
    ],
    "Berwick": [
        -64.73208,
        45.05015
    ],
    "Biggar": [
        -108.00135,
        52.0668
    ],
    "Black Diamond": [
        -114.2353,
        50.70011
    ],
    "Blackfalds": [
        -113.7853,
        52.38342
    ],
    "Blainville": [
        -73.88249,
        45.66678
    ],
    "Bluewater": [
        -81.59977,
        43.46679
    ],
    "Boisbriand": [
        -73.83249,
        45.61678
    ],
    "Bois-des-Filion": [
        -73.74918,
        45.66678
    ],
    "Boissevain": [
        -100.05586,
        49.23062
    ],
    "Bon Accord": [
        -113.41872,
        53.83345
    ],
    "Bonavista": [
        -53.11474,
        48.64989
    ],
    "Bonnyville": [
        -110.73505,
        54.26684
    ],
    "Botwood": [
        -55.34819,
        49.14994
    ],
    "Boucherville": [
        -73.43605,
        45.59104
    ],
    "Bouctouche": [
        -64.73905,
        46.46844
    ],
    "Bourget": [
        -75.1493,
        45.4334
    ],
    "Bowen Island": [
        -123.33622,
        49.3847
    ],
    "Bow Island": [
        -111.36843,
        49.86676
    ],
    "Bracebridge": [
        -79.31633,
        45.03341
    ],
    "Bradford West Gwillimbury": [
        -79.61633,
        44.11681
    ],
    "Brampton": [
        -79.76633,
        43.68341
    ],
    "Brandon": [
        -99.95306,
        49.84692
    ],
    "Brant": [
        -80.34967,
        43.1334
    ],
    "Brantford": [
        -80.26636,
        43.1334
    ],
    "Bridgewater": [
        -64.51546,
        44.38345
    ],
    "Brockville": [
        -75.68705,
        44.59132
    ],
    "Bromont": [
        -72.64912,
        45.31678
    ],
    "Brooks": [
        -111.88509,
        50.58341
    ],
    "Brossard": [
        -73.46583,
        45.45008
    ],
    "Brownsburg-Chatham": [
        -74.4159,
        45.68342
    ],
    "Burgeo": [
        -57.61516,
        47.61668
    ],
    "Burlington": [
        -79.83713,
        43.38621
    ],
    "Burnaby": [
        -122.95263,
        49.26636
    ],
    "Burns Lake": [
        -125.7533,
        54.2331
    ],
    "Cache Creek": [
        -121.3246,
        50.81011
    ],
    "Calgary": [
        -114.08529,
        51.05011
    ],
    "Calmar": [
        -113.81874,
        53.26683
    ],
    "Cambridge": [
        -80.31269,
        43.3601
    ],
    "Camlachie": [
        -82.1616,
        43.03596
    ],
    "Campbell River": [
        -125.24459,
        50.01634
    ],
    "Camrose": [
        -112.83525,
        53.01684
    ],
    "Candiac": [
        -73.51587,
        45.38338
    ],
    "Canmore": [
        -115.35206,
        51.08335
    ],
    "Canora": [
        -102.43425,
        51.63328
    ],
    "Cap-Chat": [
        -66.68212,
        49.10009
    ],
    "Carberry": [
        -99.36021,
        49.86893
    ],
    "Carbonear": [
        -53.21478,
        47.73319
    ],
    "Cardston": [
        -113.3019,
        49.19998
    ],
    "Carignan": [
        -73.29916,
        45.45008
    ],
    "Carleton Place": [
        -76.14938,
        45.13341
    ],
    "Carlyle": [
        -102.26765,
        49.63334
    ],
    "Carman": [
        -98.00156,
        49.4992
    ],
    "Carstairs": [
        -114.102,
        51.56681
    ],
    "Casselman": [
        -75.0826,
        45.3168
    ],
    "Castlegar": [
        -117.66894,
        49.29984
    ],
    "Catalina": [
        -53.08135,
        48.51659
    ],
    "Chambly": [
        -73.28246,
        45.45008
    ],
    "Channel-Port aux Basques": [
        -59.13674,
        47.57021
    ],
    "Chapais": [
        -74.84919,
        49.78344
    ],
    "Charlemagne": [
        -73.48247,
        45.71678
    ],
    "Charlottetown": [
        -63.12671,
        46.23525
    ],
    "Chase": [
        -119.68571,
        50.8165
    ],
    "Châteauguay": [
        -73.74919,
        45.38338
    ],
    "Chester": [
        -64.24874,
        44.55015
    ],
    "Chestermere": [
        -113.81867,
        51.03341
    ],
    "Chetwynd": [
        -121.63627,
        55.69988
    ],
    "Chibougamau": [
        -74.36586,
        49.91684
    ],
    "Chilliwack": [
        -121.95257,
        49.16638
    ],
    "Chute-aux-Outardes": [
        -68.39896,
        49.11679
    ],
    "Clarence-Rockland": [
        -75.29101,
        45.5501
    ],
    "Clarenville-Shoal Harbour": [
        -53.96982,
        48.1805
    ],
    "Claresholm": [
        -113.58524,
        50.03332
    ],
    "Clyde River": [
        -68.59143,
        70.46916
    ],
    "Coaldale": [
        -112.61854,
        49.7167
    ],
    "Coalhurst": [
        -112.93246,
        49.7464
    ],
    "Coaticook": [
        -71.79907,
        45.13339
    ],
    "Cobourg": [
        -78.16515,
        43.95977
    ],
    "Cochrane": [
        -114.46871,
        51.18341
    ],
    "Cold Lake": [
        -110.18154,
        54.46525
    ],
    "Collingwood": [
        -80.21638,
        44.4834
    ],
    "Colwood": [
        -123.48591,
        48.43293
    ],
    "Conception Bay South": [
        -52.99806,
        47.49989
    ],
    "Concord": [
        -79.48291,
        43.80011
    ],
    "Contrecoeur": [
        -73.23245,
        45.85008
    ],
    "Cookshire-Eaton": [
        -71.6324,
        45.41675
    ],
    "Coquitlam": [
        -122.75262,
        49.28297
    ],
    "Corner Brook": [
        -57.95202,
        48.95001
    ],
    "Cornwall": [
        -74.72815,
        45.01809
    ],
    "Côte-Saint-Luc": [
        -73.66585,
        45.46536
    ],
    "Courtenay": [
        -124.9936,
        49.68657
    ],
    "Cowansville": [
        -72.74913,
        45.20008
    ],
    "Crabtree": [
        -73.46586,
        45.96677
    ],
    "Cranbrook": [
        -115.76879,
        49.49991
    ],
    "Creston": [
        -116.50211,
        49.09987
    ],
    "Crossfield": [
        -114.03528,
        51.43341
    ],
    "Cumberland": [
        -125.03613,
        49.61634
    ],
    "Dalmeny": [
        -106.76792,
        52.33339
    ],
    "Danville": [
        -72.0158,
        45.78337
    ],
    "Dartmouth": [
        -63.57719,
        44.67134
    ],
    "Dauphin": [
        -100.05023,
        51.14941
    ],
    "Daveluyville": [
        -72.13239,
        46.20006
    ],
    "Dawson Creek": [
        -120.23616,
        55.7666
    ],
    "Deep River": [
        -77.49949,
        46.10012
    ],
    "Deer Lake": [
        -57.43163,
        49.16671
    ],
    "Delaware": [
        -81.41646,
        42.91679
    ],
    "Deloraine": [
        -100.49477,
        49.19082
    ],
    "Delson": [
        -73.54917,
        45.36678
    ],
    "Delta": [
        -122.9068,
        49.14399
    ],
    "Deseronto": [
        -77.04944,
        44.20012
    ],
    "Deux-Montagnes": [
        -73.90168,
        45.53455
    ],
    "Devon": [
        -113.73533,
        53.36683
    ],
    "Didsbury": [
        -114.13529,
        51.66681
    ],
    "Dieppe": [
        -64.68735,
        46.07844
    ],
    "Digby": [
        -65.76555,
        44.61685
    ],
    "Dolbeau-Mistassini": [
        -72.23142,
        48.8786
    ],
    "Dollard-Des Ormeaux": [
        -73.82419,
        45.49452
    ],
    "Dorchester": [
        -81.06643,
        42.98339
    ],
    "Dorval": [
        -73.75335,
        45.4473
    ],
    "Drayton Valley": [
        -114.98544,
        53.21682
    ],
    "Drummondville": [
        -72.48241,
        45.88336
    ],
    "Dryden": [
        -92.75032,
        49.78334
    ],
    "Duncan": [
        -123.70266,
        48.78293
    ],
    "Ear Falls": [
        -93.23526,
        50.63955
    ],
    "East Angus": [
        -71.66577,
        45.48338
    ],
    "Edmonton": [
        -113.46871,
        53.55014
    ],
    "Edson": [
        -116.43559,
        53.58345
    ],
    "Elkford": [
        -114.8854,
        50.05007
    ],
    "Elk Point": [
        -110.9017,
        53.90017
    ],
    "Elliot Lake": [
        -82.63315,
        46.38336
    ],
    "Enderby": [
        -119.15234,
        50.5498
    ],
    "Englehart": [
        -79.8664,
        47.81686
    ],
    "Espanola": [
        -81.76649,
        46.25837
    ],
    "Esterhazy": [
        -102.08426,
        50.65001
    ],
    "Estevan": [
        -102.98422,
        49.13337
    ],
    "Etobicoke": [
        -79.56711,
        43.65421
    ],
    "Fairview": [
        -118.38606,
        56.06675
    ],
    "Falher": [
        -117.20262,
        55.73339
    ],
    "Farnham": [
        -72.98244,
        45.28338
    ],
    "Ferme-Neuve": [
        -75.44929,
        46.70011
    ],
    "Fermont": [
        -67.08204,
        52.78345
    ],
    "Fernie": [
        -115.06871,
        49.49996
    ],
    "Flin Flon": [
        -101.86497,
        54.76824
    ],
    "Foam Lake": [
        -103.53431,
        51.65001
    ],
    "Fort-Coulonge": [
        -76.73272,
        45.85011
    ],
    "Fort Erie": [
        -78.93286,
        42.90012
    ],
    "Fort Frances": [
        -93.4003,
        48.59988
    ],
    "Fort Macleod": [
        -113.41857,
        49.71671
    ],
    "Fort McMurray": [
        -111.38103,
        56.72676
    ],
    "Fort McPherson": [
        -134.88543,
        67.43863
    ],
    "Fort Nelson": [
        -122.7002,
        58.80533
    ],
    "Fort Saskatchewan": [
        -113.2187,
        53.71684
    ],
    "Fort Smith": [
        -111.88543,
        60.00029
    ],
    "Fort St. John": [
        -120.85292,
        56.24988
    ],
    "Fox Creek": [
        -116.80238,
        54.40007
    ],
    "Fredericton": [
        -66.66558,
        45.94541
    ],
    "Fruitvale": [
        -117.55222,
        49.11654
    ],
    "Gambo": [
        -54.21482,
        48.7832
    ],
    "Gananoque": [
        -76.16607,
        44.33342
    ],
    "Gaspé": [
        -64.48194,
        48.83341
    ],
    "Gatineau": [
        -75.70164,
        45.47723
    ],
    "Gibbons": [
        -113.33531,
        53.83345
    ],
    "Gibsons": [
        -123.50555,
        49.39539
    ],
    "Gimli": [
        -96.99066,
        50.63362
    ],
    "Gjoa Haven": [
        -95.87836,
        68.62602
    ],
    "Glace Bay": [
        -59.95698,
        46.19695
    ],
    "Goderich": [
        -81.71648,
        43.75008
    ],
    "Golden": [
        -116.9689,
        51.29995
    ],
    "Gore": [
        -74.24922,
        45.76678
    ],
    "Granby": [
        -72.73243,
        45.40008
    ],
    "Grand Bank": [
        -55.76504,
        47.09995
    ],
    "Grande Cache": [
        -119.13585,
        53.88335
    ],
    "Grande Prairie": [
        -118.80271,
        55.16667
    ],
    "Grand Falls-Windsor": [
        -55.66492,
        48.93324
    ],
    "Grand Forks": [
        -118.4356,
        49.03309
    ],
    "Greater Sudbury": [
        -80.99001,
        46.49
    ],
    "Gravelbourg": [
        -106.55122,
        49.88336
    ],
    "Gravenhurst": [
        -79.36633,
        44.91681
    ],
    "Greater Napanee": [
        -76.94944,
        44.25012
    ],
    "Greenstone": [
        -87.16668,
        49.73343
    ],
    "Greenwood": [
        -64.89879,
        44.98345
    ],
    "Grimshaw": [
        -117.6027,
        56.18339
    ],
    "Guelph": [
        -80.25599,
        43.54594
    ],
    "Haines Junction": [
        -137.51082,
        60.75216
    ],
    "Hamilton": [
        -79.84963,
        43.25011
    ],
    "Hampstead": [
        -73.66307,
        45.48064
    ],
    "Hampton": [
        -65.85354,
        45.52876
    ],
    "Hanceville": [
        -123.04458,
        51.91922
    ],
    "Hanna": [
        -111.90181,
        51.63343
    ],
    "Hanover": [
        -81.03303,
        44.15009
    ],
    "Hantsport": [
        -64.16544,
        45.06685
    ],
    "Happy Valley-Goose Bay": [
        -60.33153,
        53.31685
    ],
    "Harbour Breton": [
        -55.79833,
        47.48325
    ],
    "Havre-Saint-Pierre": [
        -63.60264,
        50.24342
    ],
    "Hawkesbury": [
        -74.61595,
        45.60009
    ],
    "Hay River": [
        -115.79993,
        60.81555
    ],
    "Headingley": [
        -97.40896,
        49.8753
    ],
    "Hearst": [
        -83.66654,
        49.68351
    ],
    "High Level": [
        -117.13605,
        58.51688
    ],
    "High Prairie": [
        -116.4858,
        55.4334
    ],
    "High River": [
        -113.86867,
        50.58341
    ],
    "Hinton": [
        -117.58567,
        53.40009
    ],
    "Hope": [
        -121.44144,
        49.38299
    ],
    "Hornepayne": [
        -84.77617,
        49.21451
    ],
    "Houston": [
        -126.67008,
        54.39976
    ],
    "Hudson": [
        -74.14922,
        45.45008
    ],
    "Hudson Bay": [
        -102.38425,
        52.85003
    ],
    "Humboldt": [
        -105.1255,
        52.20005
    ],
    "Huntingdon": [
        -74.16593,
        45.08339
    ],
    "Huntsville": [
        -79.21632,
        45.33341
    ],
    "Huron East": [
        -81.29975,
        43.61679
    ],
    "Indian Head": [
        -103.66775,
        50.53336
    ],
    "Ingersoll": [
        -80.88302,
        43.03339
    ],
    "Innisfil": [
        -79.64964,
        44.30011
    ],
    "Inuvik": [
        -133.72181,
        68.34986
    ],
    "Invermere": [
        -116.03538,
        50.51666
    ],
    "Iqaluit": [
        -68.51449,
        63.75059
    ],
    "Iroquois Falls": [
        -80.68307,
        48.76688
    ],
    "Irricana": [
        -113.60475,
        51.32372
    ],
    "Jasper Park Lodge": [
        -118.05715,
        52.88576
    ],
    "Joliette": [
        -73.44915,
        46.01677
    ],
    "Kamloops": [
        -120.3192,
        50.66648
    ],
    "Kamsack": [
        -101.90093,
        51.56668
    ],
    "Kapuskasing": [
        -82.43308,
        49.41694
    ],
    "Kelowna": [
        -119.48568,
        49.88307
    ],
    "Kensington": [
        -63.64871,
        46.43343
    ],
    "Kentville": [
        -64.49876,
        45.08345
    ],
    "Kerrobert": [
        -109.13479,
        51.91682
    ],
    "Keswick": [
        -79.46632,
        44.25011
    ],
    "Killam": [
        -111.85175,
        52.78344
    ],
    "Killarney": [
        -99.66364,
        49.18332
    ],
    "Kimberley": [
        -115.9776,
        49.67071
    ],
    "Kindersley": [
        -109.16818,
        51.46681
    ],
    "Kingsey Falls": [
        -72.0658,
        45.85007
    ],
    "Kingston": [
        -76.48098,
        44.22976
    ],
    "Kirkland": [
        -73.86586,
        45.45008
    ],
    "Kirkland Lake": [
        -80.03767,
        48.14461
    ],
    "Kitchener": [
        -80.5112,
        43.42537
    ],
    "Kitimat": [
        -128.65342,
        54.05244
    ],
    "Kugluktuk": [
        -115.09649,
        67.82743
    ],
    "Labelle": [
        -74.73255,
        46.28339
    ],
    "Labrador City": [
        -66.91137,
        52.94626
    ],
    "La Broquerie": [
        -96.50029,
        49.51688
    ],
    "Lac-Brome": [
        -72.51581,
        45.21678
    ],
    "Lac du Bonnet": [
        -96.06116,
        50.2536
    ],
    "Lachute": [
        -74.33253,
        45.65008
    ],
    "Lac La Biche": [
        -111.96861,
        54.7669
    ],
    "Lac-Mégantic": [
        -70.88234,
        45.58338
    ],
    "Lacolle": [
        -73.36585,
        45.08338
    ],
    "Lacombe": [
        -113.7353,
        52.46681
    ],
    "Ladysmith": [
        -123.81938,
        48.98292
    ],
    "Lake Cowichan": [
        -124.05461,
        48.82495
    ],
    "Lambton Shores": [
        -81.93309,
        43.16678
    ],
    "Lamont": [
        -112.80195,
        53.76686
    ],
    "Langenburg": [
        -101.71763,
        50.84999
    ],
    "Langford": [
        -123.50261,
        48.44963
    ],
    "Langham": [
        -106.96793,
        52.3668
    ],
    "Langley": [
        -122.58589,
        49.08297
    ],
    "Lanigan": [
        -105.03443,
        51.85006
    ],
    "La Prairie": [
        -73.49917,
        45.41678
    ],
    "La Ronge": [
        -105.28422,
        55.10013
    ],
    "La Sarre": [
        -79.19964,
        48.80019
    ],
    "L'Assomption": [
        -73.4294,
        45.82318
    ],
    "La Tuque": [
        -72.7824,
        47.43337
    ],
    "Laval": [
        -73.692,
        45.56995
    ],
    "Lavaltrie": [
        -73.28245,
        45.88338
    ],
    "Lebel-sur-Quévillon": [
        -76.98273,
        49.05018
    ],
    "Leduc": [
        -113.55201,
        53.26682
    ],
    "L'Épiphanie": [
        -73.48246,
        45.85008
    ],
    "Les Cèdres": [
        -74.04922,
        45.30008
    ],
    "Les Coteaux": [
        -74.23254,
        45.28338
    ],
    "Lethbridge": [
        -112.81856,
        49.69999
    ],
    "Lewisporte": [
        -55.04816,
        49.24993
    ],
    "L'Île-Perrot": [
        -73.9492,
        45.38338
    ],
    "Lions Bay": [
        -123.2376,
        49.45218
    ],
    "Little Current": [
        -81.9248,
        45.97927
    ],
    "Lloydminster": [
        -110.00157,
        53.28346
    ],
    "Logan Lake": [
        -120.80253,
        50.49976
    ],
    "London": [
        -81.23304,
        42.98339
    ],
    "Longueuil": [
        -73.51806,
        45.53121
    ],
    "Lorraine": [
        -73.78249,
        45.68338
    ],
    "Louiseville": [
        -72.94145,
        46.25594
    ],
    "Lumby": [
        -118.96904,
        50.24979
    ],
    "Lumsden": [
        -104.86783,
        50.65009
    ],
    "Lunenburg": [
        -64.31545,
        44.38345
    ],
    "Macamic": [
        -78.99962,
        48.75018
    ],
    "Macklin": [
        -109.93484,
        52.33344
    ],
    "Magog": [
        -72.14909,
        45.26678
    ],
    "Magrath": [
        -112.86856,
        49.41668
    ],
    "Malartic": [
        -78.13283,
        48.13348
    ],
    "Maniwaki": [
        -75.96605,
        46.38341
    ],
    "Manning": [
        -117.61945,
        56.91683
    ],
    "Maple Creek": [
        -109.48481,
        49.91678
    ],
    "Maple Ridge": [
        -122.60193,
        49.21939
    ],
    "Marathon": [
        -86.43322,
        48.7501
    ],
    "Marieville": [
        -73.16585,
        45.43338
    ],
    "Markham": [
        -79.2663,
        43.86682
    ],
    "Martensville": [
        -106.66792,
        52.28339
    ],
    "Marystown": [
        -55.14829,
        47.16663
    ],
    "Mascouche": [
        -73.59956,
        45.74965
    ],
    "Maskinongé": [
        -73.01917,
        46.2286
    ],
    "Matagami": [
        -77.63277,
        49.75018
    ],
    "Mattawa": [
        -78.69957,
        46.31681
    ],
    "Mayerthorpe": [
        -115.13547,
        53.95015
    ],
    "Meadow Lake": [
        -108.43471,
        54.13348
    ],
    "Medicine Hat": [
        -110.66834,
        50.05006
    ],
    "Melfort": [
        -104.61768,
        52.86673
    ],
    "Melita": [
        -100.99669,
        49.26811
    ],
    "Melville": [
        -102.80099,
        50.91671
    ],
    "Mercier": [
        -73.74919,
        45.31678
    ],
    "Merritt": [
        -120.7942,
        50.11225
    ],
    "Metchosin": [
        -123.53591,
        48.38293
    ],
    "Middleton": [
        -65.0655,
        44.95015
    ],
    "Midland": [
        -79.88296,
        44.7501
    ],
    "Millet": [
        -113.4687,
        53.10013
    ],
    "Milton": [
        -79.88294,
        43.51681
    ],
    "Minnedosa": [
        -99.84364,
        50.24532
    ],
    "Mirabel": [
        -74.08251,
        45.65008
    ],
    "Miramichi": [
        -65.50186,
        47.02895
    ],
    "Mississauga": [
        -79.6583,
        43.5789
    ],
    "Moncton": [
        -64.80186,
        46.11594
    ],
    "Montague": [
        -62.64866,
        46.16681
    ],
    "Mont-Laurier": [
        -75.4993,
        46.55011
    ],
    "Montréal": [
        -73.58781,
        45.50884
    ],
    "Montréal-Est": [
        -73.5075,
        45.63202
    ],
    "Montréal-Ouest": [
        -73.64918,
        45.45286
    ],
    "Mont-Royal": [
        -73.64918,
        45.51675
    ],
    "Mont-Saint-Hilaire": [
        -73.19915,
        45.56678
    ],
    "Mont-Tremblant": [
        -74.58438,
        46.21274
    ],
    "Moose Jaw": [
        -105.53445,
        50.40005
    ],
    "Moosomin": [
        -101.66766,
        50.13332
    ],
    "Morden": [
        -98.10136,
        49.1919
    ],
    "Morinville": [
        -113.65203,
        53.80014
    ],
    "Morris": [
        -97.36567,
        49.35499
    ],
    "Mount Pearl": [
        -52.78135,
        47.51659
    ],
    "Nackawic": [
        -67.24028,
        45.99666
    ],
    "Nakusp": [
        -117.80226,
        50.24987
    ],
    "Nanaimo": [
        -123.94003,
        49.16638
    ],
    "Nanton": [
        -113.76866,
        50.35008
    ],
    "Napierville": [
        -73.40468,
        45.18648
    ],
    "Neebing": [
        -89.41683,
        48.1668
    ],
    "Neepawa": [
        -99.46642,
        50.22892
    ],
    "Nelson": [
        -117.28553,
        49.49985
    ],
    "New Glasgow": [
        -62.64863,
        45.58344
    ],
    "Newmarket": [
        -79.46631,
        44.05011
    ],
    "New Westminster": [
        -122.91092,
        49.20678
    ],
    "Niagara Falls": [
        -79.06627,
        43.10012
    ],
    "Nicolet": [
        -72.61582,
        46.21676
    ],
    "Nipawin": [
        -104.00092,
        53.36678
    ],
    "Niverville": [
        -97.04234,
        49.60559
    ],
    "Norfolk County": [
        -80.38297,
        42.8334
    ],
    "Normandin": [
        -72.53209,
        48.83328
    ],
    "Norman Wells": [
        -126.8329,
        65.28201
    ],
    "North Battleford": [
        -108.2967,
        52.77972
    ],
    "North Bay": [
        -79.46633,
        46.3168
    ],
    "North Cowichan": [
        -123.68596,
        48.84133
    ],
    "North Perth": [
        -80.96723,
        43.7251
    ],
    "North Saanich": [
        -123.41933,
        48.66634
    ],
    "North Vancouver": [
        -123.06934,
        49.31636
    ],
    "North York": [
        -79.4163,
        43.76681
    ],
    "Notre-Dame-de-l'Île-Perrot": [
        -73.9325,
        45.36678
    ],
    "Notre-Dame-des-Prairies": [
        -73.43245,
        46.05007
    ],
    "Notre-Dame-du-Bon-Conseil": [
        -72.3491,
        46.00006
    ],
    "Oak Bay": [
        -123.3026,
        48.44964
    ],
    "Oakville": [
        -79.68292,
        43.45011
    ],
    "Oka": [
        -74.08892,
        45.46489
    ],
    "Okotoks": [
        -113.98281,
        50.72885
    ],
    "Olds": [
        -114.10199,
        51.78341
    ],
    "Oliver": [
        -119.5524,
        49.18306
    ],
    "Orangeville": [
        -80.09967,
        43.9168
    ],
    "Orillia": [
        -79.42068,
        44.60868
    ],
    "Ormstown": [
        -73.99922,
        45.13338
    ],
    "Oromocto": [
        -66.47917,
        45.83512
    ],
    "Oshawa": [
        -78.84957,
        43.90012
    ],
    "Osoyoos": [
        -119.45237,
        49.03306
    ],
    "Ottawa": [
        -75.69812,
        45.41117
    ],
    "Otterburn Park": [
        -73.21585,
        45.53338
    ],
    "Outlook": [
        -107.05128,
        51.50008
    ],
    "Owen Sound": [
        -80.94349,
        44.56717
    ],
    "Oxbow": [
        -102.1676,
        49.23335
    ],
    "Oxford": [
        -63.86542,
        45.73345
    ],
    "Pangnirtung": [
        -65.71252,
        66.14511
    ],
    "Papineauville": [
        -75.01599,
        45.6168
    ],
    "Parksville": [
        -124.31945,
        49.31633
    ],
    "Parrsboro": [
        -64.33205,
        45.40015
    ],
    "Parry Sound": [
        -80.03527,
        45.34732
    ],
    "Pasadena": [
        -57.59837,
        49.01671
    ],
    "Peace River": [
        -117.28599,
        56.2501
    ],
    "Peachland": [
        -119.73568,
        49.76647
    ],
    "Pemberton": [
        -122.80273,
        50.31641
    ],
    "Pembroke": [
        -77.11616,
        45.81681
    ],
    "Penhold": [
        -113.8687,
        52.13342
    ],
    "Penticton": [
        -119.58584,
        49.48062
    ],
    "Perth": [
        -76.24939,
        44.90011
    ],
    "Petawawa": [
        -77.28007,
        45.89452
    ],
    "Peterborough": [
        -78.31623,
        44.30012
    ],
    "Petrolia": [
        -82.14981,
        42.86678
    ],
    "Pickering": [
        -79.13289,
        43.90012
    ],
    "Picton": [
        -77.13275,
        44.00012
    ],
    "Pictou": [
        -62.71534,
        45.68344
    ],
    "Picture Butte": [
        -112.78516,
        49.8833
    ],
    "Pierreville": [
        -72.81125,
        46.07034
    ],
    "Pilot Butte": [
        -104.41778,
        50.46678
    ],
    "Pincher Creek": [
        -113.95195,
        49.48328
    ],
    "Pincourt": [
        -73.9825,
        45.38338
    ],
    "Pitt Meadows": [
        -122.68965,
        49.22119
    ],
    "Pointe-Claire": [
        -73.81669,
        45.44868
    ],
    "Ponoka": [
        -113.58147,
        52.6768
    ],
    "Pont Rouge": [
        -72.08247,
        48.88332
    ],
    "Portage la Prairie": [
        -98.29263,
        49.97282
    ],
    "Port Alberni": [
        -124.8028,
        49.24133
    ],
    "Port-Cartier": [
        -66.86545,
        50.03339
    ],
    "Port Colborne": [
        -79.23288,
        42.90012
    ],
    "Port Hawkesbury": [
        -61.34853,
        45.61685
    ],
    "Port Moody": [
        -122.85263,
        49.28297
    ],
    "Powassan": [
        -79.34961,
        46.0334
    ],
    "Powell River": [
        -124.54926,
        49.87022
    ],
    "Preeceville": [
        -102.66766,
        51.94998
    ],
    "Prescott": [
        -75.51604,
        44.71681
    ],
    "Prévost": [
        -74.08251,
        45.86678
    ],
    "Prince Albert": [
        -105.76772,
        53.20008
    ],
    "Prince Edward": [
        -77.24946,
        44.00012
    ],
    "Prince George": [
        -122.75301,
        53.9166
    ],
    "Prince Rupert": [
        -130.32098,
        54.31507
    ],
    "Princeton": [
        -120.51076,
        49.45802
    ],
    "Princeville": [
        -71.87462,
        46.17163
    ],
    "Provost": [
        -110.26828,
        52.35014
    ],
    "Quesnel": [
        -122.4931,
        52.97842
    ],
    "Quinte West": [
        -77.56618,
        44.18342
    ],
    "Rankin Inlet": [
        -92.08324,
        62.81732
    ],
    "Rawdon": [
        -73.71587,
        46.05007
    ],
    "Raymond": [
        -112.65185,
        49.44998
    ],
    "Rayside-Balfour": [
        -81.20763,
        46.60873
    ],
    "Red Deer": [
        -113.802,
        52.26682
    ],
    "Red Lake": [
        -93.83374,
        51.01676
    ],
    "Regina": [
        -104.6178,
        50.45008
    ],
    "Renfrew": [
        -76.68272,
        45.46681
    ],
    "Repentigny": [
        -73.45008,
        45.74222
    ],
    "Revelstoke": [
        -118.2023,
        50.98317
    ],
    "Richelieu": [
        -73.24602,
        45.44336
    ],
    "Richibucto": [
        -64.88044,
        46.68073
    ],
    "Richmond": [
        -123.13683,
        49.17003
    ],
    "Richmond Hill": [
        -79.43725,
        43.87111
    ],
    "Rigaud": [
        -74.30238,
        45.47927
    ],
    "Rimbey": [
        -114.23532,
        52.6334
    ],
    "Rivers": [
        -100.24029,
        50.03081
    ],
    "Rivière-Rouge": [
        -74.86596,
        46.41679
    ],
    "Roberval": [
        -72.23244,
        48.5168
    ],
    "Roblin": [
        -101.3565,
        51.22999
    ],
    "Rocky Mountain House": [
        -114.9188,
        52.36683
    ],
    "Rosemère": [
        -73.79919,
        45.63338
    ],
    "Rosetown": [
        -108.00136,
        51.5501
    ],
    "Rossland": [
        -117.80224,
        49.08313
    ],
    "Rosthern": [
        -106.33446,
        52.66679
    ],
    "Rougemont": [
        -73.04914,
        45.43338
    ],
    "Rouyn-Noranda": [
        -79.02311,
        48.23656
    ],
    "Sackville": [
        -64.38455,
        45.91875
    ],
    "Saguenay": [
        -71.06573,
        48.41675
    ],
    "Saint-Alexis-des-Monts": [
        -73.13244,
        46.46676
    ],
    "Saint-Ambroise": [
        -71.33238,
        48.55009
    ],
    "Saint-André-Avellin": [
        -75.06599,
        45.7168
    ],
    "Saint Andrews": [
        -67.06169,
        45.08454
    ],
    "Saint-Augustin": [
        -58.65017,
        51.22602
    ],
    "Saint-Basile-le-Grand": [
        -73.28246,
        45.53338
    ],
    "Saint-Bruno": [
        -71.6491,
        48.46679
    ],
    "Saint-Bruno-de-Guigues": [
        -79.43296,
        47.46685
    ],
    "Saint-Bruno-de-Montarville": [
        -73.34916,
        45.53341
    ],
    "Saint-Césaire": [
        -72.99914,
        45.41678
    ],
    "Saint-Côme--Linière": [
        -70.51573,
        46.06677
    ],
    "Saint-Constant": [
        -73.56588,
        45.36678
    ],
    "Saint-Cyrille-de-Wendover": [
        -72.43241,
        45.93336
    ],
    "Saint-Damase": [
        -72.99914,
        45.53341
    ],
    "Saint-Denis-sur-Richelieu": [
        -73.14915,
        45.78338
    ],
    "Sainte-Adèle": [
        -74.13251,
        45.95008
    ],
    "Sainte-Agathe-des-Monts": [
        -74.28252,
        46.05009
    ],
    "Sainte-Anne-de-Bellevue": [
        -73.9456,
        45.40618
    ],
    "Sainte-Anne-des-Monts": [
        -66.49243,
        49.12402
    ],
    "Sainte-Anne-des-Plaines": [
        -73.81156,
        45.76468
    ],
    "Sainte-Catherine": [
        -72.56632,
        46.31836
    ],
    "Sainte-Julie": [
        -73.33246,
        45.58338
    ],
    "Sainte-Julienne": [
        -73.71587,
        45.96677
    ],
    "Sainte-Marthe-sur-le-Lac": [
        -73.9325,
        45.53338
    ],
    "Sainte-Martine": [
        -73.79919,
        45.25008
    ],
    "Sainte-Sophie": [
        -73.89919,
        45.81678
    ],
    "Sainte-Thècle": [
        -72.49911,
        46.81676
    ],
    "Sainte-Thérèse": [
        -73.82757,
        45.63922
    ],
    "Saint-Eustache": [
        -73.90554,
        45.565
    ],
    "Saint-Félicien": [
        -72.44906,
        48.65007
    ],
    "Saint-Félix-de-Valois": [
        -73.43245,
        46.16677
    ],
    "Saint-Gabriel": [
        -73.38245,
        46.30007
    ],
    "Saint-Gédéon": [
        -71.76581,
        48.50009
    ],
    "Saint-Germain-de-Grantham": [
        -72.56582,
        45.83337
    ],
    "Saint-Hyacinthe": [
        -72.95699,
        45.63076
    ],
    "Saint-Jacques": [
        -73.56586,
        45.95007
    ],
    "Saint-Jean-sur-Richelieu": [
        -73.26259,
        45.30713
    ],
    "Saint-Jérôme": [
        -74.00365,
        45.78036
    ],
    "Saint John": [
        -66.06766,
        45.27271
    ],
    "Saint-Joseph-de-Coleraine": [
        -71.36577,
        45.96677
    ],
    "Saint-Lambert": [
        -79.4593,
        48.95272
    ],
    "Saint-Laurent": [
        -73.66585,
        45.50008
    ],
    "Saint-Lazare": [
        -74.13256,
        45.40008
    ],
    "Saint-Léonard": [
        -67.9246,
        47.16317
    ],
    "Saint-Lin-Laurentides": [
        -73.76588,
        45.85008
    ],
    "Saint-Marc-des-Carrières": [
        -72.0491,
        46.68335
    ],
    "Saint-Martin": [
        -70.64903,
        45.96677
    ],
    "Saint-Michel-des-Saints": [
        -73.91589,
        46.68338
    ],
    "Saint-Pie": [
        -72.89913,
        45.50008
    ],
    "Saint-Raymond": [
        -73.60948,
        45.46698
    ],
    "Saint-Rémi": [
        -73.61588,
        45.26678
    ],
    "Saint-Sauveur": [
        -74.17943,
        45.88686
    ],
    "Saint-Tite": [
        -72.56581,
        46.73336
    ],
    "Salaberry-de-Valleyfield": [
        -74.13253,
        45.25008
    ],
    "Salisbury": [
        -65.04628,
        46.03905
    ],
    "Salmo": [
        -117.2689,
        49.19986
    ],
    "Salmon Arm": [
        -119.30237,
        50.6998
    ],
    "Sarnia": [
        -82.40407,
        42.97866
    ],
    "Saskatoon": [
        -106.63452,
        52.11679
    ],
    "Sault Ste. Marie": [
        -84.33325,
        46.51677
    ],
    "Sechelt": [
        -123.75903,
        49.47512
    ],
    "Selkirk": [
        -96.88452,
        50.1436
    ],
    "Senneterre": [
        -77.23275,
        48.38349
    ],
    "Sept-Îles": [
        -66.38208,
        50.20011
    ],
    "Sexsmith": [
        -118.78602,
        55.34998
    ],
    "Shaunavon": [
        -108.4181,
        49.65005
    ],
    "Shawinigan": [
        -72.74913,
        46.56675
    ],
    "Shawville": [
        -76.4827,
        45.60011
    ],
    "Shediac": [
        -64.54107,
        46.21981
    ],
    "Shelburne": [
        -80.20408,
        44.0787
    ],
    "Shellbrook": [
        -106.40109,
        53.21679
    ],
    "Sherbrooke": [
        -71.89908,
        45.40008
    ],
    "Sherwood Park": [
        -113.3187,
        53.51684
    ],
    "Sicamous": [
        -118.98565,
        50.83312
    ],
    "Slave Lake": [
        -114.76896,
        55.28344
    ],
    "Smithers": [
        -127.17428,
        54.78036
    ],
    "Smiths Falls": [
        -76.02333,
        44.90452
    ],
    "Smoky Lake": [
        -112.46863,
        54.11687
    ],
    "Sooke": [
        -123.72762,
        48.37463
    ],
    "Sorel-Tracy": [
        -73.11585,
        46.03336
    ],
    "Souris": [
        -100.2612,
        49.6172
    ],
    "South Huron": [
        -81.51647,
        43.31679
    ],
    "South River": [
        -79.38293,
        45.8334
    ],
    "Sparwood": [
        -114.88532,
        49.73332
    ],
    "Spirit River": [
        -118.83607,
        55.78327
    ],
    "Springhill": [
        -64.04873,
        45.65015
    ],
    "Spruce Grove": [
        -113.91874,
        53.53344
    ],
    "St. Albert": [
        -113.63533,
        53.63344
    ],
    "St. Catharines": [
        -79.24267,
        43.17126
    ],
    "Steinbach": [
        -96.68451,
        49.52579
    ],
    "Stephenville": [
        -58.5818,
        48.55001
    ],
    "Stephenville Crossing": [
        -58.4318,
        48.50001
    ],
    "Stettler": [
        -112.71861,
        52.31683
    ],
    "Stonewall": [
        -97.32676,
        50.13441
    ],
    "Stony Plain": [
        -114.00205,
        53.53343
    ],
    "Stratford": [
        -80.94972,
        43.36679
    ],
    "Strathmore": [
        -113.38523,
        51.05011
    ],
    "St. Thomas": [
        -81.18038,
        42.77361
    ],
    "Summerland": [
        -119.66911,
        49.59977
    ],
    "Summerside": [
        -63.78762,
        46.39593
    ],
    "Sundre": [
        -114.63532,
        51.8001
    ],
    "Surrey": [
        -122.82509,
        49.10635
    ],
    "Sussex": [
        -65.50663,
        45.72266
    ],
    "Sutton": [
        -72.61582,
        45.10008
    ],
    "Swan Hills": [
        -115.40226,
        54.71681
    ],
    "Swan River": [
        -101.26759,
        52.1058
    ],
    "Swift Current": [
        -107.80135,
        50.28337
    ],
    "Sylvan Lake": [
        -114.0853,
        52.31681
    ],
    "Taber": [
        -112.14603,
        49.78703
    ],
    "Témiscaming": [
        -79.09712,
        46.72122
    ],
    "Temiskaming Shores": [
        -79.71529,
        47.49376
    ],
    "Terrace": [
        -128.60345,
        54.51634
    ],
    "Terrebonne": [
        -73.64732,
        45.70004
    ],
    "The Pas": [
        -101.25413,
        53.82509
    ],
    "Thessalon": [
        -83.5666,
        46.25006
    ],
    "Thompson": [
        -97.85579,
        55.7435
    ],
    "Thorold": [
        -79.19958,
        43.11682
    ],
    "Three Hills": [
        -113.26863,
        51.70012
    ],
    "Thunder Bay": [
        -89.25018,
        48.38202
    ],
    "Thurso": [
        -75.24931,
        45.6001
    ],
    "Timmins": [
        -81.33312,
        48.46686
    ],
    "Tisdale": [
        -104.05096,
        52.85002
    ],
    "Tobermory": [
        -81.66647,
        45.25007
    ],
    "Tofield": [
        -112.66862,
        53.36684
    ],
    "Torbay": [
        -52.73135,
        47.66659
    ],
    "Toronto": [
        -79.4163,
        43.70011
    ],
    "Trail": [
        -117.70223,
        49.09983
    ],
    "Trois-Rivières": [
        -72.5477,
        46.34515
    ],
    "Truro": [
        -63.26538,
        45.36685
    ],
    "Tumbler Ridge": [
        -120.99415,
        55.13027
    ],
    "Two Hills": [
        -111.75181,
        53.71686
    ],
    "Ucluelet": [
        -125.54635,
        48.94153
    ],
    "Unity": [
        -109.16816,
        52.45014
    ],
    "Valcourt": [
        -72.31581,
        45.50008
    ],
    "Val-David": [
        -74.21592,
        46.03338
    ],
    "Val-des-Monts": [
        -75.66604,
        45.6501
    ],
    "Val-d'Or": [
        -77.7828,
        48.10018
    ],
    "Valleyview": [
        -117.28585,
        55.06673
    ],
    "Vancouver": [
        -123.11934,
        49.24966
    ],
    "Vanderhoof": [
        -124.01982,
        54.01657
    ],
    "Varennes": [
        -73.43246,
        45.68338
    ],
    "Vaudreuil-Dorion": [
        -74.03251,
        45.40008
    ],
    "Vaughan": [
        -79.49827,
        43.8361
    ],
    "Vegreville": [
        -112.05182,
        53.50015
    ],
    "Verchères": [
        -73.34916,
        45.78338
    ],
    "Vermilion": [
        -110.85849,
        53.35409
    ],
    "Vernon": [
        -119.26905,
        50.25809
    ],
    "Victoria": [
        -123.3693,
        48.43294
    ],
    "Victoriaville": [
        -71.96579,
        46.05007
    ],
    "Viking": [
        -111.76844,
        53.10014
    ],
    "Ville-Marie": [
        -79.43297,
        47.33345
    ],
    "Virden": [
        -100.93262,
        49.8508
    ],
    "Vulcan": [
        -113.25189,
        50.40008
    ],
    "Wabana": [
        -52.94806,
        47.63319
    ],
    "Wadena": [
        -103.80102,
        51.94999
    ],
    "Wainwright": [
        -110.85723,
        52.83904
    ],
    "Wakefield": [
        -75.83265,
        45.6668
    ],
    "Walpole Island": [
        -82.51653,
        42.61678
    ],
    "Warman": [
        -106.56791,
        52.31679
    ],
    "Warwick": [
        -71.9824,
        45.95007
    ],
    "Wasaga Beach": [
        -80.01637,
        44.5168
    ],
    "Waterloo": [
        -80.51639,
        43.4668
    ],
    "Watrous": [
        -105.46788,
        51.66677
    ],
    "Watson Lake": [
        -128.70893,
        60.06349
    ],
    "Welland": [
        -79.24958,
        42.98342
    ],
    "Wembley": [
        -119.13602,
        55.14995
    ],
    "West End": [
        -123.13333,
        49.28333
    ],
    "Westlock": [
        -113.86876,
        54.15016
    ],
    "Westmount": [
        -73.59918,
        45.48341
    ],
    "Wetaskiwin": [
        -113.36869,
        52.96683
    ],
    "Weyburn": [
        -103.85109,
        49.66675
    ],
    "Whistler": [
        -122.96946,
        50.1164
    ],
    "White City": [
        -104.36778,
        50.43338
    ],
    "Whitecourt": [
        -115.68548,
        54.15015
    ],
    "Whitehorse": [
        -135.05375,
        60.71611
    ],
    "White Rock": [
        -122.8026,
        49.01636
    ],
    "Wilkie": [
        -108.70142,
        52.41683
    ],
    "Williams Lake": [
        -122.14451,
        52.14153
    ],
    "Windsor": [
        -83.01654,
        42.30008
    ],
    "Wingham": [
        -81.31145,
        43.88793
    ],
    "Winkler": [
        -97.94104,
        49.1817
    ],
    "Winnipeg": [
        -97.14704,
        49.8844
    ],
    "Wolfville": [
        -64.36546,
        45.08345
    ],
    "Woodstock": [
        -80.7497,
        43.13339
    ],
    "Wynyard": [
        -104.18436,
        51.76674
    ],
    "Yamachiche": [
        -72.83243,
        46.26676
    ],
    "Yarmouth": [
        -66.11557,
        43.83345
    ],
    "Yellowknife": [
        -114.35255,
        62.456
    ],
    "Yorkton": [
        -102.46766,
        51.2167
    ],
    "Beauceville": [
        -70.77873,
        46.21785
    ],
    "Halifax": [
        -63.57239,
        44.64533
    ],
    "St. John's": [
        -52.70931,
        47.56494
    ],
    "Beaupré": [
        -70.89529,
        47.04428
    ],
    "Château-Richer": [
        -71.03219,
        46.96031
    ],
    "Québec": [
        -71.21454,
        46.81228
    ],
    "Lévis": [
        -71.17793,
        46.80326
    ],
    "Montmagny": [
        -70.55493,
        46.98043
    ],
    "Neuville": [
        -71.58275,
        46.69823
    ],
    "Rimouski": [
        -68.52396,
        48.44879
    ],
    "Rivière-du-Loup": [
        -69.54243,
        47.82699
    ],
    "Sydney": [
        -60.1831,
        46.1351
    ],
    "Tofino": [
        -125.90315,
        49.15207
    ],
    "L'Ancienne-Lorette": [
        -71.35191,
        46.79392
    ],
    "Edmundston": [
        -68.32512,
        47.3737
    ],
    "Sainte Catherine de la Jacques Cartier": [
        -71.62056,
        46.85244
    ],
    "Baie-Saint-Paul": [
        -70.49858,
        47.44109
    ],
    "Carleton-sur-Mer": [
        -66.128,
        48.10749
    ],
    "Campbellton": [
        -66.67272,
        48.00751
    ],
    "Bathurst": [
        -65.65112,
        47.61814
    ],
    "Matane": [
        -67.52197,
        48.82857
    ],
    "Paris": [
        -80.38333,
        43.2
    ],
    "Amqui": [
        -67.43134,
        48.46382
    ],
    "Dawson City": [
        -139.42629,
        64.06252
    ],
    "Chandler": [
        -64.67926,
        48.34935
    ],
    "Bonaventure": [
        -65.49259,
        48.04573
    ],
    "New-Richmond": [
        -65.85823,
        48.16059
    ],
    "Thetford-Mines": [
        -71.30539,
        46.09371
    ],
    "Cabano": [
        -68.8781,
        47.68065
    ],
    "Forestville": [
        -69.08478,
        48.73808
    ],
    "Mont-Joli": [
        -68.19214,
        48.58388
    ],
    "Lillooet": [
        -121.942,
        50.6856
    ],
    "La Malbaie": [
        -70.15268,
        47.654
    ],
    "Sainte-Marie": [
        -71.01168,
        46.43401
    ],
    "Plessisville": [
        -71.76201,
        46.21856
    ],
    "Fossambault-sur-lac": [
        -71.61541,
        46.87662
    ],
    "Cole Harbour": [
        -63.47506,
        44.67244
    ],
    "Okanagan": [
        -119.34997,
        50.36386
    ],
    "West Kelowna": [
        -119.58333,
        49.8625
    ],
    "Tracadie-Sheila": [
        -64.91806,
        47.51444
    ],
    "Bellechasse Regional County Municipality": [
        -70.71667,
        46.66667
    ],
    "Lake Louise": [
        -116.28479,
        51.40435
    ],
    "Sydney Mines": [
        -60.21767,
        46.23669
    ],
    "Jonquière": [
        -71.24884,
        48.41648
    ],
    "Cap-Santé": [
        -71.78812,
        46.67159
    ],
    "Saint-Augustin-de-Desmaures": [
        -71.45131,
        46.74064
    ],
    "Donnacona": [
        -71.7239,
        46.68042
    ],
    "La Pocatière": [
        -70.06186,
        47.34836
    ],
    "Saint-Joseph-de-Beauce": [
        -70.86667,
        46.3
    ],
    "Metabetchouan–Lac-a-la-Croix": [
        -71.78,
        48.41
    ],
    "Ladner": [
        -123.08241,
        49.08938
    ],
    "Walnut Grove": [
        -122.64042,
        49.16473
    ],
    "Aldergrove": [
        -122.47087,
        49.05801
    ],
    "Harrison Brook": [
        -67.92847,
        47.21304
    ],
    "Omemee": [
        -78.55989,
        44.29897
    ],
    "Napanee Downtown": [
        -76.95069,
        44.24832
    ],
    "Skatepark": [
        -76.94424,
        44.25122
    ],
    "Breakeyville": [
        -71.22327,
        46.68037
    ],
    "Saint-Antoine-de-Tilly": [
        -71.57335,
        46.66346
    ],
    "Ancaster": [
        -79.98716,
        43.21806
    ],
    "Shannon": [
        -71.51464,
        46.88026
    ],
    "Saint-Henri": [
        -71.06927,
        46.69314
    ],
    "Saint-Lambert-de-Lauzon": [
        -71.20892,
        46.58624
    ],
    "Pohénégamook": [
        -69.22666,
        47.46315
    ],
    "Pont-Rouge": [
        -71.69566,
        46.75468
    ],
    "West Vancouver": [
        -123.16652,
        49.36672
    ],
    "Willowdale": [
        -79.39909,
        43.76672
    ],
    "Florenceville-Bristol": [
        -67.61536,
        46.44354
    ]
}