{
    "Zwingen": [
        7.53027,
        47.43825
    ],
    "Zweisimmen": [
        7.37385,
        46.55452
    ],
    "Zuzwil": [
        9.11196,
        47.47452
    ],
    "Bad Zurzach": [
        8.29365,
        47.58764
    ],
    "Zürich": [
        8.55,
        47.36667
    ],
    "Zuoz": [
        9.95885,
        46.60209
    ],
    "Zunzgen": [
        7.80708,
        47.45671
    ],
    "Zumikon": [
        8.62271,
        47.33158
    ],
    "Zug": [
        8.51744,
        47.17242
    ],
    "Zuchwil": [
        7.56649,
        47.20173
    ],
    "Zollikon": [
        8.57407,
        47.34019
    ],
    "Zollikofen": [
        7.45809,
        46.99905
    ],
    "Zofingen": [
        7.94586,
        47.28779
    ],
    "Zizers": [
        9.56491,
        46.93575
    ],
    "Zernez": [
        10.09461,
        46.70087
    ],
    "Zermatt": [
        7.74912,
        46.02126
    ],
    "Zell": [
        7.92495,
        47.13673
    ],
    "Zäziwil": [
        7.66185,
        46.90196
    ],
    "Yvonand": [
        6.74249,
        46.80034
    ],
    "Yverdon-les-Bains": [
        6.64115,
        46.77852
    ],
    "Wyssachen": [
        7.82922,
        47.07851
    ],
    "Wynigen": [
        7.66681,
        47.10586
    ],
    "Wynau": [
        7.81626,
        47.2557
    ],
    "Würenlos": [
        8.36439,
        47.44208
    ],
    "Würenlingen": [
        8.25666,
        47.53356
    ],
    "Worben": [
        7.29518,
        47.10279
    ],
    "Worb": [
        7.56306,
        46.92984
    ],
    "Wollerau": [
        8.71903,
        47.19478
    ],
    "Wolhusen": [
        8.07389,
        47.05983
    ],
    "Wolfwil": [
        7.78967,
        47.26819
    ],
    "Wölflinswil": [
        7.99835,
        47.4607
    ],
    "Wolfenschiessen": [
        8.39423,
        46.90322
    ],
    "Wohlen": [
        7.35685,
        46.97118
    ],
    "Wittnau": [
        7.97577,
        47.48139
    ],
    "Wittenbach": [
        9.37761,
        47.46308
    ],
    "Zürich (Kreis 7) / Witikon": [
        8.59105,
        47.35751
    ],
    "Winterthur": [
        8.75,
        47.5
    ],
    "Windisch": [
        8.21842,
        47.47899
    ],
    "Wimmis": [
        7.63972,
        46.67587
    ],
    "Willisau": [
        7.99418,
        47.12183
    ],
    "Wildhaus": [
        9.35488,
        47.20148
    ],
    "Wilderswil": [
        7.86175,
        46.66369
    ],
    "Wilchingen": [
        8.46774,
        47.66746
    ],
    "Wila": [
        8.84524,
        47.41928
    ],
    "Wil": [
        9.04552,
        47.46152
    ],
    "Wikon": [
        7.96801,
        47.26339
    ],
    "Wigoltingen": [
        9.0314,
        47.59695
    ],
    "Wiesendangen / Wiesendangen (Dorf)": [
        8.78967,
        47.5217
    ],
    "Wiedlisbach": [
        7.6461,
        47.25194
    ],
    "Zürich (Kreis 3) / Alt-Wiedikon": [
        8.51497,
        47.36201
    ],
    "Wetzikon": [
        8.79779,
        47.3264
    ],
    "Wettingen": [
        8.31636,
        47.4705
    ],
    "Werthenstein": [
        8.10661,
        47.05507
    ],
    "Welschenrohr": [
        7.52634,
        47.28029
    ],
    "Weisslingen": [
        8.76787,
        47.43063
    ],
    "Weiningen": [
        8.43644,
        47.42022
    ],
    "Weinfelden": [
        9.1,
        47.56667
    ],
    "Weggis": [
        8.43219,
        47.03208
    ],
    "Wegenstetten": [
        7.93159,
        47.49794
    ],
    "Weesen": [
        9.09644,
        47.13447
    ],
    "Wauwil": [
        8.021,
        47.18457
    ],
    "Wattwil": [
        9.08757,
        47.30225
    ],
    "Wattenwil": [
        7.50835,
        46.76973
    ],
    "Wängi": [
        8.95356,
        47.49761
    ],
    "Wangen an der Aare": [
        7.65448,
        47.232
    ],
    "Wangen": [
        8.64516,
        47.41182
    ],
    "Walzenhausen": [
        9.60495,
        47.45007
    ],
    "Waltenschwil": [
        8.30344,
        47.33493
    ],
    "Wallisellen": [
        8.59672,
        47.41499
    ],
    "Walenstadt": [
        9.31194,
        47.12411
    ],
    "Walkringen": [
        7.6204,
        46.94856
    ],
    "Waldstatt": [
        9.28345,
        47.35627
    ],
    "Waldkirch": [
        9.28605,
        47.46859
    ],
    "Waldenburg": [
        7.75,
        47.38333
    ],
    "Wald": [
        7.85,
        46.81667
    ],
    "Walchwil": [
        8.51693,
        47.10169
    ],
    "Wahlern": [
        7.35318,
        46.82806
    ],
    "Wahlen": [
        7.51511,
        47.40226
    ],
    "Wagenhausen": [
        8.8479,
        47.65969
    ],
    "Wädenswil": [
        8.6687,
        47.22683
    ],
    "Vuadens": [
        7.02052,
        46.61731
    ],
    "Vouvry": [
        6.89053,
        46.33625
    ],
    "Vorderthal": [
        8.90185,
        47.12092
    ],
    "Vordemwald": [
        7.90114,
        47.27585
    ],
    "Volketswil / Volketswil (Dorf)": [
        8.69085,
        47.39016
    ],
    "Vitznau": [
        8.4842,
        47.01014
    ],
    "Visperterminen": [
        7.90192,
        46.25899
    ],
    "Visp": [
        7.88149,
        46.2937
    ],
    "Vionnaz": [
        6.90062,
        46.31101
    ],
    "Villnachern": [
        8.15975,
        47.47098
    ],
    "Villmergen": [
        8.24583,
        47.34917
    ],
    "Villigen": [
        8.21486,
        47.52682
    ],
    "Villeneuve": [
        6.92654,
        46.39869
    ],
    "Villaz-Saint-Pierre": [
        6.95638,
        46.72074
    ],
    "Villars-sur-Ollon": [
        7.05631,
        46.29832
    ],
    "Villars-sur-Glâne": [
        7.11717,
        46.79054
    ],
    "Viganello": [
        8.96879,
        46.01342
    ],
    "Vicques": [
        7.40266,
        47.35102
    ],
    "Veyrier": [
        6.18436,
        46.16699
    ],
    "Vex": [
        7.39826,
        46.21239
    ],
    "Vevey": [
        6.84345,
        46.46299
    ],
    "Vétroz": [
        7.28903,
        46.22414
    ],
    "Versoix": [
        6.16166,
        46.28402
    ],
    "Verscio": [
        8.73224,
        46.18482
    ],
    "Vernier": [
        6.08497,
        46.21702
    ],
    "Vernayaz": [
        7.03906,
        46.13667
    ],
    "Verbier": [
        7.21621,
        46.09872
    ],
    "Veltheim (Kreis 5)": [
        8.717,
        47.51419
    ],
    "Veltheim": [
        8.14722,
        47.43796
    ],
    "Vechigen": [
        7.56065,
        46.94616
    ],
    "Varen": [
        7.60743,
        46.3186
    ],
    "Vandœuvres": [
        6.20285,
        46.22179
    ],
    "Vallorbe": [
        6.37894,
        46.71256
    ],
    "Uzwil": [
        9.13922,
        47.43813
    ],
    "Uznach": [
        8.98263,
        47.22421
    ],
    "Utzenstorf": [
        7.55838,
        47.12981
    ],
    "Uttwil": [
        9.3424,
        47.5836
    ],
    "Uttigen": [
        7.57789,
        46.79435
    ],
    "Uster": [
        8.72091,
        47.34713
    ],
    "Urtenen": [
        7.50081,
        47.02667
    ],
    "Urnäsch": [
        9.2825,
        47.31669
    ],
    "Wetzikon / Unter-Wetzikon": [
        8.79369,
        47.31637
    ],
    "Untervaz": [
        9.53422,
        46.9275
    ],
    "Untersiggenthal": [
        8.25554,
        47.50213
    ],
    "Unterseen": [
        7.84722,
        46.6853
    ],
    "Unterlunkhofen": [
        8.38102,
        47.3212
    ],
    "Unterkulm": [
        8.11371,
        47.30998
    ],
    "Illnau / Unter-Illnau": [
        8.72607,
        47.40787
    ],
    "Unteriberg": [
        8.8052,
        47.06258
    ],
    "Unterengstringen": [
        8.44761,
        47.41396
    ],
    "Unterehrendingen": [
        8.34729,
        47.5025
    ],
    "Unterägeri": [
        8.5853,
        47.13644
    ],
    "Uitikon": [
        8.45699,
        47.36911
    ],
    "Uhwiesen": [
        8.63542,
        47.67074
    ],
    "Uetikon": [
        8.67925,
        47.26441
    ],
    "Uetendorf": [
        7.57251,
        46.77392
    ],
    "Uerkheim": [
        8.02371,
        47.30289
    ],
    "Uerikon": [
        8.7573,
        47.23672
    ],
    "Ueberstorf": [
        7.30998,
        46.86587
    ],
    "Udligenswil": [
        8.40335,
        47.09005
    ],
    "Turtmann": [
        7.70195,
        46.30148
    ],
    "Turgi": [
        8.25412,
        47.49201
    ],
    "Turbenthal": [
        8.84629,
        47.43633
    ],
    "Tuggen": [
        8.94366,
        47.20291
    ],
    "Trun": [
        8.98716,
        46.74292
    ],
    "Trubschachen": [
        7.8452,
        46.92228
    ],
    "Trub": [
        7.87996,
        46.94168
    ],
    "Troistorrents": [
        6.91589,
        46.2289
    ],
    "Trogen": [
        9.46498,
        47.40782
    ],
    "Trimmis": [
        9.56236,
        46.89907
    ],
    "Trimbach": [
        7.8868,
        47.3656
    ],
    "Triengen": [
        8.07729,
        47.23375
    ],
    "Treyvaux": [
        7.13772,
        46.72745
    ],
    "Trélex": [
        6.20813,
        46.41538
    ],
    "Travers": [
        6.67595,
        46.94018
    ],
    "Tramelan": [
        7.0995,
        47.22393
    ],
    "Trachselwald": [
        7.73639,
        47.01699
    ],
    "Töss (Kreis 4)": [
        8.70215,
        47.4789
    ],
    "Toffen": [
        7.49216,
        46.86031
    ],
    "Thusis": [
        9.43938,
        46.69724
    ],
    "Thundorf": [
        8.96358,
        47.54594
    ],
    "Thun": [
        7.62166,
        46.75118
    ],
    "Thierachern": [
        7.57442,
        46.75319
    ],
    "Therwil": [
        7.55286,
        47.50117
    ],
    "Thayngen": [
        8.70724,
        47.74717
    ],
    "Thalwil": [
        8.56351,
        47.29175
    ],
    "Teufenthal": [
        8.12074,
        47.32863
    ],
    "Teufen": [
        9.38644,
        47.3908
    ],
    "Tesserete": [
        8.9658,
        46.06808
    ],
    "Tegerfelden": [
        8.28914,
        47.55809
    ],
    "Tavannes": [
        7.19759,
        47.22079
    ],
    "Täuffelen": [
        7.19704,
        47.06524
    ],
    "Tann": [
        8.85024,
        47.26898
    ],
    "Tanay": [
        6.83041,
        46.34503
    ],
    "Tamins": [
        9.40648,
        46.82964
    ],
    "Tägerwilen": [
        9.13167,
        47.65594
    ],
    "Tafers": [
        7.21852,
        46.81483
    ],
    "Sursee": [
        8.1,
        47.16667
    ],
    "Sumiswald": [
        7.74526,
        47.02747
    ],
    "Sulz": [
        8.78887,
        47.53954
    ],
    "Sulgen": [
        9.18497,
        47.5377
    ],
    "Suhr": [
        8.07967,
        47.37172
    ],
    "Subingen": [
        7.61949,
        47.19852
    ],
    "Strengelbach": [
        7.92895,
        47.27917
    ],
    "Stettlen": [
        7.52508,
        46.95835
    ],
    "Stettfurt": [
        8.95509,
        47.52446
    ],
    "Steinhausen": [
        8.48581,
        47.1951
    ],
    "Steinen": [
        8.61214,
        47.04976
    ],
    "Stein am Rhein": [
        8.85964,
        47.65933
    ],
    "Stein": [
        7.95256,
        47.54403
    ],
    "Steffisburg": [
        7.63249,
        46.77807
    ],
    "Steckborn": [
        8.98333,
        47.66667
    ],
    "Staufen": [
        8.16606,
        47.38372
    ],
    "Stansstad": [
        8.33553,
        46.9768
    ],
    "Stans": [
        8.366,
        46.95845
    ],
    "Stalden": [
        7.87273,
        46.23341
    ],
    "Staffelbach": [
        8.04208,
        47.28395
    ],
    "Stäfa": [
        8.72342,
        47.24254
    ],
    "Stabio": [
        8.93918,
        45.85099
    ],
    "Spreitenbach": [
        8.36301,
        47.42016
    ],
    "Spiez": [
        7.69111,
        46.68473
    ],
    "Speicher": [
        9.44335,
        47.4109
    ],
    "Sottens": [
        6.74197,
        46.65521
    ],
    "Sorengo": [
        8.93713,
        45.99855
    ],
    "Solothurn": [
        7.53714,
        47.20791
    ],
    "Sissach": [
        7.80888,
        47.46408
    ],
    "Sirnach": [
        8.99763,
        47.46222
    ],
    "Sion": [
        7.35942,
        46.22908
    ],
    "Sins": [
        8.39578,
        47.19216
    ],
    "Silvaplana": [
        9.79514,
        46.4581
    ],
    "Silenen": [
        8.67325,
        46.7891
    ],
    "Sigriswil": [
        7.71335,
        46.71656
    ],
    "Signau": [
        7.72418,
        46.91944
    ],
    "Sierre": [
        7.53559,
        46.29192
    ],
    "Sevelen": [
        9.48601,
        47.12213
    ],
    "Seuzach / Seuzach (Dorf)": [
        8.73728,
        47.53545
    ],
    "Seon": [
        8.15607,
        47.3449
    ],
    "Sennwald": [
        9.50268,
        47.26053
    ],
    "Sempach": [
        8.19149,
        47.13577
    ],
    "Sementina": [
        8.99162,
        46.18363
    ],
    "Selzach": [
        7.45521,
        47.20531
    ],
    "Seltisberg": [
        7.71729,
        47.45947
    ],
    "Seftigen": [
        7.53936,
        46.78765
    ],
    "Seengen": [
        8.20509,
        47.32852
    ],
    "Seedorf": [
        8.61611,
        46.88199
    ],
    "Seeberg": [
        7.66541,
        47.14434
    ],
    "Zürich (Kreis 11) / Seebach": [
        8.54779,
        47.42181
    ],
    "Scuol": [
        10.30595,
        46.79676
    ],
    "Schwyz": [
        8.65414,
        47.02076
    ],
    "Schwellbrunn": [
        9.24894,
        47.35255
    ],
    "Schwarzenberg": [
        8.17261,
        47.01705
    ],
    "Schwanden": [
        9.0701,
        46.99541
    ],
    "Schwaderloch": [
        8.14455,
        47.58541
    ],
    "Schüpfheim": [
        8.01724,
        46.95161
    ],
    "Schüpfen": [
        7.37723,
        47.03661
    ],
    "Schübelbach": [
        8.92811,
        47.17326
    ],
    "Schötz": [
        7.9887,
        47.16896
    ],
    "Schönenwerd": [
        8.00167,
        47.3691
    ],
    "Schönenbuch": [
        7.50572,
        47.53853
    ],
    "Schöftland": [
        8.05138,
        47.30572
    ],
    "Schmitten": [
        7.25031,
        46.8575
    ],
    "Schmerikon": [
        8.94836,
        47.22538
    ],
    "Schlieren": [
        8.44763,
        47.39668
    ],
    "Schleitheim": [
        8.48213,
        47.74818
    ],
    "Schinznach Dorf": [
        8.14089,
        47.4465
    ],
    "Schinznach Bad": [
        8.16833,
        47.44992
    ],
    "Schindellegi": [
        8.71345,
        47.1746
    ],
    "Schiers": [
        9.6872,
        46.96973
    ],
    "Schenkon": [
        8.14384,
        47.1683
    ],
    "Schattdorf": [
        8.65466,
        46.8655
    ],
    "Schänis": [
        9.04736,
        47.15799
    ],
    "Schafisheim": [
        8.14076,
        47.37529
    ],
    "Schaffhausen": [
        8.63493,
        47.69732
    ],
    "Saxon": [
        7.18074,
        46.15005
    ],
    "Savigny": [
        6.73222,
        46.53844
    ],
    "Savièse": [
        7.34558,
        46.25115
    ],
    "Sattel": [
        8.63565,
        47.08246
    ],
    "Satigny": [
        6.03553,
        46.21462
    ],
    "Sarnen": [
        8.25068,
        46.89851
    ],
    "Sarmenstorf": [
        8.24949,
        47.31022
    ],
    "Sargans": [
        9.44103,
        47.04896
    ],
    "Santa Maria in Calanca": [
        9.14886,
        46.26623
    ],
    "Sankt Stephan": [
        7.39386,
        46.51168
    ],
    "Sankt Peterzell": [
        9.17449,
        47.31782
    ],
    "Sankt Niklaus": [
        7.80307,
        46.17706
    ],
    "Saint Moritz": [
        9.83909,
        46.4984
    ],
    "Sankt Margrethen": [
        9.63741,
        47.45253
    ],
    "Sankt Gallenkappel": [
        8.97388,
        47.24668
    ],
    "Sankt Gallen": [
        9.37477,
        47.42391
    ],
    "Sankt Antoni": [
        7.26091,
        46.82207
    ],
    "Samedan": [
        9.87122,
        46.53417
    ],
    "Salvan": [
        7.01618,
        46.11634
    ],
    "Salmsach": [
        9.36889,
        47.55696
    ],
    "Salgesch": [
        7.56954,
        46.31056
    ],
    "Sâles": [
        6.97363,
        46.63763
    ],
    "Saint-Prex": [
        6.45992,
        46.47963
    ],
    "Saint-Maurice": [
        7.0032,
        46.21826
    ],
    "Saint-Livres": [
        6.38753,
        46.50794
    ],
    "Saint-Léonard": [
        7.41714,
        46.25152
    ],
    "Saint-Imier": [
        6.99692,
        47.15284
    ],
    "Sainte-Croix": [
        6.50283,
        46.82203
    ],
    "Saint-Cergue": [
        6.15736,
        46.4459
    ],
    "Saint-Blaise": [
        6.98472,
        47.01323
    ],
    "Saint-Aubin-Sauges": [
        6.77251,
        46.89419
    ],
    "Saillon": [
        7.18488,
        46.17208
    ],
    "Saignelégier": [
        6.99648,
        47.25619
    ],
    "Safenwil": [
        7.98122,
        47.3214
    ],
    "Sachseln": [
        8.23344,
        46.86718
    ],
    "Saas-Grund": [
        7.93651,
        46.12281
    ],
    "Saas-Fee": [
        7.92741,
        46.10805
    ],
    "Saanen": [
        7.25961,
        46.48956
    ],
    "Rüti": [
        8.85552,
        47.25603
    ],
    "Rüthi": [
        9.53857,
        47.2948
    ],
    "Ruswil": [
        8.12645,
        47.08425
    ],
    "Russikon": [
        8.77515,
        47.39669
    ],
    "Rüschlikon": [
        8.55135,
        47.30688
    ],
    "Rüschegg": [
        7.39167,
        46.77977
    ],
    "Rupperswil": [
        8.12877,
        47.40131
    ],
    "Rümlang": [
        8.52993,
        47.45041
    ],
    "Rüeggisberg": [
        7.4389,
        46.82216
    ],
    "Rue": [
        6.82225,
        46.61916
    ],
    "Rudolfstetten": [
        8.38083,
        47.37101
    ],
    "Rüderswil": [
        7.72061,
        46.98415
    ],
    "Rubigen": [
        7.5446,
        46.89868
    ],
    "Rothrist": [
        7.89196,
        47.30508
    ],
    "Rothenthurm": [
        8.67585,
        47.1042
    ],
    "Röschenz": [
        7.48024,
        47.42366
    ],
    "Rorschach": [
        9.4903,
        47.478
    ],
    "Rorbas": [
        8.57555,
        47.53092
    ],
    "Root": [
        8.39021,
        47.11458
    ],
    "Romont": [
        6.91898,
        46.69652
    ],
    "Römerswil": [
        8.24643,
        47.16813
    ],
    "Romanshorn": [
        9.37869,
        47.56586
    ],
    "Romanel": [
        6.60453,
        46.56667
    ],
    "Rolle": [
        6.33499,
        46.4582
    ],
    "Rohrbach": [
        7.81334,
        47.13521
    ],
    "Rohr": [
        7.95,
        47.4
    ],
    "Roggwil": [
        7.82141,
        47.24119
    ],
    "Rodersdorf": [
        7.4576,
        47.4822
    ],
    "Riva San Vitale": [
        8.97104,
        45.90341
    ],
    "Ringgenberg": [
        7.89445,
        46.70114
    ],
    "Effretikon / Rikon": [
        8.79528,
        47.44674
    ],
    "Riggisberg": [
        7.48014,
        46.81028
    ],
    "Riedholz": [
        7.56829,
        47.23158
    ],
    "Riddes": [
        7.2236,
        46.17276
    ],
    "Richterswil": [
        8.69686,
        47.20622
    ],
    "Riaz": [
        7.06183,
        46.64224
    ],
    "Rheinfelden": [
        7.79403,
        47.55437
    ],
    "Rheineck": [
        9.59028,
        47.4663
    ],
    "Rhäzüns": [
        9.39837,
        46.79861
    ],
    "Renens": [
        6.5881,
        46.53989
    ],
    "Reinach": [
        8.18845,
        47.25944
    ],
    "Reigoldswil": [
        7.68718,
        47.39824
    ],
    "Reiden": [
        7.97135,
        47.24719
    ],
    "Reichenburg": [
        8.98304,
        47.16747
    ],
    "Rehetobel": [
        9.483,
        47.42611
    ],
    "Regensdorf": [
        8.46874,
        47.4341
    ],
    "Reconvilier": [
        7.22239,
        47.23431
    ],
    "Rechthalten": [
        7.24028,
        46.76766
    ],
    "Rebstein": [
        9.58503,
        47.39812
    ],
    "Elsau-Räterschen / Räterschen": [
        8.796,
        47.49927
    ],
    "Raron": [
        7.80029,
        46.31196
    ],
    "Rapperswil": [
        8.82228,
        47.22557
    ],
    "Randogne": [
        7.49113,
        46.31303
    ],
    "Ramsen": [
        8.80949,
        47.70797
    ],
    "Rafz": [
        8.54305,
        47.60438
    ],
    "Radelfingen": [
        7.27178,
        47.02146
    ],
    "Quarten": [
        9.24199,
        47.107
    ],
    "Pura": [
        8.86877,
        45.98647
    ],
    "Pully": [
        6.66183,
        46.51027
    ],
    "Puidoux": [
        6.78249,
        46.50093
    ],
    "Promontogno": [
        9.5576,
        46.33939
    ],
    "Prilly": [
        6.59266,
        46.53938
    ],
    "Pregassona": [
        8.97429,
        46.02021
    ],
    "Pratteln": [
        7.69356,
        47.52071
    ],
    "Praroman": [
        7.17781,
        46.74653
    ],
    "Prangins": [
        6.24948,
        46.39396
    ],
    "Poschiavo": [
        10.05721,
        46.3244
    ],
    "Port-Valais": [
        6.87263,
        46.37156
    ],
    "Porrentruy": [
        7.07522,
        47.41533
    ],
    "Pontresina": [
        9.90126,
        46.4955
    ],
    "Plan-les-Ouates": [
        6.11912,
        46.16762
    ],
    "Plaffeien": [
        7.28666,
        46.74198
    ],
    "Pieterlen": [
        7.33791,
        47.17501
    ],
    "Pfyn": [
        8.9532,
        47.59763
    ],
    "Pfungen": [
        8.6423,
        47.51394
    ],
    "Pfaffhausen": [
        8.62375,
        47.36476
    ],
    "Pfeffingen": [
        7.58975,
        47.45984
    ],
    "Pfaffnau": [
        7.89719,
        47.22772
    ],
    "Pfäffikon": [
        8.79202,
        47.36453
    ],
    "Peseux": [
        6.88903,
        46.98704
    ],
    "Péry": [
        7.24913,
        47.19398
    ],
    "Perroy": [
        6.36622,
        46.46821
    ],
    "Penthalaz": [
        6.52519,
        46.61077
    ],
    "Payerne": [
        6.93608,
        46.82201
    ],
    "Paudex": [
        6.66819,
        46.50548
    ],
    "Pampigny": [
        6.42941,
        46.58093
    ],
    "Palézieux": [
        6.8325,
        46.54543
    ],
    "Pailly": [
        6.6754,
        46.70123
    ],
    "Ottenbach": [
        8.40432,
        47.28228
    ],
    "Othmarsingen": [
        8.21852,
        47.40149
    ],
    "Otelfingen": [
        8.39141,
        47.46053
    ],
    "Orvin": [
        7.21368,
        47.16068
    ],
    "Orsières": [
        7.14437,
        46.02903
    ],
    "Orpund": [
        7.30775,
        47.13891
    ],
    "Oron-la-ville": [
        6.8273,
        46.57181
    ],
    "Ormalingen": [
        7.87248,
        47.46936
    ],
    "Orbe": [
        6.53069,
        46.72504
    ],
    "Opfikon": [
        8.57588,
        47.43169
    ],
    "Onex": [
        6.10181,
        46.18391
    ],
    "Olten": [
        7.90329,
        47.34999
    ],
    "Ollon": [
        6.99314,
        46.29524
    ],
    "Oftringen": [
        7.92533,
        47.31382
    ],
    "Oetwil": [
        8.72023,
        47.27049
    ],
    "Zürich (Kreis 11) / Oerlikon": [
        8.54258,
        47.40823
    ],
    "Oensingen": [
        7.72305,
        47.28639
    ],
    "Obfelden": [
        8.4215,
        47.26413
    ],
    "Oberwil": [
        7.55786,
        47.51407
    ],
    "Wetzikon / Ober-Wetzikon": [
        8.80005,
        47.32514
    ],
    "Oberuzwil": [
        9.12724,
        47.43076
    ],
    "Urdorf": [
        8.42581,
        47.38507
    ],
    "Obersiggenthal": [
        8.29652,
        47.4875
    ],
    "Oberschrot": [
        7.26896,
        46.73979
    ],
    "Oberrüti": [
        8.39441,
        47.16673
    ],
    "Oberriet": [
        9.56608,
        47.31988
    ],
    "Oberrieden": [
        8.57838,
        47.27444
    ],
    "Oberlunkhofen": [
        8.39142,
        47.3115
    ],
    "Oberkirch": [
        8.11567,
        47.15642
    ],
    "Oberhelfenschwil": [
        9.11076,
        47.35673
    ],
    "Obergösgen": [
        7.95276,
        47.36406
    ],
    "Oberglatt": [
        8.51896,
        47.47576
    ],
    "Oberentfelden": [
        8.04594,
        47.35639
    ],
    "Oberengstringen": [
        8.46515,
        47.40841
    ],
    "Oberendingen": [
        8.29338,
        47.53636
    ],
    "Oberegg": [
        9.55134,
        47.42402
    ],
    "Oberdorf": [
        7.75122,
        47.39308
    ],
    "Oberdiessbach": [
        7.6173,
        46.84117
    ],
    "Oberburg": [
        7.62652,
        47.03774
    ],
    "Oberbuchsiten": [
        7.76836,
        47.31334
    ],
    "Oberbipp": [
        7.6658,
        47.25296
    ],
    "Nyon": [
        6.23955,
        46.38318
    ],
    "Nürensdorf": [
        8.64908,
        47.44814
    ],
    "Nunningen": [
        7.62122,
        47.3945
    ],
    "Novazzano": [
        8.98236,
        45.84073
    ],
    "Nottwil": [
        8.13712,
        47.13569
    ],
    "Niederwichtrach": [
        7.57748,
        46.8501
    ],
    "Niederurnen": [
        9.05428,
        47.12598
    ],
    "Niederrohrdorf": [
        8.30643,
        47.42352
    ],
    "Niederlenz": [
        8.1764,
        47.40079
    ],
    "Niederhelfenschwil": [
        9.18543,
        47.47487
    ],
    "Niedergösgen": [
        7.99122,
        47.37217
    ],
    "Niedererlinsbach": [
        8.00503,
        47.39218
    ],
    "Niederbüren": [
        9.20568,
        47.46547
    ],
    "Niederbipp": [
        7.69461,
        47.26613
    ],
    "Nidau": [
        7.24033,
        47.12545
    ],
    "Neunkirch": [
        8.49981,
        47.69012
    ],
    "Neuhausen": [
        8.61474,
        47.68579
    ],
    "Neuenkirch": [
        8.20416,
        47.09989
    ],
    "Neuenhof": [
        8.32577,
        47.4526
    ],
    "Neudorf": [
        8.20911,
        47.17699
    ],
    "Neuchâtel": [
        6.931,
        46.99179
    ],
    "Netstal": [
        9.05534,
        47.06197
    ],
    "Neftenbach / Dorf Neftenbach": [
        8.6649,
        47.52764
    ],
    "Nebikon": [
        7.97806,
        47.19257
    ],
    "Naters": [
        7.98912,
        46.32536
    ],
    "Nänikon": [
        8.68894,
        47.36975
    ],
    "Näfels": [
        9.06411,
        47.09975
    ],
    "Muttenz": [
        7.64511,
        47.52271
    ],
    "Murten": [
        7.11715,
        46.92827
    ],
    "Muri": [
        7.48658,
        46.93122
    ],
    "Murgenthal": [
        7.81667,
        47.26667
    ],
    "Muotathal": [
        8.76499,
        46.97676
    ],
    "Muolen": [
        9.32554,
        47.52102
    ],
    "Münsterlingen": [
        9.23495,
        47.63089
    ],
    "Münsingen": [
        7.561,
        46.87298
    ],
    "Münchwilen": [
        8.99677,
        47.47719
    ],
    "Münchenstein": [
        7.60966,
        47.51848
    ],
    "Münchenbuchsee": [
        7.45036,
        47.02175
    ],
    "Mumpf": [
        7.92123,
        47.54563
    ],
    "Müllheim": [
        9.00357,
        47.60195
    ],
    "Mühlethurnen": [
        7.50881,
        46.81345
    ],
    "Mühleberg": [
        7.26102,
        46.95466
    ],
    "Muhen": [
        8.05408,
        47.33671
    ],
    "Moutier": [
        7.36951,
        47.27818
    ],
    "Moudon": [
        6.80127,
        46.66948
    ],
    "Mosnang": [
        9.04296,
        47.36252
    ],
    "Mörschwil": [
        9.42178,
        47.46867
    ],
    "Morges": [
        6.49854,
        46.51127
    ],
    "Morbio Inferiore": [
        9.01644,
        45.85341
    ],
    "Montreux": [
        6.91143,
        46.43301
    ],
    "Monthey": [
        6.96066,
        46.25546
    ],
    "Monte Carasso": [
        8.99892,
        46.18649
    ],
    "Montana": [
        7.48408,
        46.31264
    ],
    "Montagny": [
        6.61222,
        46.79289
    ],
    "Montagnola": [
        8.91772,
        45.98167
    ],
    "Mönchaltorf": [
        8.72029,
        47.30958
    ],
    "Mollis": [
        9.07542,
        47.09418
    ],
    "Mollens": [
        6.3632,
        46.5776
    ],
    "Möhlin": [
        7.84329,
        47.55915
    ],
    "Mogelsberg": [
        9.13541,
        47.36222
    ],
    "Minusio": [
        8.81473,
        46.17769
    ],
    "Mézières": [
        6.9263,
        46.67958
    ],
    "Meyrin": [
        6.08025,
        46.23424
    ],
    "Mettmenstetten": [
        8.46347,
        47.24529
    ],
    "Messen": [
        7.44957,
        47.09128
    ],
    "Mesocco": [
        9.23323,
        46.39037
    ],
    "Merenschwand": [
        8.37532,
        47.2587
    ],
    "Menznau": [
        8.03971,
        47.08364
    ],
    "Menzingen": [
        8.59215,
        47.17764
    ],
    "Menziken": [
        8.19047,
        47.24249
    ],
    "Mendrisio": [
        8.9821,
        45.86741
    ],
    "Mellingen": [
        8.27331,
        47.41903
    ],
    "Melide": [
        8.94725,
        45.95455
    ],
    "Melchnau": [
        7.85128,
        47.18213
    ],
    "Melano": [
        8.98544,
        45.9221
    ],
    "Meisterschwanden": [
        8.22867,
        47.29489
    ],
    "Meiringen": [
        8.1872,
        46.72709
    ],
    "Meinisberg": [
        7.34801,
        47.15965
    ],
    "Meilen": [
        8.64617,
        47.27232
    ],
    "Meierskappel": [
        8.44436,
        47.12424
    ],
    "Meggen": [
        8.37467,
        47.04691
    ],
    "Mauensee": [
        8.06617,
        47.16847
    ],
    "Matzingen": [
        8.93194,
        47.52026
    ],
    "Matzendorf": [
        7.6282,
        47.30374
    ],
    "Matten": [
        7.86889,
        46.67833
    ],
    "Massagno": [
        8.94534,
        46.01562
    ],
    "Martigny-Ville": [
        7.07245,
        46.10276
    ],
    "Martigny-Combe": [
        7.05099,
        46.07817
    ],
    "Marthalen": [
        8.65326,
        47.62913
    ],
    "Märstetten-Dorf": [
        9.06851,
        47.59252
    ],
    "Marsens": [
        7.06167,
        46.65649
    ],
    "Marly": [
        7.16459,
        46.77611
    ],
    "Männedorf": [
        8.69893,
        47.25686
    ],
    "Malvaglia": [
        8.97921,
        46.41282
    ],
    "Malters": [
        8.18193,
        47.03628
    ],
    "Malleray": [
        7.27286,
        47.23839
    ],
    "Malans": [
        9.57527,
        46.98096
    ],
    "Maienfeld": [
        9.53115,
        47.00472
    ],
    "Magden": [
        7.81128,
        47.52868
    ],
    "Magadino": [
        8.8561,
        46.14892
    ],
    "Madiswil": [
        7.79858,
        47.16463
    ],
    "Lyssach": [
        7.58228,
        47.06445
    ],
    "Lyss": [
        7.30655,
        47.0741
    ],
    "Luzern": [
        8.30635,
        47.05048
    ],
    "Luzein": [
        9.7608,
        46.91957
    ],
    "Lützelflüh": [
        7.69165,
        47.00757
    ],
    "Lutry": [
        6.68647,
        46.50241
    ],
    "Lütisburg": [
        9.08312,
        47.39451
    ],
    "Luthern": [
        7.91692,
        47.05753
    ],
    "Luterbach": [
        7.58463,
        47.21426
    ],
    "Lungern": [
        8.15984,
        46.78578
    ],
    "Lumino": [
        9.06634,
        46.23072
    ],
    "Lugano": [
        8.96004,
        46.01008
    ],
    "Luchsingen": [
        9.03715,
        46.9664
    ],
    "Lucens": [
        6.83931,
        46.70854
    ],
    "Lotzwil": [
        7.79102,
        47.19135
    ],
    "Lostorf": [
        7.94849,
        47.38445
    ],
    "Losone": [
        8.75928,
        46.16866
    ],
    "Lodrino": [
        8.97986,
        46.30016
    ],
    "Locarno": [
        8.79953,
        46.17086
    ],
    "Littau": [
        8.26274,
        47.05
    ],
    "Linthal": [
        8.99799,
        46.92127
    ],
    "Linden": [
        7.67491,
        46.84872
    ],
    "Ligornetto": [
        8.95446,
        45.86148
    ],
    "Liestal": [
        7.73446,
        47.48455
    ],
    "Liesberg": [
        7.42787,
        47.40398
    ],
    "Lichtensteig": [
        9.08758,
        47.32381
    ],
    "Leytron": [
        7.2078,
        46.1866
    ],
    "Leysin": [
        7.01151,
        46.34183
    ],
    "Le Vaud": [
        6.23603,
        46.47753
    ],
    "Leuzigen": [
        7.45776,
        47.17458
    ],
    "Leukerbad": [
        7.62687,
        46.37943
    ],
    "Leuk": [
        7.63333,
        46.31667
    ],
    "Les Ponts-de-Martel": [
        6.73356,
        46.99925
    ],
    "Les Geneveys-sur-Coffrane": [
        6.85253,
        47.014
    ],
    "Les Breuleux": [
        7.00792,
        47.21099
    ],
    "Les Brenets": [
        6.70727,
        47.06708
    ],
    "Les Bois": [
        6.90498,
        47.17715
    ],
    "Lenzburg": [
        8.17503,
        47.38853
    ],
    "Lens": [
        7.44596,
        46.27965
    ],
    "Le Noirmont": [
        6.9573,
        47.22567
    ],
    "Lenk": [
        7.44298,
        46.45826
    ],
    "Lengnau": [
        7.36814,
        47.18155
    ],
    "Le Mont-sur-Lausanne": [
        6.63145,
        46.55815
    ],
    "Le Locle": [
        6.75228,
        47.05953
    ],
    "Le Landeron": [
        7.07184,
        47.0562
    ],
    "Leibstadt": [
        8.17611,
        47.5879
    ],
    "Le Chenit": [
        6.23062,
        46.60688
    ],
    "Le Châtelard": [
        6.89908,
        46.44527
    ],
    "Lavertezzo": [
        8.83756,
        46.25893
    ],
    "Lauterbrunnen": [
        7.90765,
        46.59568
    ],
    "Lausen": [
        7.7603,
        47.47139
    ],
    "Lausanne": [
        6.63282,
        46.516
    ],
    "Lauperswil": [
        7.74214,
        46.96564
    ],
    "Laupersdorf": [
        7.65053,
        47.31426
    ],
    "Laupen": [
        7.23973,
        46.90214
    ],
    "Laufenburg": [
        8.06225,
        47.55985
    ],
    "Laufen": [
        7.49946,
        47.42193
    ],
    "Läufelfingen": [
        7.85578,
        47.39457
    ],
    "La Tour-de-Trême": [
        7.06496,
        46.61061
    ],
    "La Tour-de-Peilz": [
        6.85856,
        46.45312
    ],
    "La Sarraz": [
        6.51077,
        46.65863
    ],
    "La Roche": [
        7.1393,
        46.69723
    ],
    "Langrickenbach": [
        9.24738,
        47.59409
    ],
    "Langnau / Langnau (Dorf)": [
        8.53627,
        47.28643
    ],
    "Langnau": [
        7.78738,
        46.93936
    ],
    "Langenthal": [
        7.79607,
        47.21526
    ],
    "Langenbruck": [
        7.76802,
        47.34917
    ],
    "La Neuveville": [
        7.09955,
        47.0684
    ],
    "Landquart": [
        9.56667,
        46.95
    ],
    "Lachen": [
        8.8562,
        47.19152
    ],
    "La Chaux-de-Fonds": [
        6.82586,
        47.09993
    ],
    "L'Abbaye": [
        6.31907,
        46.64966
    ],
    "Laax": [
        9.25787,
        46.80452
    ],
    "Küttigen": [
        8.04767,
        47.41566
    ],
    "Küssnacht": [
        8.44206,
        47.08557
    ],
    "Küsnacht": [
        8.58401,
        47.31805
    ],
    "Künten": [
        8.33105,
        47.3889
    ],
    "Krummenau": [
        9.17054,
        47.24755
    ],
    "Kriens": [
        8.27631,
        47.03537
    ],
    "Kriegstetten": [
        7.59799,
        47.17449
    ],
    "Kreuzlingen": [
        9.18333,
        47.65
    ],
    "Krauchthal": [
        7.5664,
        47.00964
    ],
    "Koppigen": [
        7.59875,
        47.13385
    ],
    "Konolfingen": [
        7.62013,
        46.87909
    ],
    "Köniz": [
        7.41457,
        46.92436
    ],
    "Kölliken": [
        8.02644,
        47.33882
    ],
    "Kollbrunn": [
        8.78295,
        47.45793
    ],
    "Koblenz": [
        8.2375,
        47.60972
    ],
    "Knutwil": [
        8.07315,
        47.19953
    ],
    "Knonau": [
        8.46197,
        47.2235
    ],
    "Kloten": [
        8.58491,
        47.45152
    ],
    "Klosters Serneus": [
        9.83826,
        46.88918
    ],
    "Klingnau": [
        8.25048,
        47.57998
    ],
    "Kleinlützel": [
        7.42294,
        47.42537
    ],
    "Kirchlindach": [
        7.41735,
        46.99965
    ],
    "Kirchberg": [
        7.58288,
        47.08538
    ],
    "Killwangen": [
        8.34805,
        47.43182
    ],
    "Kilchberg": [
        8.54548,
        47.32438
    ],
    "Kerzers": [
        7.1957,
        46.97586
    ],
    "Kerns": [
        8.27652,
        46.90088
    ],
    "Kehrsatz": [
        7.47096,
        46.91035
    ],
    "Kappelen": [
        7.2686,
        47.06015
    ],
    "Kandersteg": [
        7.67326,
        46.49467
    ],
    "Kaltbrunn": [
        9.0259,
        47.21367
    ],
    "Kallnach": [
        7.23545,
        47.02032
    ],
    "Kaisten": [
        8.04337,
        47.5416
    ],
    "Kaiseraugst": [
        7.72605,
        47.53966
    ],
    "Jussy": [
        6.26701,
        46.2359
    ],
    "Jonschwil": [
        9.08689,
        47.42402
    ],
    "Jonen": [
        8.39337,
        47.2974
    ],
    "Jona": [
        8.83884,
        47.22983
    ],
    "Jenaz": [
        9.71275,
        46.92892
    ],
    "Jegenstorf": [
        7.50787,
        47.04802
    ],
    "Pfäffikon / Irgenhausen": [
        8.79265,
        47.3624
    ],
    "Inwil": [
        8.34885,
        47.1253
    ],
    "Interlaken": [
        7.86638,
        46.68387
    ],
    "Ins": [
        7.10609,
        47.00584
    ],
    "Ingenbohl": [
        8.61477,
        47.00464
    ],
    "Illnau": [
        8.72125,
        47.4113
    ],
    "Ilanz": [
        9.20461,
        46.77413
    ],
    "Igis": [
        9.57218,
        46.94531
    ],
    "Ibach": [
        8.64538,
        47.01105
    ],
    "Hüttwilen": [
        8.87343,
        47.60674
    ],
    "Huttwil": [
        7.86209,
        47.11502
    ],
    "Hünenberg": [
        8.42497,
        47.17536
    ],
    "Horw": [
        8.30956,
        47.01692
    ],
    "Horn": [
        9.46246,
        47.49425
    ],
    "Horgen": [
        8.60027,
        47.25579
    ],
    "Zürich (Kreis 10) / Höngg": [
        8.4971,
        47.40313
    ],
    "Homburg": [
        9.0079,
        47.63466
    ],
    "Hombrechtikon": [
        8.77212,
        47.25298
    ],
    "Hölstein": [
        7.77136,
        47.42512
    ],
    "Hohenrain": [
        8.31802,
        47.18083
    ],
    "Hochwald": [
        7.6418,
        47.4583
    ],
    "Hochdorf": [
        8.28333,
        47.16667
    ],
    "Hitzkirch": [
        8.26425,
        47.22403
    ],
    "Hittnau / Hittnau (Dorf)": [
        8.82418,
        47.36334
    ],
    "Hinwil": [
        8.84393,
        47.29426
    ],
    "Hinterrhein": [
        9.2,
        46.53333
    ],
    "Hindelbank": [
        7.54143,
        47.0427
    ],
    "Himmelried": [
        7.59659,
        47.42111
    ],
    "Hilterfingen": [
        7.66185,
        46.73521
    ],
    "Hildisrieden": [
        8.22582,
        47.15068
    ],
    "Hettlingen": [
        8.70532,
        47.5461
    ],
    "Herzogenbuchsee": [
        7.7062,
        47.18795
    ],
    "Herrliberg": [
        8.61464,
        47.29064
    ],
    "Hermiswil": [
        7.47775,
        46.83125
    ],
    "Herisau": [
        9.27916,
        47.38615
    ],
    "Hergiswil": [
        8.30944,
        46.98429
    ],
    "Hérémence": [
        7.40492,
        46.18153
    ],
    "Henggart": [
        8.68215,
        47.56272
    ],
    "Heitenried": [
        7.29944,
        46.82762
    ],
    "Heimiswil": [
        7.66665,
        47.06755
    ],
    "Heimberg": [
        7.60433,
        46.79482
    ],
    "Heiden": [
        9.53293,
        47.44255
    ],
    "Oberwinterthur (Kreis 2) / Hegi": [
        8.77394,
        47.50317
    ],
    "Hausen am Albis / Hausen (Dorf)": [
        8.53299,
        47.24496
    ],
    "Hasle": [
        8.05326,
        46.97786
    ],
    "Hallau": [
        8.45827,
        47.69648
    ],
    "Hägglingen": [
        8.25323,
        47.3885
    ],
    "Häggenschwil": [
        9.34247,
        47.49422
    ],
    "Hägendorf": [
        7.84192,
        47.33436
    ],
    "Güttingen": [
        9.28691,
        47.60386
    ],
    "Gunzwil": [
        8.17932,
        47.21072
    ],
    "Gunzgen": [
        7.83102,
        47.31375
    ],
    "Guggisberg": [
        7.32946,
        46.76756
    ],
    "Gstaad": [
        7.28685,
        46.47215
    ],
    "Gryon": [
        7.05975,
        46.27377
    ],
    "Gruyères": [
        7.08253,
        46.58365
    ],
    "Grüsch": [
        9.64639,
        46.97965
    ],
    "Grosswangen": [
        8.04781,
        47.13282
    ],
    "Andelfingen": [
        8.67826,
        47.59447
    ],
    "Grossaffoltern": [
        7.36232,
        47.06595
    ],
    "Grône": [
        7.45365,
        46.25237
    ],
    "Grolley": [
        7.07116,
        46.8336
    ],
    "Grindelwald": [
        8.03601,
        46.62396
    ],
    "Grimisuat": [
        7.38489,
        46.2617
    ],
    "Grenchen": [
        7.39586,
        47.1921
    ],
    "Grellingen": [
        7.58906,
        47.44231
    ],
    "Greifensee": [
        8.68115,
        47.36717
    ],
    "Gravesano": [
        8.91832,
        46.04208
    ],
    "Gränichen": [
        8.10243,
        47.3593
    ],
    "Grandson": [
        6.646,
        46.80946
    ],
    "Grand-Savagnier": [
        6.95534,
        47.05177
    ],
    "Le Grand-Saconnex": [
        6.1233,
        46.22642
    ],
    "Grancy": [
        6.46391,
        46.59214
    ],
    "Grächen": [
        7.8395,
        46.19636
    ],
    "Grabs": [
        9.44395,
        47.18248
    ],
    "Gottlieben": [
        9.13245,
        47.66418
    ],
    "Gossau": [
        8.75831,
        47.3051
    ],
    "Gorgier": [
        6.77985,
        46.90143
    ],
    "Gordola": [
        8.86657,
        46.18256
    ],
    "Gontenschwil": [
        8.14396,
        47.27166
    ],
    "Gonten": [
        9.34705,
        47.32725
    ],
    "Gommiswald": [
        9.02355,
        47.23128
    ],
    "Goldingen": [
        8.96627,
        47.26277
    ],
    "Goldau": [
        8.54616,
        47.04761
    ],
    "Goldach": [
        9.46846,
        47.47511
    ],
    "Glovelier": [
        7.20544,
        47.33466
    ],
    "Glattfelden": [
        8.50167,
        47.55871
    ],
    "Glattbrugg": [
        8.56272,
        47.4313
    ],
    "Glarus": [
        9.06804,
        47.04057
    ],
    "Gland": [
        6.2701,
        46.42082
    ],
    "Giubiasco": [
        9.00793,
        46.17246
    ],
    "Giswil": [
        8.18065,
        46.83333
    ],
    "Gipf-Oberfrick": [
        8.00498,
        47.49875
    ],
    "Castenada": [
        9.13874,
        46.2581
    ],
    "Gimel": [
        6.30736,
        46.50945
    ],
    "Giffers": [
        7.20845,
        46.7623
    ],
    "Geuensee": [
        8.1069,
        47.1997
    ],
    "Gersau": [
        8.525,
        46.99419
    ],
    "Gerlafingen": [
        7.57505,
        47.16978
    ],
    "Genolier": [
        6.21809,
        46.43537
    ],
    "Genève": [
        6.14569,
        46.20222
    ],
    "Gelterkinden": [
        7.85174,
        47.46497
    ],
    "Gebenstorf": [
        8.23949,
        47.48136
    ],
    "Ganterschwil": [
        9.09239,
        47.38103
    ],
    "Gams": [
        9.44172,
        47.20429
    ],
    "Gampel": [
        7.7421,
        46.31599
    ],
    "Gais": [
        9.45356,
        47.3615
    ],
    "Gachnang": [
        8.85245,
        47.53893
    ],
    "Fully": [
        7.11468,
        46.13851
    ],
    "Füllinsdorf": [
        7.73129,
        47.50688
    ],
    "Fulenbach": [
        7.83344,
        47.27496
    ],
    "Frutigen": [
        7.64751,
        46.58782
    ],
    "Froideville": [
        6.68457,
        46.60015
    ],
    "Frick": [
        8.02471,
        47.51169
    ],
    "Fribourg": [
        7.15128,
        46.80237
    ],
    "Frenkendorf": [
        7.71648,
        47.50686
    ],
    "Freienbach": [
        8.75842,
        47.20534
    ],
    "Frauenkappelen": [
        7.33835,
        46.95425
    ],
    "Frauenfeld": [
        8.89854,
        47.55816
    ],
    "Fraubrunnen": [
        7.52727,
        47.0862
    ],
    "Founex": [
        6.19243,
        46.33277
    ],
    "Fontenais": [
        7.08191,
        47.40478
    ],
    "Fontainemelon": [
        6.8868,
        47.05495
    ],
    "Flurlingen": [
        8.62995,
        47.6839
    ],
    "Flums": [
        9.34301,
        47.09058
    ],
    "Flühli": [
        8.01558,
        46.88391
    ],
    "Flüelen": [
        8.61667,
        46.9
    ],
    "Flims": [
        9.28458,
        46.83705
    ],
    "Fleurier": [
        6.58253,
        46.90224
    ],
    "Flawil": [
        9.18284,
        47.41461
    ],
    "Flamatt": [
        7.32204,
        46.88994
    ],
    "Fischingen": [
        8.96914,
        47.41428
    ],
    "Fiesch": [
        8.1311,
        46.40039
    ],
    "Feusisberg": [
        8.74724,
        47.18707
    ],
    "Feuerthalen": [
        8.64357,
        47.69054
    ],
    "Ferenbalm": [
        7.21124,
        46.9488
    ],
    "Felsberg": [
        9.47684,
        46.84424
    ],
    "Feldmeilen": [
        8.62165,
        47.27873
    ],
    "Fehraltorf": [
        8.75149,
        47.38775
    ],
    "Fällanden": [
        8.63869,
        47.37169
    ],
    "Faido": [
        8.80125,
        46.477
    ],
    "Evolène": [
        7.49436,
        46.11346
    ],
    "Evionnaz": [
        7.02232,
        46.18096
    ],
    "Evilard": [
        7.23755,
        47.14969
    ],
    "Ettiswil": [
        8.01759,
        47.15031
    ],
    "Ettingen": [
        7.54982,
        47.48268
    ],
    "Estavayer-le-Lac": [
        6.8465,
        46.84876
    ],
    "Escholzmatt": [
        7.93418,
        46.91259
    ],
    "Eschlikon": [
        8.96381,
        47.46361
    ],
    "Eschenz": [
        8.87472,
        47.64793
    ],
    "Eschenbach": [
        8.92156,
        47.23981
    ],
    "Erstfeld": [
        8.65052,
        46.81885
    ],
    "Ersigen": [
        7.59507,
        47.09368
    ],
    "Ermatingen": [
        9.08462,
        47.67087
    ],
    "Erlenbach im Simmental": [
        7.55445,
        46.66021
    ],
    "Erlenbach": [
        8.59743,
        47.30298
    ],
    "Erlen": [
        9.23366,
        47.54832
    ],
    "Erlach": [
        7.0996,
        47.04297
    ],
    "Eriswil": [
        7.85149,
        47.07816
    ],
    "Ependes": [
        7.14609,
        46.75368
    ],
    "Epalinges": [
        6.66829,
        46.55178
    ],
    "Entlebuch": [
        8.06354,
        46.99559
    ],
    "Ennetbürgen": [
        8.41003,
        46.98423
    ],
    "Ennenda": [
        9.07725,
        47.03465
    ],
    "Engelberg": [
        8.40133,
        46.82107
    ],
    "Emmetten": [
        8.51467,
        46.95658
    ],
    "Emmen": [
        8.30477,
        47.0811
    ],
    "Embrach": [
        8.59406,
        47.50561
    ],
    "Elgg": [
        8.86523,
        47.49715
    ],
    "Einsiedeln": [
        8.74735,
        47.12849
    ],
    "Eiken": [
        7.98883,
        47.53394
    ],
    "Eichberg": [
        9.5299,
        47.34304
    ],
    "Eich": [
        8.16696,
        47.15116
    ],
    "Egnach": [
        9.38,
        47.54264
    ],
    "Egliswil": [
        8.18802,
        47.34954
    ],
    "Eggiwil": [
        7.79567,
        46.87575
    ],
    "Eggersriet": [
        9.46901,
        47.44202
    ],
    "Egg": [
        8.69032,
        47.29976
    ],
    "Egerkingen": [
        7.78424,
        47.31957
    ],
    "Effretikon": [
        8.69094,
        47.42575
    ],
    "Ecublens": [
        6.56261,
        46.52899
    ],
    "Echallens": [
        6.63317,
        46.6413
    ],
    "Ebnat-Kappel": [
        9.12473,
        47.26195
    ],
    "Ebikon": [
        8.34041,
        47.07937
    ],
    "Dürrenroth": [
        7.7913,
        47.08816
    ],
    "Dürrenäsch": [
        8.1585,
        47.31812
    ],
    "Dürnten": [
        8.84156,
        47.27856
    ],
    "Düdingen": [
        7.18848,
        46.84915
    ],
    "Dübendorf": [
        8.61872,
        47.39724
    ],
    "Dottikon": [
        8.23981,
        47.38437
    ],
    "Dornach": [
        7.61644,
        47.48038
    ],
    "Domdidier": [
        7.01337,
        46.86716
    ],
    "Dombresson": [
        6.9592,
        47.07192
    ],
    "Domat": [
        9.45075,
        46.83483
    ],
    "Disentis": [
        8.8509,
        46.70341
    ],
    "Dietlikon / Dietlikon (Dorf)": [
        8.6188,
        47.41827
    ],
    "Dietikon": [
        8.40015,
        47.40165
    ],
    "Diessenhofen": [
        8.74958,
        47.68908
    ],
    "Diepoldsau": [
        9.65558,
        47.386
    ],
    "Diemtigen": [
        7.56477,
        46.64928
    ],
    "Dielsdorf": [
        8.4585,
        47.48146
    ],
    "Diegten": [
        7.81085,
        47.4138
    ],
    "Derendingen": [
        7.58844,
        47.1985
    ],
    "Densbüren": [
        8.0533,
        47.4526
    ],
    "Delémont": [
        7.34453,
        47.36493
    ],
    "Deitingen": [
        7.61988,
        47.21579
    ],
    "Degersheim": [
        9.20019,
        47.37429
    ],
    "Davos": [
        9.83723,
        46.80429
    ],
    "Därligen": [
        7.80808,
        46.66175
    ],
    "Dardagny": [
        5.99497,
        46.19564
    ],
    "Dallenwil": [
        8.38785,
        46.9242
    ],
    "Dagmersellen": [
        7.98466,
        47.21366
    ],
    "Dachsen": [
        8.6179,
        47.66515
    ],
    "Cully": [
        6.72945,
        46.48892
    ],
    "Cugy": [
        6.88888,
        46.81479
    ],
    "Cugnasco": [
        8.9179,
        46.17444
    ],
    "Crissier": [
        6.57125,
        46.55165
    ],
    "Couvet": [
        6.63415,
        46.92613
    ],
    "Courtételle": [
        7.31827,
        47.34074
    ],
    "Courtelary": [
        7.07236,
        47.17822
    ],
    "Court": [
        7.33655,
        47.23956
    ],
    "Courroux": [
        7.37371,
        47.36069
    ],
    "Courrendlin": [
        7.37243,
        47.33853
    ],
    "Gurwolf": [
        7.11215,
        46.90648
    ],
    "Courgenay": [
        7.12416,
        47.40365
    ],
    "Courfaivre": [
        7.282,
        47.33504
    ],
    "Cossonay": [
        6.50631,
        46.61443
    ],
    "Cortaillod": [
        6.8444,
        46.94306
    ],
    "Corsier": [
        6.22461,
        46.26297
    ],
    "Cornaux": [
        7.01872,
        47.0396
    ],
    "Corminboeuf": [
        7.10492,
        46.81237
    ],
    "Corgémont": [
        7.14517,
        47.19457
    ],
    "Coppet": [
        6.19114,
        46.31682
    ],
    "Conthey": [
        7.30372,
        46.22528
    ],
    "Confignon": [
        6.08437,
        46.17341
    ],
    "Comano": [
        8.95573,
        46.03593
    ],
    "Colombier": [
        6.47284,
        46.55709
    ],
    "Collombey": [
        6.94835,
        46.27008
    ],
    "Claro": [
        9.02252,
        46.25763
    ],
    "Churwalden": [
        9.54377,
        46.78143
    ],
    "Chur": [
        9.53287,
        46.84986
    ],
    "Chippis": [
        7.54288,
        46.28103
    ],
    "Chiasso": [
        9.03119,
        45.83203
    ],
    "Chézard-Saint-Martin": [
        6.93332,
        47.06629
    ],
    "Chexbres": [
        6.77805,
        46.48208
    ],
    "Cheseaux": [
        6.60587,
        46.58624
    ],
    "Chermignon-d'en Haut": [
        7.47487,
        46.28844
    ],
    "Chêne-Bourg": [
        6.19406,
        46.19534
    ],
    "Chavornay": [
        6.5694,
        46.70244
    ],
    "Chavannes": [
        6.57068,
        46.53005
    ],
    "Châtel-Saint-Denis": [
        6.90083,
        46.52691
    ],
    "Château-d'Oex": [
        7.13155,
        46.47455
    ],
    "Charrat-les-Chênes": [
        7.13456,
        46.12202
    ],
    "Charmey": [
        7.16814,
        46.61622
    ],
    "Chardonne": [
        6.8268,
        46.47676
    ],
    "Chancy": [
        5.97153,
        46.15003
    ],
    "Champéry": [
        6.86903,
        46.17543
    ],
    "Chamoson": [
        7.22341,
        46.20104
    ],
    "Cham": [
        8.46358,
        47.18213
    ],
    "Chalais": [
        7.50958,
        46.26702
    ],
    "Cevio": [
        8.60131,
        46.31608
    ],
    "Cernier": [
        6.9004,
        47.05878
    ],
    "Celerina": [
        9.8583,
        46.51452
    ],
    "Cazis": [
        9.42881,
        46.72308
    ],
    "Caux": [
        6.93855,
        46.43241
    ],
    "Cauco": [
        9.12129,
        46.33541
    ],
    "Castel San Pietro": [
        9.00932,
        45.86061
    ],
    "Caslano": [
        8.88261,
        45.97153
    ],
    "Carouge": [
        6.13921,
        46.18096
    ],
    "Canobbio": [
        8.96566,
        46.03426
    ],
    "Camorino": [
        9.00364,
        46.16435
    ],
    "Cadro": [
        8.98725,
        46.04595
    ],
    "Cadenazzo": [
        8.94199,
        46.15108
    ],
    "Cadempino": [
        8.93403,
        46.03672
    ],
    "Buus": [
        7.86476,
        47.50542
    ],
    "Buttwil": [
        8.31064,
        47.26828
    ],
    "Buttisholz": [
        8.09425,
        47.11442
    ],
    "Bütschwil": [
        9.07213,
        47.36022
    ],
    "Bussigny": [
        6.55597,
        46.5511
    ],
    "Büsserach": [
        7.54116,
        47.39464
    ],
    "Buseno": [
        9.10735,
        46.2738
    ],
    "Büron": [
        8.09421,
        47.21206
    ],
    "Bürglen": [
        8.66539,
        46.87565
    ],
    "Burgistein": [
        7.49988,
        46.78464
    ],
    "Burgdorf": [
        7.62786,
        47.05901
    ],
    "Buochs": [
        8.42279,
        46.97398
    ],
    "Bulle": [
        7.05674,
        46.6195
    ],
    "Bülach": [
        8.54049,
        47.52197
    ],
    "Bühler": [
        9.42507,
        47.37348
    ],
    "Buchs": [
        9.47794,
        47.16743
    ],
    "Buchrain": [
        8.34729,
        47.09625
    ],
    "Buchholterberg": [
        7.67463,
        46.81351
    ],
    "Bubikon": [
        8.8179,
        47.26698
    ],
    "Bubendorf": [
        7.73759,
        47.44586
    ],
    "Brüttisellen": [
        8.63263,
        47.42173
    ],
    "Brütten": [
        8.67569,
        47.47318
    ],
    "Brusio": [
        10.12604,
        46.25767
    ],
    "Brugg": [
        8.20869,
        47.48096
    ],
    "Brügg": [
        7.27887,
        47.1237
    ],
    "Bronschhofen": [
        9.03454,
        47.47835
    ],
    "Broc": [
        7.09891,
        46.60514
    ],
    "Brittnau": [
        7.94689,
        47.25954
    ],
    "Brissago": [
        8.71181,
        46.12013
    ],
    "Brislach": [
        7.5434,
        47.41763
    ],
    "Brig": [
        7.98333,
        46.31667
    ],
    "Brienz": [
        8.03847,
        46.7545
    ],
    "Bremgarten": [
        8.34214,
        47.35109
    ],
    "Breitenbach": [
        7.54382,
        47.40564
    ],
    "Breíl": [
        9.06036,
        46.76986
    ],
    "Bowil": [
        7.69757,
        46.89304
    ],
    "Boudry": [
        6.83757,
        46.94991
    ],
    "Bottmingen": [
        7.57211,
        47.52343
    ],
    "Bottighofen": [
        9.20884,
        47.63641
    ],
    "Bottens": [
        6.66149,
        46.61596
    ],
    "Bösingen": [
        7.2277,
        46.89229
    ],
    "Bonstetten": [
        8.46836,
        47.31505
    ],
    "Boniswil": [
        8.18963,
        47.31725
    ],
    "Bönigen": [
        7.8935,
        46.68736
    ],
    "Boncourt": [
        7.01423,
        47.4956
    ],
    "Bonaduz": [
        9.39821,
        46.81103
    ],
    "Boltigen": [
        7.39111,
        46.6289
    ],
    "Bolligen": [
        7.49697,
        46.9751
    ],
    "Bodio": [
        8.90991,
        46.37808
    ],
    "Blumenstein": [
        7.52136,
        46.7421
    ],
    "Blonay": [
        6.89615,
        46.46778
    ],
    "Birsfelden": [
        7.62322,
        47.5529
    ],
    "Birr": [
        8.20801,
        47.43587
    ],
    "Birmenstorf": [
        8.24816,
        47.46152
    ],
    "Birmensdorf": [
        8.44256,
        47.35515
    ],
    "Bioggio": [
        8.91438,
        46.01961
    ],
    "Binningen": [
        7.56932,
        47.54021
    ],
    "Bilten": [
        9.02821,
        47.15099
    ],
    "Biglen": [
        7.62508,
        46.92629
    ],
    "Bière": [
        6.33362,
        46.53761
    ],
    "Biel/Bienne": [
        7.24608,
        47.13713
    ],
    "Biberist": [
        7.56246,
        47.18009
    ],
    "Biasca": [
        8.96965,
        46.35972
    ],
    "Bex": [
        7.01141,
        46.25214
    ],
    "Bévilard": [
        7.28325,
        47.23711
    ],
    "Bevaix": [
        6.8147,
        46.92958
    ],
    "Bettlach": [
        7.42405,
        47.20062
    ],
    "Bettingen": [
        7.66425,
        47.57039
    ],
    "Beromünster": [
        8.19265,
        47.20612
    ],
    "Bernex": [
        6.07544,
        46.1765
    ],
    "Bern": [
        7.44744,
        46.94809
    ],
    "Beringen": [
        8.57431,
        47.69763
    ],
    "Berikon": [
        8.37209,
        47.35137
    ],
    "Berg": [
        9.16635,
        47.5797
    ],
    "Benken": [
        9.00434,
        47.19842
    ],
    "Belp": [
        7.49825,
        46.89129
    ],
    "Belmont-sur-Lausanne": [
        6.67636,
        46.51891
    ],
    "Bellmund": [
        7.24608,
        47.10852
    ],
    "Bellinzona": [
        9.01703,
        46.19278
    ],
    "Bellevue": [
        6.15475,
        46.25739
    ],
    "Belfaux": [
        7.10674,
        46.82171
    ],
    "Begnins": [
        6.24762,
        46.44152
    ],
    "Beckenried": [
        8.47394,
        46.96476
    ],
    "Beatenberg": [
        7.79428,
        46.69896
    ],
    "Bavois": [
        6.5671,
        46.68403
    ],
    "Bauma": [
        8.87905,
        47.36745
    ],
    "Bauen": [
        8.57836,
        46.93559
    ],
    "Bätterkinden": [
        7.54104,
        47.13363
    ],
    "Bassersdorf": [
        8.62851,
        47.44342
    ],
    "Basse-Nendaz": [
        7.31209,
        46.18993
    ],
    "Bassecourt": [
        7.24494,
        47.33829
    ],
    "Basel": [
        7.57327,
        47.5584
    ],
    "Bäriswil": [
        7.52709,
        47.01947
    ],
    "Bäretswil": [
        8.85645,
        47.33709
    ],
    "Baltschieder": [
        7.8657,
        46.30888
    ],
    "Balsthal": [
        7.69318,
        47.31613
    ],
    "Ballwil": [
        8.32138,
        47.15487
    ],
    "Ballens": [
        6.3731,
        46.55485
    ],
    "Balgach": [
        9.6095,
        47.40544
    ],
    "Balerna": [
        9.00724,
        45.84638
    ],
    "Bagnes": [
        7.21667,
        46.08333
    ],
    "Bad Ragaz": [
        9.50266,
        47.00601
    ],
    "Baden": [
        8.30592,
        47.47333
    ],
    "Bachenbülach": [
        8.54556,
        47.50317
    ],
    "Baar": [
        8.52954,
        47.19625
    ],
    "Ayent": [
        7.41028,
        46.28249
    ],
    "Avry": [
        7.07006,
        46.78815
    ],
    "Avenches": [
        7.04071,
        46.88004
    ],
    "Auw": [
        8.36583,
        47.21082
    ],
    "Auvernier": [
        6.87903,
        46.97545
    ],
    "Zürich (Kreis 4)": [
        8.52127,
        47.37752
    ],
    "Aubonne": [
        6.39155,
        46.49514
    ],
    "Au": [
        8.64406,
        47.24185
    ],
    "Attiswil": [
        7.61353,
        47.24673
    ],
    "Attinghausen": [
        8.63036,
        46.86255
    ],
    "Attalens": [
        6.84835,
        46.50996
    ],
    "Ascona": [
        8.77327,
        46.15451
    ],
    "Arzo": [
        8.94103,
        45.87606
    ],
    "Arzier": [
        6.20813,
        46.45962
    ],
    "Arvigo": [
        9.113,
        46.30211
    ],
    "Arth": [
        8.52348,
        47.06337
    ],
    "Arosa": [
        9.67621,
        46.77793
    ],
    "Arlesheim": [
        7.61979,
        47.49412
    ],
    "Aristau": [
        8.36356,
        47.28692
    ],
    "Arisdorf": [
        7.76515,
        47.51323
    ],
    "Ardon": [
        7.25776,
        46.21064
    ],
    "Arch": [
        7.43139,
        47.16533
    ],
    "Arbon": [
        9.43333,
        47.51667
    ],
    "Apples": [
        6.42889,
        46.55237
    ],
    "Appenzell": [
        9.40996,
        47.33103
    ],
    "Anières": [
        6.22204,
        46.27673
    ],
    "Andwil": [
        9.27636,
        47.43855
    ],
    "Andermatt": [
        8.59388,
        46.63565
    ],
    "Amriswil": [
        9.29836,
        47.54699
    ],
    "Amden": [
        9.14233,
        47.14888
    ],
    "Altstätten": [
        9.54746,
        47.37766
    ],
    "Altnau": [
        9.25905,
        47.61162
    ],
    "Altishofen": [
        7.96964,
        47.19916
    ],
    "Alterswil": [
        7.25877,
        46.79587
    ],
    "Altendorf": [
        8.82944,
        47.19137
    ],
    "Altdorf": [
        8.64441,
        46.88042
    ],
    "Alpnach": [
        8.27426,
        46.9402
    ],
    "Allschwil": [
        7.53599,
        47.55074
    ],
    "Alle": [
        7.12911,
        47.42618
    ],
    "Airolo": [
        8.60881,
        46.52847
    ],
    "Aigle": [
        6.96457,
        46.3181
    ],
    "Agno": [
        8.9003,
        45.99863
    ],
    "Affoltern am Albis": [
        8.45128,
        47.27743
    ],
    "Affeltrangen": [
        9.03207,
        47.52701
    ],
    "Aeschi": [
        7.6965,
        46.65848
    ],
    "Aesch": [
        8.6541,
        47.3297
    ],
    "Adliswil": [
        8.52462,
        47.30997
    ],
    "Adligenswil": [
        8.36124,
        47.06521
    ],
    "Adelboden": [
        7.56031,
        46.49142
    ],
    "Acquarossa": [
        8.93999,
        46.45176
    ],
    "Aarwangen": [
        7.76854,
        47.23845
    ],
    "Aarburg": [
        7.89986,
        47.32067
    ],
    "Aarberg": [
        7.27578,
        47.04439
    ],
    "Aarau": [
        8.04422,
        47.39254
    ],
    "Aadorf": [
        8.90099,
        47.49204
    ],
    "Riehen": [
        7.64683,
        47.57884
    ],
    "Chêne-Bougeries": [
        6.18642,
        46.19843
    ],
    "Meinier": [
        6.23423,
        46.24706
    ],
    "Puplinge": [
        6.23114,
        46.21043
    ],
    "Thônex": [
        6.19904,
        46.18815
    ],
    "Wettswil / Wettswil (Dorf)": [
        8.47149,
        47.34152
    ],
    "Sellenbüren": [
        8.48301,
        47.34361
    ],
    "Itingen": [
        7.78502,
        47.46651
    ],
    "Affoltern / Hasenbüel": [
        8.45218,
        47.27324
    ],
    "Affoltern / Oberdorf": [
        8.45041,
        47.27799
    ],
    "Affoltern / Unterdorf": [
        8.45086,
        47.28257
    ],
    "Affoltern / Sonnenberg": [
        8.46008,
        47.28055
    ],
    "Schachen": [
        8.47251,
        47.32419
    ],
    "Hedingen": [
        8.44833,
        47.29794
    ],
    "Obfelden / Oberlunnern": [
        8.41588,
        47.26197
    ],
    "Obfelden / Toussen": [
        8.43013,
        47.26574
    ],
    "Wettswil / Ausser-Dorf": [
        8.47732,
        47.33197
    ],
    "Kleinandelfingen": [
        8.68362,
        47.60058
    ],
    "Bülach / Niederflachs": [
        8.53267,
        47.51426
    ],
    "Bülach / Soligänter": [
        8.54106,
        47.52632
    ],
    "Bülach / Gstückt": [
        8.54879,
        47.52337
    ],
    "Bülach / Seematt": [
        8.54651,
        47.51716
    ],
    "Dietlikon / Eichwiesen": [
        8.62078,
        47.4191
    ],
    "Embrach / Embrach (Dorfkern)": [
        8.59477,
        47.504
    ],
    "Embrach / Kellersacker": [
        8.59146,
        47.51455
    ],
    "Freienstein": [
        8.58455,
        47.53307
    ],
    "Hochfelden": [
        8.51564,
        47.52262
    ],
    "End-Höri": [
        8.51203,
        47.50799
    ],
    "Kloten / Kloten (Zentrum)": [
        8.58683,
        47.45134
    ],
    "Kloten / Freienberg (Chanzler-Chlini Chaseren)": [
        8.58145,
        47.46584
    ],
    "Kloten / Horainli": [
        8.58306,
        47.45399
    ],
    "Kloten / Geissberg": [
        8.59066,
        47.45424
    ],
    "Kloten / Hostrass": [
        8.59464,
        47.45255
    ],
    "Kloten / Holberg": [
        8.57661,
        47.44642
    ],
    "Kloten / Balsberg": [
        8.57496,
        47.44233
    ],
    "Kloten / Spitz": [
        8.58724,
        47.44455
    ],
    "Kloten / Rütlen": [
        8.58808,
        47.44726
    ],
    "Birchwil": [
        8.63477,
        47.45431
    ],
    "Glattbrugg / Wydacker/Bettacker/Lättenwiesen": [
        8.56657,
        47.42908
    ],
    "Grossacker/Opfikon": [
        8.57886,
        47.42696
    ],
    "Glattbrugg / Rohr/Platten-Balsberg": [
        8.56642,
        47.43721
    ],
    "Wallisellen / Wallisellen-West": [
        8.58586,
        47.41906
    ],
    "Wallisellen / Wallisellen-Ost": [
        8.59727,
        47.41446
    ],
    "Wallisellen / Rieden": [
        8.60028,
        47.41738
    ],
    "Dällikon / Dällikon (Dorf)": [
        8.43813,
        47.43983
    ],
    "Neerach": [
        8.47099,
        47.51096
    ],
    "Niederglatt / Niederglatt (Dorfkern)": [
        8.50048,
        47.49065
    ],
    "Niederhasli": [
        8.48576,
        47.48012
    ],
    "Oberglatt / Oberglatt (Dorfkern)": [
        8.51929,
        47.47596
    ],
    "Oberglatt / Bahnhofquartier": [
        8.51289,
        47.47143
    ],
    "Hofstetten": [
        8.50646,
        47.47778
    ],
    "Sonnhalde": [
        8.46091,
        47.45329
    ],
    "Regensdorf / Hofacher-Geeren": [
        8.4624,
        47.43525
    ],
    "Regensdorf / Feldblumen-Riedthofstrasse": [
        8.46659,
        47.43618
    ],
    "Regensdorf / Obstgarten": [
        8.46566,
        47.42772
    ],
    "Rümlang / Rümlang (Dorfkern)": [
        8.53255,
        47.4494
    ],
    "Tann / Tann (Dorfkern)": [
        8.85048,
        47.26494
    ],
    "Grüt": [
        8.78339,
        47.31151
    ],
    "Binzikon": [
        8.75842,
        47.27949
    ],
    "Hadlikon": [
        8.85719,
        47.2875
    ],
    "Rüti / Westlicher Dorfteil": [
        8.8449,
        47.25548
    ],
    "Rüti / Dorfzentrum, Südl. Teil": [
        8.85654,
        47.25368
    ],
    "Rüti / Oberdorf": [
        8.86512,
        47.25894
    ],
    "Wetzikon / Robenhausen": [
        8.78762,
        47.33089
    ],
    "Wetzikon / Kempten": [
        8.80982,
        47.33319
    ],
    "Adliswil / Adliswil (Stadtkern)": [
        8.52675,
        47.31128
    ],
    "Adliswil / Oberleimbach": [
        8.51508,
        47.3202
    ],
    "Adliswil / Sood": [
        8.52425,
        47.3187
    ],
    "Adliswil / Hündli-Zopf": [
        8.51888,
        47.31637
    ],
    "Adliswil / Sonnenberg": [
        8.52055,
        47.30958
    ],
    "Adliswil / Tal": [
        8.53446,
        47.31142
    ],
    "Horgen / Horgen (Dorfkern)": [
        8.60159,
        47.25604
    ],
    "Horgen / Allmend": [
        8.6066,
        47.24729
    ],
    "Horgen / Scheller-Stockerstrasse": [
        8.5876,
        47.26584
    ],
    "Horgen / Oberdorf": [
        8.59234,
        47.25533
    ],
    "Kilchberg / Bächler-Stocken": [
        8.53957,
        47.32728
    ],
    "Kilchberg / Kilchberg (Dorfkern)": [
        8.54306,
        47.32012
    ],
    "Langnau / Vitaquartier": [
        8.53758,
        47.29377
    ],
    "Mühlehalde": [
        8.53386,
        47.28306
    ],
    "Oberrieden / Mitte": [
        8.58021,
        47.27242
    ],
    "Oberrieden / Berg": [
        8.57257,
        47.27628
    ],
    "Richterswil / Dorfkern": [
        8.70607,
        47.20715
    ],
    "Richterswil / Richterswil (Dorfkern)": [
        8.70516,
        47.20323
    ],
    "Richterswil / Burghalde": [
        8.69133,
        47.20973
    ],
    "Thalwil / Dorfkern": [
        8.56633,
        47.29047
    ],
    "Thalwil / Berg": [
        8.55602,
        47.29178
    ],
    "Thalwil / Nord": [
        8.55634,
        47.29748
    ],
    "Thalwil / Süd": [
        8.56954,
        47.28495
    ],
    "Gattikon": [
        8.5483,
        47.28439
    ],
    "Wädenswil / Dorf (Wädenswil)": [
        8.6722,
        47.22923
    ],
    "Au / Unter-Dorf": [
        8.6327,
        47.2473
    ],
    "Au / Mittel-Dorf": [
        8.64591,
        47.24303
    ],
    "Wädenswil / Hangenmoos": [
        8.65251,
        47.23367
    ],
    "Wädenswil / Büelen": [
        8.66346,
        47.23395
    ],
    "Wädenswil / Untermosen-Fuhr": [
        8.66303,
        47.22772
    ],
    "Wädenswil / Leihof-Mühlebach": [
        8.67149,
        47.22364
    ],
    "Wädenswil / Eichweid": [
        8.6744,
        47.21847
    ],
    "Wädenswil / Boller-Giessen": [
        8.68385,
        47.22115
    ],
    "Erlenbach / rechts des Dorfbachs oberhalb Bahnlinie": [
        8.60271,
        47.30658
    ],
    "Erlenbach / links des Dorfbachs oberhalb Bahnlinie": [
        8.60188,
        47.2995
    ],
    "Küsnacht / Dorf": [
        8.58303,
        47.31783
    ],
    "Küsnacht / Goldbach": [
        8.58077,
        47.32729
    ],
    "Küsnacht / Itschnach": [
        8.60068,
        47.32714
    ],
    "Küsnacht / Schiedhalden": [
        8.58881,
        47.32112
    ],
    "Küsnacht / Heslibach": [
        8.58849,
        47.31307
    ],
    "Männedorf / Dorfkern": [
        8.69161,
        47.25612
    ],
    "Männedorf / Ausserfeld": [
        8.70608,
        47.24636
    ],
    "Dorf": [
        8.73999,
        47.23715
    ],
    "Uetikon / Grossdorf": [
        8.67765,
        47.26654
    ],
    "Zollikerberg": [
        8.60088,
        47.3451
    ],
    "Effretikon / Watt": [
        8.69822,
        47.42797
    ],
    "Effretikon / Rappenhalde-Bannhalde": [
        8.69653,
        47.42388
    ],
    "Tagelswangen": [
        8.67284,
        47.4307
    ],
    "Pfäffikon / Pfäffikon (Dorfkern)": [
        8.78309,
        47.36943
    ],
    "Dübendorf / Vogelquartier": [
        8.61184,
        47.39502
    ],
    "Dübendorf / Wasserfurren": [
        8.6085,
        47.39352
    ],
    "Dübendorf / Sonnenberg": [
        8.63162,
        47.39469
    ],
    "Dübendorf / Kunklerstrasse": [
        8.62724,
        47.40109
    ],
    "Hinteregg": [
        8.68339,
        47.30736
    ],
    "Esslingen": [
        8.71038,
        47.28325
    ],
    "Benglen": [
        8.63687,
        47.36077
    ],
    "Greifensee / Müllerwis / Seilerwis": [
        8.68151,
        47.37042
    ],
    "Greifensee / Pfisterhölzli": [
        8.68979,
        47.3643
    ],
    "Binz": [
        8.62657,
        47.35635
    ],
    "Mönchaltorf / Dorf": [
        8.72211,
        47.30401
    ],
    "Schwerzenbach / Chimli": [
        8.65888,
        47.38592
    ],
    "Schwerzenbach / Blatten": [
        8.64954,
        47.38308
    ],
    "Uster / Kirch-Uster": [
        8.71839,
        47.34579
    ],
    "Uster / Nieder-Uster": [
        8.70088,
        47.34743
    ],
    "Uster / Gschwader": [
        8.7139,
        47.36016
    ],
    "Uster / Ober-Uster": [
        8.73319,
        47.34874
    ],
    "Uster / Nossikon": [
        8.72555,
        47.34088
    ],
    "Nänikon / Nänikon (Dorfkern)": [
        8.69254,
        47.37099
    ],
    "Kindhausen / Kindhausen (Dorf)": [
        8.68296,
        47.40644
    ],
    "Hegnau / Sunnebüel-Eich": [
        8.6791,
        47.39246
    ],
    "Hegnau / Dammboden-Grindel": [
        8.66657,
        47.38713
    ],
    "Gutenswil": [
        8.71763,
        47.38387
    ],
    "Elgg / Städtchen und Umgebung": [
        8.8668,
        47.49265
    ],
    "Seuzach Dorf / Breite-Weid": [
        8.73415,
        47.53345
    ],
    "Stadt Winterthur (Kreis 1) / Altstadt": [
        8.72872,
        47.49951
    ],
    "Stadt Winterthur (Kreis 1) / Lind": [
        8.73372,
        47.50571
    ],
    "Stadt Winterthur (Kreis 1) / Heiligberg": [
        8.72334,
        47.49409
    ],
    "Stadt Winterthur (Kreis 1) / Tössfeld": [
        8.71512,
        47.4934
    ],
    "Stadt Winterthur (Kreis 1) / Brühlberg": [
        8.71272,
        47.49764
    ],
    "Stadt Winterthur (Kreis 1) / Neuwiesen": [
        8.71625,
        47.50207
    ],
    "Oberwinterthur (Kreis 2) / Talacker": [
        8.7515,
        47.50596
    ],
    "Oberwinterthur (Kreis 2) / Guggenbühl": [
        8.75998,
        47.51339
    ],
    "Oberwinterthur (Kreis 2) / Zinzikon": [
        8.7564,
        47.5195
    ],
    "Seen (Kreis 3) / Waser": [
        8.76034,
        47.48913
    ],
    "Seen (Kreis 3) / Büelwiesen": [
        8.76517,
        47.48446
    ],
    "Seen (Kreis 3) / Waldegg": [
        8.75586,
        47.48393
    ],
    "Seen (Kreis 3) / Ganzenbühl": [
        8.76249,
        47.481
    ],
    "Seen (Kreis 3) / Oberseen": [
        8.77289,
        47.48205
    ],
    "Töss (Kreis 4) / Vorder-Dättnau": [
        8.69855,
        47.48135
    ],
    "Töss (Kreis 4) / Schlosstal": [
        8.70223,
        47.49279
    ],
    "Töss (Kreis 4) / Eichliacker": [
        8.7074,
        47.48727
    ],
    "Veltheim (Kreis 5) / Rosenberg": [
        8.71583,
        47.51386
    ],
    "Veltheim (Kreis 5) / Blumenau": [
        8.71563,
        47.50618
    ],
    "Wülflingen (Kreis 6) / Oberfeld": [
        8.69897,
        47.49873
    ],
    "Wülflingen (Kreis 6) / Lindenplatz": [
        8.6929,
        47.51098
    ],
    "Wülflingen (Kreis 6) / Niederfeld": [
        8.67968,
        47.50904
    ],
    "Wülflingen (Kreis 6) / Härti": [
        8.684,
        47.51262
    ],
    "Mattenbach (Kreis 7) / Deutweg": [
        8.73948,
        47.49419
    ],
    "Mattenbach (Kreis 7) / Gutschick": [
        8.75258,
        47.49104
    ],
    "Mattenbach (Kreis 7) / Endliker": [
        8.74938,
        47.48821
    ],
    "Kollbrunn / Kollbrunn (Dorfkern)": [
        8.77413,
        47.45748
    ],
    "Dietikon / Vorstadt": [
        8.39719,
        47.40819
    ],
    "Dietikon / Almend": [
        8.39168,
        47.40477
    ],
    "Dietikon / Oberdorf": [
        8.39416,
        47.40065
    ],
    "Dietikon / Kreuzacker": [
        8.40146,
        47.39919
    ],
    "Dietikon / Guggenbühl": [
        8.40818,
        47.40009
    ],
    "Dietikon / Hofacker": [
        8.41609,
        47.39718
    ],
    "Dietikon / Schönenwerd": [
        8.42576,
        47.39706
    ],
    "Oberengstringen / Zentrum": [
        8.46276,
        47.40711
    ],
    "Oberengstringen / Sonnenberg": [
        8.46055,
        47.41211
    ],
    "Oberengstringen / Rauchacher": [
        8.45627,
        47.40919
    ],
    "Schlieren / Zentrum": [
        8.4477,
        47.39779
    ],
    "Schlieren / Engstingerquartier": [
        8.44352,
        47.40338
    ],
    "Schlieren / Spital": [
        8.43027,
        47.39489
    ],
    "Schlieren / Freiestrasse": [
        8.44202,
        47.39598
    ],
    "Schlieren / Kamp": [
        8.44453,
        47.39358
    ],
    "Schlieren / Boden": [
        8.45734,
        47.39721
    ],
    "Urdorf / Bodenfeld": [
        8.42265,
        47.3892
    ],
    "Urdorf / Moos": [
        8.42886,
        47.38977
    ],
    "Urdorf / Oberurdorf": [
        8.42343,
        47.38072
    ],
    "Zürich (Kreis 12) / Auzelg": [
        8.57014,
        47.41511
    ],
    "Zürich (Kreis 11) / Schwandenholz": [
        8.52125,
        47.42476
    ],
    "Zürich (Kreis 2) / Mittel-Leimbach": [
        8.51391,
        47.32538
    ],
    "Zürich (Kreis 2) / Unter-Leimbach": [
        8.51433,
        47.33362
    ],
    "Zürich (Kreis 10) / Wipkingen": [
        8.52529,
        47.39503
    ],
    "Zürich (Kreis 10) / Rütihof": [
        8.47928,
        47.41444
    ],
    "Zürich (Kreis 1) / Rathaus": [
        8.54501,
        47.37161
    ],
    "Zürich (Kreis 11) / Affoltern": [
        8.5122,
        47.41814
    ],
    "Zürich (Kreis 12) / Saatlen": [
        8.5648,
        47.41127
    ],
    "Zürich (Kreis 12) / Schwamendingen-Mitte": [
        8.57242,
        47.4063
    ],
    "Zürich (Kreis 12) / Hirzenbach": [
        8.58633,
        47.40187
    ],
    "Zürich (Kreis 1) / Lindenhof": [
        8.54036,
        47.37188
    ],
    "Zürich (Kreis 1) / City": [
        8.53576,
        47.37269
    ],
    "Zürich (Kreis 2) / Wollishofen": [
        8.53134,
        47.3401
    ],
    "Zürich (Kreis 2) / Enge": [
        8.53127,
        47.3605
    ],
    "Zürich (Kreis 3) / Friesenberg": [
        8.50417,
        47.36372
    ],
    "Zürich (Kreis 3) / Sihlfeld": [
        8.51164,
        47.37382
    ],
    "Zürich (Kreis 4) / Werd": [
        8.52584,
        47.37178
    ],
    "Zürich (Kreis 4) / Langstrasse": [
        8.52854,
        47.37767
    ],
    "Zürich (Kreis 4) / Hard": [
        8.50942,
        47.38311
    ],
    "Zürich (Kreis 5) / Gewerbeschule": [
        8.53011,
        47.38481
    ],
    "Zürich (Kreis 5) / Escher-Wyss": [
        8.51292,
        47.39052
    ],
    "Zürich (Kreis 6) / Unterstrass": [
        8.53721,
        47.3953
    ],
    "Zürich (Kreis 6) / Oberstrass": [
        8.5504,
        47.38917
    ],
    "Zürich (Kreis 7) / Fluntern": [
        8.56133,
        47.38013
    ],
    "Zürich (Kreis 7) / Hottingen": [
        8.56306,
        47.37011
    ],
    "Zürich (Kreis 7) / Hirslanden": [
        8.56755,
        47.3624
    ],
    "Zürich (Kreis 8) / Seefeld": [
        8.55537,
        47.35462
    ],
    "Zürich (Kreis 8) / Mühlebach": [
        8.55744,
        47.35727
    ],
    "Zürich (Kreis 8) / Weinegg": [
        8.57011,
        47.3525
    ],
    "Zürich (Kreis 9) / Albisrieden": [
        8.49007,
        47.37398
    ],
    "Zürich (Kreis 9) / Altstetten": [
        8.48533,
        47.38946
    ],
    "Schwerzenbach": [
        8.65727,
        47.38213
    ],
    "Steinmaur": [
        8.45216,
        47.4971
    ],
    "Hegnau": [
        8.66988,
        47.39227
    ],
    "Gockhausen": [
        8.59978,
        47.38098
    ],
    "Stadt Winterthur (Kreis 1)": [
        8.71954,
        47.49494
    ],
    "Zürich (Kreis 5)": [
        8.52152,
        47.38767
    ],
    "Dänikon": [
        8.40648,
        47.44674
    ],
    "Zürich (Kreis 12)": [
        8.57608,
        47.40372
    ],
    "Wülflingen (Kreis 6)": [
        8.68333,
        47.51036
    ],
    "Seglingen": [
        8.52093,
        47.57244
    ],
    "Niederglatt": [
        8.49987,
        47.49066
    ],
    "Ebmatingen": [
        8.64013,
        47.34987
    ],
    "Seen (Kreis 3)": [
        8.76996,
        47.47646
    ],
    "Zürich (Kreis 3)": [
        8.50296,
        47.35785
    ],
    "Zürich (Kreis 11)": [
        8.52166,
        47.42326
    ],
    "Zürich (Kreis 9)": [
        8.47993,
        47.38245
    ],
    "Oberwinterthur (Kreis 2)": [
        8.76863,
        47.51692
    ],
    "Geroldswil": [
        8.41085,
        47.42213
    ],
    "Zürich (Kreis 10)": [
        8.5005,
        47.40773
    ],
    "Zürich (Kreis 2)": [
        8.5211,
        47.33756
    ],
    "Zürich (Kreis 8)": [
        8.56097,
        47.3548
    ],
    "Wolfhausen": [
        8.7991,
        47.25619
    ],
    "Seuzach Dorf": [
        8.73209,
        47.5356
    ],
    "Zürich (Kreis 1)": [
        8.54177,
        47.37055
    ],
    "Mattenbach (Kreis 7)": [
        8.74681,
        47.48705
    ],
    "Zürich (Kreis 7)": [
        8.58038,
        47.37328
    ],
    "Obermeilen": [
        8.66391,
        47.2679
    ],
    "Zürich (Kreis 6)": [
        8.54381,
        47.39223
    ],
    "Elsau-Räterschen": [
        8.79874,
        47.50238
    ],
    "Thalwil / See": [
        8.56929,
        47.29409
    ],
    "Préverenges": [
        6.52682,
        46.51854
    ],
    "Langnau am Albis": [
        8.5411,
        47.28885
    ],
    "Langendorf": [
        7.51469,
        47.21974
    ],
    "Troinex": [
        6.14745,
        46.16313
    ],
    "Lancy": [
        6.11441,
        46.18981
    ],
    "Stetten": [
        8.66298,
        47.74025
    ],
    "Löhningen": [
        8.55236,
        47.70121
    ],
    "Lauffohr (Brugg)": [
        8.23122,
        47.50154
    ],
    "Jongny": [
        6.84114,
        46.47883
    ],
    "Haag (Rheintal)": [
        9.48931,
        47.20989
    ],
    "Givisiez": [
        7.12639,
        46.81201
    ],
    "Aire-la-Ville": [
        6.04287,
        46.19057
    ],
    "Hausen": [
        8.20988,
        47.46396
    ],
    "Veyras": [
        7.53619,
        46.30212
    ],
    "Känerkinden": [
        7.83716,
        47.41188
    ],
    "Oberurnen": [
        9.05866,
        47.11412
    ],
    "Cuarnens": [
        6.43713,
        46.62545
    ],
    "Cancori": [
        8.89944,
        46.45944
    ],
    "Les Avanchets": [
        6.10814,
        46.22168
    ],
    "Biberstein": [
        8.08508,
        47.41641
    ],
    "Braggio": [
        9.1238,
        46.30277
    ],
    "Saint-George": [
        6.2598,
        46.51428
    ],
    "Saubraz": [
        6.33018,
        46.51606
    ],
    "Berolle": [
        6.33551,
        46.55798
    ],
    "Mauraz": [
        6.42074,
        46.60558
    ],
    "Chavannes-le-Veyron": [
        6.45086,
        46.607
    ],
    "La Chaux": [
        6.47223,
        46.61714
    ],
    "Chevilly": [
        6.47661,
        46.64272
    ],
    "Moiry": [
        6.45335,
        46.64914
    ],
    "Ferreyres": [
        6.4852,
        46.65804
    ],
    "Orny": [
        6.52639,
        46.66758
    ],
    "Pompaples": [
        6.50966,
        46.66699
    ],
    "Penthéréaz": [
        6.6039,
        46.68171
    ],
    "Vuarrens": [
        6.64793,
        46.68578
    ],
    "Rueyres": [
        6.69213,
        46.69337
    ],
    "Bas-Vully": [
        7.11251,
        46.96194
    ],
    "Tägertschi": [
        7.58529,
        46.87548
    ],
    "Kirchleerau": [
        8.06581,
        47.27579
    ],
    "Matran": [
        7.09768,
        46.78593
    ],
    "Blécherette": [
        6.62227,
        46.53932
    ],
    "Oberhof": [
        8.00273,
        47.44874
    ]
}