{
    "Zipaquirá": [
        -74.00481,
        5.02208
    ],
    "Zipacón": [
        -74.38017,
        4.75881
    ],
    "Zetaquira": [
        -73.16896,
        5.28215
    ],
    "Zarzal": [
        -76.0715,
        4.39462
    ],
    "Zaragoza": [
        -74.86919,
        7.48971
    ],
    "Zapatoca": [
        -73.26768,
        6.81532
    ],
    "Zambrano": [
        -74.8153,
        9.74724
    ],
    "Yumbo": [
        -76.49146,
        3.58234
    ],
    "Yotoco": [
        -76.38364,
        3.86048
    ],
    "Yopal": [
        -72.39586,
        5.33775
    ],
    "Yondó": [
        -73.90972,
        7.00621
    ],
    "Yolombó": [
        -75.0114,
        6.59841
    ],
    "Yarumal": [
        -75.41738,
        6.96321
    ],
    "Yalí": [
        -74.8343,
        6.67456
    ],
    "Yaguará": [
        -75.51753,
        2.66355
    ],
    "Yacuanquer": [
        -77.40169,
        1.11577
    ],
    "Yacopí": [
        -74.33823,
        5.45948
    ],
    "Viterbo": [
        -75.87159,
        5.06242
    ],
    "Vista Hermosa": [
        -73.75156,
        3.12428
    ],
    "Viotá": [
        -74.52157,
        4.43713
    ],
    "Villeta": [
        -74.47226,
        5.00886
    ],
    "Villavieja": [
        -75.21864,
        3.22052
    ],
    "Villavicencio": [
        -73.62664,
        4.142
    ],
    "Villarrica": [
        -74.60036,
        3.93502
    ],
    "Villa del Rosario": [
        -72.47417,
        7.83389
    ],
    "Villapinzón": [
        -73.5949,
        5.21617
    ],
    "Villanueva": [
        -71.96667,
        5.28333
    ],
    "Villamaría": [
        -75.5146,
        5.04492
    ],
    "Villahermosa": [
        -75.11607,
        5.03067
    ],
    "Villagarzón": [
        -76.62667,
        1.0375
    ],
    "Villa de Leiva": [
        -73.56667,
        5.645
    ],
    "Vijes": [
        -76.4423,
        3.69934
    ],
    "Vigía del Fuerte": [
        -76.88628,
        6.57891
    ],
    "Victoria": [
        -74.91101,
        5.31648
    ],
    "Vianí": [
        -74.56244,
        4.87384
    ],
    "Vetas": [
        -72.87122,
        7.30911
    ],
    "Versalles": [
        -76.19814,
        4.57544
    ],
    "Vergara": [
        -74.34549,
        5.11841
    ],
    "Ventaquemada": [
        -73.52075,
        5.36753
    ],
    "Venecia": [
        -74.47746,
        4.08808
    ],
    "Venadillo": [
        -74.92918,
        4.7193
    ],
    "Vélez": [
        -73.67352,
        6.01335
    ],
    "Valparaíso": [
        -75.70705,
        1.19512
    ],
    "Valledupar": [
        -73.25322,
        10.46314
    ],
    "Valle de San Juan": [
        -75.11733,
        4.19869
    ],
    "Valle de San José": [
        -73.14361,
        6.4475
    ],
    "Valencia": [
        -76.14928,
        8.25801
    ],
    "Valdivia": [
        -75.39778,
        7.28889
    ],
    "Utica": [
        -74.48105,
        5.18727
    ],
    "Usiacurí": [
        -74.98333,
        10.75
    ],
    "Urumita": [
        -73.01232,
        10.55894
    ],
    "Urrao": [
        -76.1342,
        6.3152
    ],
    "Uribia": [
        -72.26604,
        11.7139
    ],
    "Uramita": [
        -76.17417,
        6.89944
    ],
    "Ungia": [
        -77.09453,
        8.04335
    ],
    "Une": [
        -74.02528,
        4.40306
    ],
    "Umbita": [
        -73.45695,
        5.22041
    ],
    "Ulloa": [
        -75.74028,
        4.70444
    ],
    "Ubaté": [
        -73.81574,
        5.30933
    ],
    "Ubaque": [
        -73.93748,
        4.48668
    ],
    "Ubalá": [
        -72.53694,
        4.74778
    ],
    "Tuta": [
        -73.22779,
        5.68966
    ],
    "Turmequé": [
        -73.49067,
        5.3236
    ],
    "Turbo": [
        -76.72691,
        8.09368
    ],
    "Turbaná": [
        -75.44222,
        10.2717
    ],
    "Turbaco": [
        -75.41137,
        10.32944
    ],
    "Túquerres": [
        -77.6183,
        1.08878
    ],
    "Tunja": [
        -73.36778,
        5.53528
    ],
    "Tumaco": [
        -78.81556,
        1.79861
    ],
    "Tuluá": [
        -76.19536,
        4.08466
    ],
    "Tubará": [
        -74.97889,
        10.87444
    ],
    "Trujillo": [
        -76.31945,
        4.21217
    ],
    "Trinidad": [
        -71.63111,
        5.43056
    ],
    "Totoró": [
        -76.40124,
        2.51204
    ],
    "Toro": [
        -76.08139,
        4.61167
    ],
    "Toribío": [
        -76.26839,
        2.95481
    ],
    "Topaipí": [
        -74.30292,
        5.33457
    ],
    "Tópaga": [
        -72.82583,
        5.75979
    ],
    "Toluviejo": [
        -75.43864,
        9.45082
    ],
    "Tolú": [
        -75.58139,
        9.52392
    ],
    "Toledo": [
        -72.48295,
        7.30984
    ],
    "Tocancipá": [
        -73.91301,
        4.96531
    ],
    "Tocaima": [
        -74.63434,
        4.4582
    ],
    "Toca": [
        -73.18398,
        5.56392
    ],
    "Titiribí": [
        -75.7937,
        6.06276
    ],
    "Tipacoque": [
        -72.69184,
        6.42031
    ],
    "Timbiquí": [
        -77.66536,
        2.7717
    ],
    "Timaná": [
        -75.93123,
        1.97136
    ],
    "Tierralta": [
        -76.05917,
        8.17361
    ],
    "Tibú": [
        -72.73583,
        8.63896
    ],
    "Tibasosa": [
        -73,
        5.75
    ],
    "Tibaná": [
        -73.39655,
        5.31728
    ],
    "Tesalia": [
        -75.72921,
        2.48587
    ],
    "Teruel": [
        -75.56738,
        2.74193
    ],
    "Tenza": [
        -73.42077,
        5.07664
    ],
    "Tenjo": [
        -74.14435,
        4.8727
    ],
    "Tello": [
        -75.13778,
        3.06694
    ],
    "Tauramena": [
        -72.74919,
        5.01831
    ],
    "Tasco": [
        -72.78001,
        5.91044
    ],
    "Tarso": [
        -75.82192,
        5.86467
    ],
    "Tarqui": [
        -75.82419,
        2.11248
    ],
    "Tarapacá": [
        -69.74417,
        -2.87861
    ],
    "Tangua": [
        -77.39482,
        1.09473
    ],
    "Taminango": [
        -77.28666,
        1.57491
    ],
    "Támesis": [
        -75.71339,
        5.66462
    ],
    "Tame": [
        -71.73004,
        6.461
    ],
    "Tamara": [
        -72.16333,
        5.82972
    ],
    "Tamalameque": [
        -73.81229,
        8.85221
    ],
    "Talaigua Viejo": [
        -74.58544,
        9.31206
    ],
    "Tadó": [
        -76.56487,
        5.26598
    ],
    "Tabio": [
        -74.09364,
        4.91726
    ],
    "Sutatausa": [
        -73.85238,
        5.24779
    ],
    "Sutamarchán": [
        -73.61701,
        5.61538
    ],
    "Susacón": [
        -72.6901,
        6.22978
    ],
    "Susa": [
        -73.81436,
        5.4519
    ],
    "Supía": [
        -75.65072,
        5.45303
    ],
    "Supatá": [
        -74.2372,
        5.06097
    ],
    "Suesca": [
        -73.79845,
        5.10289
    ],
    "Sucre": [
        -76.92446,
        2.03805
    ],
    "Subachoque": [
        -74.17299,
        4.92614
    ],
    "Suaza": [
        -75.79454,
        1.97611
    ],
    "Suárez": [
        -76.69644,
        2.95395
    ],
    "Suan": [
        -74.88016,
        10.33347
    ],
    "Suaita": [
        -73.44041,
        6.1014
    ],
    "Sotomayor": [
        -77.50444,
        1.51469
    ],
    "Sotaquirá": [
        -73.24758,
        5.76483
    ],
    "Sopó": [
        -73.9384,
        4.9075
    ],
    "Soplaviento": [
        -75.14083,
        10.39306
    ],
    "Sonsón": [
        -75.31068,
        5.71062
    ],
    "Somondoco": [
        -73.43611,
        4.98778
    ],
    "Soledad": [
        -74.76459,
        10.91843
    ],
    "Solano": [
        -75.25353,
        0.69937
    ],
    "Sogamoso": [
        -72.93391,
        5.71434
    ],
    "Socotá": [
        -72.63509,
        6.04028
    ],
    "Socorro": [
        -73.26022,
        6.46838
    ],
    "Socha Viejo": [
        -72.71503,
        5.9817
    ],
    "Soatá": [
        -72.68283,
        6.33369
    ],
    "Soacha": [
        -74.21682,
        4.57937
    ],
    "Sitionuevo": [
        -74.72049,
        10.77737
    ],
    "Sincelejo": [
        -75.39778,
        9.30472
    ],
    "Sincé": [
        -75.14675,
        9.24391
    ],
    "Simití": [
        -73.9436,
        7.9579
    ],
    "Simijaca": [
        -73.85227,
        5.50291
    ],
    "Simacota": [
        -73.33688,
        6.4429
    ],
    "Silvia": [
        -76.38185,
        2.6098
    ],
    "Silvania": [
        -74.3867,
        4.40367
    ],
    "Silos": [
        -72.75639,
        7.20524
    ],
    "Sibundoy": [
        -76.92366,
        1.20478
    ],
    "Sibaté": [
        -74.24499,
        4.48425
    ],
    "Siachoque": [
        -73.24436,
        5.51238
    ],
    "Sevilla": [
        -75.93085,
        4.26425
    ],
    "Sesquilé": [
        -73.79724,
        5.04463
    ],
    "Segovia": [
        -74.6989,
        7.07993
    ],
    "Sasaima": [
        -74.43512,
        4.96611
    ],
    "Sardinata": [
        -72.80071,
        8.08289
    ],
    "Sapuyes": [
        -77.62094,
        1.03728
    ],
    "San Zenón": [
        -74.50037,
        9.24217
    ],
    "San Vicente de Chucurí": [
        -73.40977,
        6.881
    ],
    "San Vicente": [
        -75.33611,
        6.23278
    ],
    "Santuario": [
        -75.96341,
        5.07237
    ],
    "Santo Tomás": [
        -74.75451,
        10.75773
    ],
    "Santo Domingo": [
        -75.16472,
        6.47222
    ],
    "Santiago": [
        -77.0045,
        1.14844
    ],
    "Santa Sofía": [
        -73.60404,
        5.70908
    ],
    "Santa Rosa de Viterbo": [
        -72.98217,
        5.87401
    ],
    "Santa Rosa de Osos": [
        -75.4603,
        6.64738
    ],
    "Santa Rosa de Cabal": [
        -75.62139,
        4.86806
    ],
    "Santa Rosa": [
        -75.36972,
        10.44472
    ],
    "Santander de Quilichao": [
        -76.48494,
        3.00945
    ],
    "Santana": [
        -73.48112,
        6.0575
    ],
    "Santa Marta": [
        -74.19904,
        11.24079
    ],
    "Santa María": [
        -75.65,
        2.95
    ],
    "Santa Lucía": [
        -74.96017,
        10.3242
    ],
    "Santa Catalina": [
        -75.28824,
        10.60361
    ],
    "Santa Bárbara": [
        -75.56706,
        5.87458
    ],
    "Santa Ana": [
        -74.56848,
        9.32125
    ],
    "San Roque": [
        -75.0196,
        6.48511
    ],
    "San Rafael": [
        -75.02589,
        6.29436
    ],
    "San Pelayo": [
        -75.83627,
        8.95833
    ],
    "San Pedro de Urabá": [
        -76.37641,
        8.27515
    ],
    "San Pedro": [
        -76.2278,
        3.99456
    ],
    "San Pablo de Borbur": [
        -74.06212,
        5.66034
    ],
    "San Pablo": [
        -77.01389,
        1.6725
    ],
    "San Onofre": [
        -75.52626,
        9.73586
    ],
    "San Miguel": [
        -76.91124,
        0.34314
    ],
    "San Mateo": [
        -72.55563,
        6.40111
    ],
    "San Martín": [
        -73.51126,
        8.00151
    ],
    "San Marcos": [
        -75.12809,
        8.65972
    ],
    "San Luis de Palenque": [
        -71.73167,
        5.42139
    ],
    "San Luis de Gaceno": [
        -73.16851,
        4.82052
    ],
    "San Luis de Cubarral": [
        -73.84063,
        3.79352
    ],
    "San Luis": [
        -74.99278,
        6.04167
    ],
    "San Lorenzo": [
        -77.21898,
        1.50628
    ],
    "San Juan Nepomuceno": [
        -75.08198,
        9.95156
    ],
    "San Juan de Urabá": [
        -76.52969,
        8.75924
    ],
    "San Juan del Cesar": [
        -73.00314,
        10.77108
    ],
    "San Juan de Betulia": [
        -75.24103,
        9.27345
    ],
    "San Juan de Arama": [
        -73.87267,
        3.36985
    ],
    "San José de Miranda": [
        -72.73344,
        6.6587
    ],
    "San José del Palmar": [
        -76.22833,
        4.97417
    ],
    "San José de La Montaña": [
        -75.68333,
        6.85028
    ],
    "San José": [
        -78.24482,
        1.69659
    ],
    "San Jerónimo": [
        -75.72815,
        6.44344
    ],
    "San Jacinto": [
        -75.1217,
        9.82767
    ],
    "San Gil": [
        -73.13309,
        6.55573
    ],
    "San Francisco": [
        -76.8785,
        1.17867
    ],
    "San Fernando": [
        -74.53389,
        9.27972
    ],
    "San Estanislao": [
        -75.15111,
        10.39833
    ],
    "Sandoná": [
        -77.46921,
        1.28626
    ],
    "San Diego": [
        -73.18203,
        10.33622
    ],
    "San Cristóbal": [
        -75.25248,
        9.87809
    ],
    "San Cayetano": [
        -72.6243,
        7.87707
    ],
    "San Carlos de Guaroa": [
        -73.24344,
        3.71161
    ],
    "San Carlos": [
        -75.71331,
        8.74372
    ],
    "San Calixto": [
        -73.20737,
        8.4021
    ],
    "San Bernardo del Viento": [
        -75.95244,
        9.3533
    ],
    "San Bernardo": [
        -77.03091,
        1.52119
    ],
    "San Benito Abad": [
        -75.02709,
        8.92901
    ],
    "San Antonio": [
        -75.48008,
        3.91423
    ],
    "San Antero": [
        -75.75891,
        9.3741
    ],
    "San Andrés": [
        -75.6825,
        6.90333
    ],
    "San Alberto": [
        -73.3922,
        7.76107
    ],
    "San Agustín": [
        -76.27557,
        1.87863
    ],
    "Sampués": [
        -75.38167,
        9.18361
    ],
    "Samaniego": [
        -77.5957,
        1.3385
    ],
    "Samacá": [
        -73.48537,
        5.49274
    ],
    "Salgar": [
        -75.96541,
        5.96502
    ],
    "Salento": [
        -75.57028,
        4.6375
    ],
    "Saldaña": [
        -75.01517,
        3.92922
    ],
    "Salamina": [
        -75.48749,
        5.40733
    ],
    "Saladoblanco": [
        -76.04335,
        1.99244
    ],
    "Sahagún": [
        -75.44275,
        8.94616
    ],
    "Sáchica": [
        -73.54184,
        5.58453
    ],
    "Saboyá": [
        -73.76932,
        5.69636
    ],
    "Sabaneta": [
        -75.61658,
        6.15154
    ],
    "Sabanalarga": [
        -73.04003,
        4.8543
    ],
    "Sabanagrande": [
        -74.76059,
        10.79115
    ],
    "Sabana de Torres": [
        -73.49574,
        7.3915
    ],
    "Rovira": [
        -75.23996,
        4.23922
    ],
    "Rosas": [
        -76.73986,
        2.26093
    ],
    "Roncesvalles": [
        -75.60493,
        4.0108
    ],
    "Roldanillo": [
        -76.15457,
        4.41256
    ],
    "Rivera": [
        -75.25642,
        2.77717
    ],
    "Risaralda": [
        -75.76595,
        5.16647
    ],
    "Río Viejo": [
        -73.83901,
        8.5874
    ],
    "Riosucio": [
        -75.70318,
        5.42164
    ],
    "Rionegro": [
        -75.37371,
        6.15515
    ],
    "Ríohacha": [
        -72.90722,
        11.54444
    ],
    "Riofrío": [
        -76.28852,
        4.1571
    ],
    "Río de Oro": [
        -73.38485,
        8.2919
    ],
    "Rioblanco": [
        -75.68056,
        3.53083
    ],
    "Ricaurte": [
        -77.96124,
        1.18112
    ],
    "El Retiro": [
        -75.50306,
        6.05861
    ],
    "Restrepo": [
        -76.52242,
        3.82203
    ],
    "Repelón": [
        -75.12917,
        10.49194
    ],
    "Remolino": [
        -74.71602,
        10.70198
    ],
    "Remedios": [
        -74.53333,
        7.03083
    ],
    "Regidor": [
        -73.82151,
        8.66565
    ],
    "Ráquira": [
        -73.63201,
        5.53793
    ],
    "Ramiriquí": [
        -73.33544,
        5.4002
    ],
    "Ragonvalia": [
        -72.47574,
        7.57749
    ],
    "Apulo": [
        -74.59293,
        4.51952
    ],
    "Quipile": [
        -74.56306,
        4.74806
    ],
    "Quinchía": [
        -75.73018,
        5.33957
    ],
    "Quimbaya": [
        -75.76278,
        4.62306
    ],
    "Quibdó": [
        -76.66111,
        5.69472
    ],
    "Quetame": [
        -73.86142,
        4.33234
    ],
    "Purísima": [
        -75.7219,
        9.23657
    ],
    "Purificación": [
        -74.93129,
        3.8587
    ],
    "Pupiales": [
        -77.64027,
        0.87136
    ],
    "Puerto Wilches": [
        -73.89601,
        7.34828
    ],
    "Puerto Triunfo": [
        -74.64029,
        5.87262
    ],
    "Puerto Tejada": [
        -76.41668,
        3.23114
    ],
    "Puerto Santander": [
        -72.4063,
        8.36361
    ],
    "Puerto Salgar": [
        -74.65436,
        5.46304
    ],
    "Puerto Rondón": [
        -71.1,
        6.28048
    ],
    "Puerto Yuca": [
        -73.20833,
        2.93833
    ],
    "Puerto Rico": [
        -75.145,
        1.91417
    ],
    "Puerto Parra": [
        -74.05734,
        6.65149
    ],
    "Puerto Nariño": [
        -70.38306,
        -3.77028
    ],
    "Puerto López": [
        -72.95597,
        4.08451
    ],
    "Puerto Lleras": [
        -73.4044,
        3.02225
    ],
    "Puerto Leguízamo": [
        -74.78189,
        -0.19337
    ],
    "Inírida": [
        -67.92389,
        3.86528
    ],
    "Puerto Escondido": [
        -76.26413,
        9.0181
    ],
    "Puerto Colombia": [
        -74.95472,
        10.98778
    ],
    "Puerto Carreño": [
        -67.48588,
        6.18903
    ],
    "Puerto Boyacá": [
        -74.58846,
        5.97584
    ],
    "Puerto Berrío": [
        -74.40326,
        6.49156
    ],
    "Puerto Asís": [
        -76.50075,
        0.51328
    ],
    "Puerres": [
        -77.26661,
        1.19374
    ],
    "Puente Nacional": [
        -73.6781,
        5.8774
    ],
    "Puebloviejo": [
        -74.28438,
        10.99376
    ],
    "Pueblorrico": [
        -75.84101,
        5.79176
    ],
    "Pueblo Rico": [
        -76.03639,
        5.23833
    ],
    "Pueblo Nuevo": [
        -74.95815,
        8.2411
    ],
    "Providencia": [
        -77.464,
        1.56976
    ],
    "Prado": [
        -74.92932,
        3.75024
    ],
    "Pradera": [
        -76.24472,
        3.42111
    ],
    "Potosí": [
        -77.57216,
        0.80739
    ],
    "Pore": [
        -71.99472,
        5.72722
    ],
    "Popayán": [
        -76.61316,
        2.43823
    ],
    "Ponedera": [
        -74.75026,
        10.64104
    ],
    "Polonuevo": [
        -74.85344,
        10.77697
    ],
    "Policarpa": [
        -77.46199,
        1.63231
    ],
    "Planeta Rica": [
        -75.58833,
        8.41472
    ],
    "Planadas": [
        -75.64506,
        3.19698
    ],
    "Pizarro": [
        -77.36598,
        4.95334
    ],
    "Francisco Pizarro": [
        -78.72167,
        2.10194
    ],
    "Pivijay": [
        -74.61621,
        10.46168
    ],
    "Pitalito": [
        -76.04785,
        1.84966
    ],
    "Pital": [
        -75.80442,
        2.2665
    ],
    "Piojó": [
        -75.10776,
        10.74846
    ],
    "Pinillos": [
        -74.46771,
        8.91925
    ],
    "Pijiño": [
        -74.45302,
        9.32908
    ],
    "Pijao": [
        -75.70348,
        4.33419
    ],
    "Piedras": [
        -74.88175,
        4.53833
    ],
    "Piedrancha": [
        -77.8489,
        1.1374
    ],
    "Pié de Pató": [
        -76.97449,
        5.51604
    ],
    "Piedecuesta": [
        -73.04953,
        6.98789
    ],
    "Pesca": [
        -73.05,
        5.55
    ],
    "Pereira": [
        -75.69611,
        4.81333
    ],
    "Peque": [
        -75.90926,
        7.02122
    ],
    "Pensilvania": [
        -75.16122,
        5.38346
    ],
    "Pelaya": [
        -73.66452,
        8.68819
    ],
    "Pedraza": [
        -74.91504,
        10.18739
    ],
    "Payán": [
        -78.205,
        1.935
    ],
    "Pauna": [
        -73.9825,
        5.65861
    ],
    "Patía": [
        -77.05273,
        2.06895
    ],
    "Pasto": [
        -77.28111,
        1.21361
    ],
    "Pasca": [
        -74.30056,
        4.30722
    ],
    "Pandi": [
        -74.4875,
        4.19111
    ],
    "Pamplona": [
        -72.64795,
        7.37565
    ],
    "Palocabildo": [
        -75.01732,
        5.11705
    ],
    "Palmito": [
        -75.55,
        9.33333
    ],
    "Palmira": [
        -76.30361,
        3.53944
    ],
    "Palmar de Varela": [
        -74.75443,
        10.74055
    ],
    "Palestina": [
        -76.13403,
        1.72362
    ],
    "Palermo": [
        -75.4375,
        2.89167
    ],
    "Pajarito": [
        -72.70277,
        5.2929
    ],
    "Paispamba": [
        -76.61086,
        2.25462
    ],
    "Paipa": [
        -73.11708,
        5.78013
    ],
    "Pailitas": [
        -73.62548,
        8.95652
    ],
    "Paicol": [
        -75.775,
        2.44962
    ],
    "Páez": [
        -73.05122,
        5.10112
    ],
    "Belalcazar": [
        -75.99278,
        2.65472
    ],
    "Padilla": [
        -76.31385,
        3.22038
    ],
    "Pácora": [
        -75.4593,
        5.52708
    ],
    "Pacho": [
        -74.15977,
        5.13278
    ],
    "Ovejas": [
        -75.22382,
        9.53248
    ],
    "Otanche": [
        -74.18249,
        5.65672
    ],
    "Ospina": [
        -77.56554,
        1.0595
    ],
    "Ortega": [
        -75.22169,
        3.9361
    ],
    "Orocué": [
        -71.33542,
        4.79118
    ],
    "Oporapa": [
        -75.97675,
        2.05015
    ],
    "Onzaga": [
        -72.81726,
        6.34434
    ],
    "Olaya Herrera": [
        -77.49086,
        1.24803
    ],
    "Oiba": [
        -73.29876,
        6.26388
    ],
    "Ocaña": [
        -73.35604,
        8.23773
    ],
    "Obando": [
        -75.97389,
        4.57583
    ],
    "Nuquí": [
        -77.27083,
        5.7125
    ],
    "Nunchía": [
        -72.19861,
        5.64056
    ],
    "Nueva Granada": [
        -74.39304,
        9.80168
    ],
    "Nóvita": [
        -76.60526,
        4.95511
    ],
    "Norcasia": [
        -74.88521,
        5.57782
    ],
    "Nocaima": [
        -74.378,
        5.06983
    ],
    "Nobsa": [
        -72.94099,
        5.76978
    ],
    "Nilo": [
        -74.62083,
        4.30604
    ],
    "Nemocón": [
        -73.88333,
        5.05
    ],
    "Neiva": [
        -75.28188,
        2.9273
    ],
    "Neira": [
        -75.52001,
        5.1665
    ],
    "Necoclí": [
        -76.78597,
        8.42342
    ],
    "Nechí": [
        -74.77573,
        8.09419
    ],
    "Natagaima": [
        -75.09415,
        3.62057
    ],
    "Nátaga": [
        -75.80852,
        2.54359
    ],
    "Nariño": [
        -77.35722,
        1.28995
    ],
    "Muzo": [
        -74.10778,
        5.53528
    ],
    "Mutatá": [
        -76.43564,
        7.24407
    ],
    "Murindó": [
        -76.75439,
        6.98481
    ],
    "Murillo": [
        -75.17151,
        4.87393
    ],
    "Mountain": [
        -81.36667,
        13.36667
    ],
    "Mosquera": [
        -78.4511,
        2.50861
    ],
    "Morroa": [
        -75.30542,
        9.33348
    ],
    "Morelia": [
        -75.72581,
        1.48747
    ],
    "Morales": [
        -76.61723,
        2.75701
    ],
    "Montería": [
        -75.88143,
        8.74798
    ],
    "Montenegro": [
        -75.75111,
        4.56639
    ],
    "Montelíbano": [
        -75.4202,
        7.97917
    ],
    "Montecristo": [
        -74.4733,
        8.2971
    ],
    "Montebello": [
        -75.5275,
        5.94806
    ],
    "Moñitos": [
        -76.05,
        8.25
    ],
    "Moniquirá": [
        -73.57284,
        5.87638
    ],
    "Monguí": [
        -72.84908,
        5.72151
    ],
    "Mongua": [
        -72.80339,
        5.75084
    ],
    "Mompós": [
        -74.42667,
        9.24194
    ],
    "Momil": [
        -75.67489,
        9.23768
    ],
    "Molagavita": [
        -72.80875,
        6.67315
    ],
    "Mogotes": [
        -72.97046,
        6.47559
    ],
    "Mocoa": [
        -76.64661,
        1.14933
    ],
    "Mitú": [
        -70.17333,
        1.19833
    ],
    "Mistrató": [
        -75.88322,
        5.2973
    ],
    "Miranda": [
        -76.22814,
        3.24991
    ],
    "Miraflores": [
        -71.95111,
        1.33667
    ],
    "Milán": [
        -75.51167,
        1.29205
    ],
    "Mercaderes": [
        -77.16596,
        1.80094
    ],
    "Melgar": [
        -74.64075,
        4.20475
    ],
    "Medina": [
        -73.34982,
        4.51005
    ],
    "Medellín": [
        -75.56359,
        6.25184
    ],
    "Matanza": [
        -73.01516,
        7.32233
    ],
    "Marulanda": [
        -75.26016,
        5.28393
    ],
    "Marsella": [
        -75.73778,
        4.93722
    ],
    "Marquetalia": [
        -75.05496,
        5.29659
    ],
    "Marmato": [
        -75.59267,
        5.47843
    ],
    "Mariquita": [
        -74.89295,
        5.19889
    ],
    "Maripí": [
        -74.00861,
        5.55194
    ],
    "Marinilla": [
        -75.33621,
        6.17358
    ],
    "María la Baja": [
        -75.30155,
        9.9832
    ],
    "Margarita": [
        -74.26618,
        9.15596
    ],
    "Manzanares": [
        -75.15694,
        5.32472
    ],
    "Manta": [
        -73.54115,
        5.00864
    ],
    "Manizales": [
        -75.51738,
        5.06889
    ],
    "Maní": [
        -72.28861,
        4.81722
    ],
    "Manaure": [
        -72.44447,
        11.77505
    ],
    "Manatí": [
        -74.95869,
        10.44589
    ],
    "Malambo": [
        -74.77386,
        10.85953
    ],
    "Málaga": [
        -72.73233,
        6.69903
    ],
    "Majagual": [
        -74.62038,
        8.53886
    ],
    "Maicao": [
        -72.24321,
        11.38321
    ],
    "Mahates": [
        -75.18985,
        10.23293
    ],
    "Magangué": [
        -74.75467,
        9.24202
    ],
    "Madrid": [
        -74.26419,
        4.73244
    ],
    "Machetá": [
        -73.60761,
        5.08154
    ],
    "Maceo": [
        -74.78742,
        6.55196
    ],
    "Luruaco": [
        -75.14309,
        10.60921
    ],
    "Lourdes": [
        -72.83253,
        7.94411
    ],
    "Los Patios": [
        -72.5037,
        7.83793
    ],
    "Los Palmitos": [
        -75.26769,
        9.37899
    ],
    "Los Córdobas": [
        -76.35455,
        8.89403
    ],
    "Lorica": [
        -75.8135,
        9.23648
    ],
    "López": [
        -76.8,
        2.43333
    ],
    "Lloró": [
        -76.54945,
        5.49605
    ],
    "Linares": [
        -77.52725,
        1.35783
    ],
    "Liborina": [
        -75.81218,
        6.6779
    ],
    "Líbano": [
        -75.06232,
        4.9218
    ],
    "Leticia": [
        -69.94056,
        -4.21528
    ],
    "Lérida": [
        -74.90977,
        4.86242
    ],
    "Lenguazaque": [
        -73.71152,
        5.30711
    ],
    "Leiva": [
        -77.30253,
        1.93389
    ],
    "Lebrija": [
        -73.2178,
        7.11317
    ],
    "La Virginia": [
        -75.8825,
        4.89972
    ],
    "La Victoria": [
        -76.03738,
        4.52271
    ],
    "La Vega": [
        -76.78028,
        2.00628
    ],
    "La Uvita": [
        -72.56032,
        6.31684
    ],
    "La Unión": [
        -77.13152,
        1.6045
    ],
    "La Tebaida": [
        -75.78746,
        4.45265
    ],
    "La Sierra": [
        -76.76265,
        2.17835
    ],
    "La Primavera": [
        -70.40917,
        5.49056
    ],
    "La Playa": [
        -73.24139,
        8.21639
    ],
    "La Plata": [
        -75.89232,
        2.39341
    ],
    "La Pintada": [
        -75.60626,
        5.74867
    ],
    "La Peña": [
        -74.39368,
        5.19847
    ],
    "La Paz": [
        -73.58948,
        6.17848
    ],
    "Landázuri": [
        -73.81121,
        6.21826
    ],
    "La Montañita": [
        -75.4398,
        1.4766
    ],
    "La Mesa": [
        -73.91667,
        5.26667
    ],
    "La Merced": [
        -75.88472,
        5.40194
    ],
    "La Llanada": [
        -77.58347,
        1.48997
    ],
    "La Jagua de Ibirico": [
        -73.33405,
        9.56228
    ],
    "La Gloria": [
        -73.80265,
        8.61868
    ],
    "La Florida": [
        -77.40614,
        1.29851
    ],
    "La Estrella": [
        -75.64317,
        6.15769
    ],
    "La Esperanza": [
        -72.46399,
        8.21043
    ],
    "La Dorada": [
        -74.66311,
        5.44783
    ],
    "La Cruz": [
        -76.96901,
        1.60301
    ],
    "La Celia": [
        -76.01667,
        5.04333
    ],
    "La Ceja": [
        -75.4315,
        6.03082
    ],
    "La Capilla": [
        -73.47527,
        5.70493
    ],
    "La Calera": [
        -73.96926,
        4.72069
    ],
    "La Belleza": [
        -73.96167,
        5.86371
    ],
    "Juradó": [
        -77.76413,
        7.10534
    ],
    "Junín": [
        -73.66011,
        4.79027
    ],
    "Juan de Acosta": [
        -75.03341,
        10.82813
    ],
    "Jericó": [
        -75.78601,
        5.79211
    ],
    "Jenesano": [
        -73.36364,
        5.38541
    ],
    "Jardín": [
        -75.81976,
        5.59902
    ],
    "Jamundí": [
        -76.53499,
        3.26074
    ],
    "Jambaló": [
        -76.32258,
        2.79225
    ],
    "Ituango": [
        -75.76404,
        7.17117
    ],
    "Itagüí": [
        -75.59913,
        6.18461
    ],
    "Istmina": [
        -76.68397,
        5.16054
    ],
    "Iscuandé": [
        -77.97936,
        2.45007
    ],
    "Íquira": [
        -75.63457,
        2.64867
    ],
    "Ipiales": [
        -77.64959,
        0.83018
    ],
    "Inzá": [
        -76.06546,
        2.5513
    ],
    "Imués": [
        -77.50171,
        1.05295
    ],
    "Iles": [
        -77.52741,
        0.97491
    ],
    "Icononzo": [
        -74.53254,
        4.17698
    ],
    "Ibagué": [
        -75.23222,
        4.43889
    ],
    "Honda": [
        -74.73584,
        5.20856
    ],
    "Hobo": [
        -75.45,
        2.58333
    ],
    "Hispania": [
        -75.90718,
        5.79925
    ],
    "Herveo": [
        -75.16667,
        5.08333
    ],
    "Herrán": [
        -72.48332,
        7.50611
    ],
    "Heliconia": [
        -75.73367,
        6.20689
    ],
    "Municipio Hato Corozal": [
        -71.76372,
        6.15676
    ],
    "Hatillo de Loba": [
        -74.0782,
        8.95635
    ],
    "Hacarí": [
        -73.14889,
        8.32333
    ],
    "Güicán": [
        -72.41129,
        6.46184
    ],
    "Güepsa": [
        -73.57313,
        6.02505
    ],
    "Guayatá": [
        -73.4875,
        4.96417
    ],
    "Guayabetal": [
        -73.81719,
        4.21472
    ],
    "Guayabal de Síquima": [
        -74.46744,
        4.87739
    ],
    "Guática": [
        -75.79826,
        5.31569
    ],
    "Guateque": [
        -73.47274,
        5.00619
    ],
    "Guatavita": [
        -73.83314,
        4.93658
    ],
    "Guataquí": [
        -74.78935,
        4.51573
    ],
    "Guatapé": [
        -75.15864,
        6.23274
    ],
    "Guasca": [
        -73.87748,
        4.86601
    ],
    "Guarne": [
        -75.44354,
        6.28046
    ],
    "Guapi": [
        -77.88542,
        2.57082
    ],
    "Guamo": [
        -74.9701,
        4.03078
    ],
    "Guamal": [
        -73.76566,
        3.88043
    ],
    "Gualmatán": [
        -77.56651,
        0.91888
    ],
    "Guaitarilla": [
        -77.54814,
        1.13103
    ],
    "Guaduas": [
        -74.59499,
        5.06692
    ],
    "Guadalupe": [
        -75.75589,
        2.0248
    ],
    "Guachucal": [
        -77.7316,
        0.96093
    ],
    "Guachetá": [
        -73.68617,
        5.38425
    ],
    "Guacarí": [
        -76.33292,
        3.76383
    ],
    "Guaca": [
        -72.85594,
        6.87621
    ],
    "Granada": [
        -73.70687,
        3.54625
    ],
    "Gramalote": [
        -72.79749,
        7.88752
    ],
    "González": [
        -73.37989,
        8.38944
    ],
    "Gómez Plata": [
        -75.21906,
        6.68178
    ],
    "Girón": [
        -73.16981,
        7.0682
    ],
    "Girardot": [
        -74.80468,
        4.29866
    ],
    "Giraldo": [
        -75.98917,
        6.68306
    ],
    "Ginebra": [
        -76.26675,
        3.72461
    ],
    "Gigante": [
        -75.54531,
        2.38677
    ],
    "Génova": [
        -77.02433,
        1.64322
    ],
    "Garzón": [
        -75.62777,
        2.19593
    ],
    "Garagoa": [
        -73.36334,
        5.08236
    ],
    "Gámeza": [
        -72.80586,
        5.80263
    ],
    "Gamarra": [
        -73.74268,
        8.32279
    ],
    "Galeras": [
        -75.04811,
        9.16095
    ],
    "Galapa": [
        -74.886,
        10.89686
    ],
    "Galán": [
        -73.28878,
        6.63781
    ],
    "Gachancipá": [
        -73.87154,
        4.99111
    ],
    "Gachalá": [
        -73.52042,
        4.69244
    ],
    "Fusagasuga": [
        -74.36378,
        4.33646
    ],
    "Funza": [
        -74.21195,
        4.71638
    ],
    "Funes": [
        -77.45067,
        1.00266
    ],
    "Fundación": [
        -74.18504,
        10.52066
    ],
    "Fuente de Oro": [
        -73.62162,
        3.46263
    ],
    "Frontino": [
        -76.1288,
        6.78005
    ],
    "Fresno": [
        -75.03624,
        5.15264
    ],
    "Fosca": [
        -73.93852,
        4.33916
    ],
    "Municipio de Fortul": [
        -71.7717,
        6.79277
    ],
    "Fonseca": [
        -72.8487,
        10.88606
    ],
    "Fómeque": [
        -73.89749,
        4.48797
    ],
    "Floridablanca": [
        -73.08644,
        7.06222
    ],
    "Florida": [
        -76.2348,
        3.3223
    ],
    "Florián": [
        -73.97029,
        5.80487
    ],
    "Floresta": [
        -72.91882,
        5.85903
    ],
    "Florencia": [
        -75.60623,
        1.61438
    ],
    "Flandes": [
        -74.81901,
        4.29413
    ],
    "Firavitoba": [
        -72.99289,
        5.66885
    ],
    "Filandia": [
        -75.65833,
        4.67472
    ],
    "Filadelfia": [
        -75.5612,
        5.29606
    ],
    "Falan": [
        -74.94894,
        5.11564
    ],
    "Facatativá": [
        -74.35453,
        4.81367
    ],
    "Espinal": [
        -74.88429,
        4.14924
    ],
    "Envigado": [
        -75.59174,
        6.17591
    ],
    "Entrerríos": [
        -75.5169,
        6.5654
    ],
    "El Zulia": [
        -72.60125,
        7.93248
    ],
    "El Tambo": [
        -77.39678,
        1.41814
    ],
    "El Tablón": [
        -77.09664,
        1.43188
    ],
    "El Rosario": [
        -77.3352,
        1.74173
    ],
    "El Rosal": [
        -74.25996,
        4.85314
    ],
    "El Roble": [
        -75.19508,
        9.10194
    ],
    "El Retén": [
        -74.26824,
        10.61135
    ],
    "El Piñón": [
        -74.82415,
        10.40283
    ],
    "El Peñón": [
        -73.94857,
        8.98916
    ],
    "El Peñol": [
        -77.44544,
        1.45987
    ],
    "El Paujil": [
        -75.32863,
        1.57006
    ],
    "El Paso": [
        -73.74723,
        9.66057
    ],
    "El Molino": [
        -72.92405,
        10.65225
    ],
    "Elías": [
        -75.93968,
        2.0117
    ],
    "El Guamo": [
        -74.97612,
        10.03155
    ],
    "El Espino": [
        -72.49718,
        6.48277
    ],
    "El Dovio": [
        -76.23619,
        4.5079
    ],
    "El Doncello": [
        -75.28466,
        1.67817
    ],
    "El Copey": [
        -73.9614,
        10.15031
    ],
    "El Cocuy": [
        -72.44464,
        6.40784
    ],
    "El Charco": [
        -78.11049,
        2.47691
    ],
    "El Cerrito": [
        -76.31372,
        3.68549
    ],
    "El Castillo": [
        -73.79488,
        3.56363
    ],
    "El Carmen de Bolívar": [
        -75.12023,
        9.7174
    ],
    "El Carmen": [
        -75.16417,
        5.88778
    ],
    "El Cairo": [
        -76.22226,
        4.75909
    ],
    "El Bordo": [
        -76.98214,
        2.11696
    ],
    "El Banco": [
        -73.97581,
        9.00114
    ],
    "El Bagre": [
        -74.80951,
        7.60347
    ],
    "El Águila": [
        -76.04004,
        4.91345
    ],
    "Ebéjico": [
        -75.76835,
        6.32598
    ],
    "Durania": [
        -72.65759,
        7.71307
    ],
    "Duitama": [
        -73.03408,
        5.8245
    ],
    "Dos Quebradas": [
        -75.66726,
        4.83916
    ],
    "Don Matías": [
        -75.39496,
        6.48568
    ],
    "Distracción": [
        -72.8861,
        10.89693
    ],
    "Dibulla": [
        -73.30911,
        11.27251
    ],
    "Dagua": [
        -76.68859,
        3.65685
    ],
    "Dabeiba": [
        -76.26722,
        7.00172
    ],
    "Curumaní": [
        -73.54274,
        9.19992
    ],
    "Curití": [
        -73.06809,
        6.60519
    ],
    "Cunday": [
        -74.69212,
        4.06004
    ],
    "Cumbitara": [
        -77.58225,
        1.65174
    ],
    "Cumbal": [
        -77.79145,
        0.90875
    ],
    "Cumaral": [
        -73.48669,
        4.2708
    ],
    "Cucutilla": [
        -72.77238,
        7.53941
    ],
    "Cúcuta": [
        -72.50782,
        7.89391
    ],
    "Cucunubá": [
        -73.7661,
        5.24958
    ],
    "Cucaita": [
        -73.45433,
        5.54373
    ],
    "Cubará": [
        -72.10917,
        6.99889
    ],
    "Cruces de Anorí": [
        -75.06667,
        7.18333
    ],
    "Cravo Norte": [
        -70.20415,
        6.30174
    ],
    "Coyaima": [
        -75.19467,
        3.79936
    ],
    "Cotorra": [
        -75.78969,
        9.03886
    ],
    "Cota": [
        -74.098,
        4.80938
    ],
    "Corrales": [
        -72.84332,
        5.82968
    ],
    "Corozal": [
        -75.29283,
        9.31505
    ],
    "Coromoro": [
        -73.04022,
        6.29461
    ],
    "Corinto": [
        -76.26275,
        3.17301
    ],
    "Córdoba": [
        -77.5195,
        0.85905
    ],
    "Municipio de Copacabana": [
        -75.50888,
        6.34633
    ],
    "Contratación": [
        -73.47354,
        6.29005
    ],
    "Contadero": [
        -77.54729,
        0.907
    ],
    "Consacá": [
        -77.46548,
        1.20805
    ],
    "Condoto": [
        -76.64973,
        5.09351
    ],
    "Concordia": [
        -75.90706,
        6.04639
    ],
    "Concepción": [
        -75.2583,
        6.39408
    ],
    "Combita": [
        -73.31667,
        5.63333
    ],
    "Colosó": [
        -75.36145,
        9.4915
    ],
    "Colón": [
        -76.9685,
        1.19117
    ],
    "Colombia": [
        -74.8015,
        3.37606
    ],
    "Cogua": [
        -73.97925,
        5.06052
    ],
    "Cocorná": [
        -75.18524,
        6.0573
    ],
    "Clemencia": [
        -75.32499,
        10.56646
    ],
    "Cisneros": [
        -75.08861,
        6.53833
    ],
    "Circasia": [
        -75.63583,
        4.61889
    ],
    "Cimitarra": [
        -73.94968,
        6.31419
    ],
    "Ciénega": [
        -73.29572,
        5.40867
    ],
    "Ciénaga de Oro": [
        -75.62028,
        8.87443
    ],
    "Ciénaga": [
        -74.24765,
        11.00703
    ],
    "Cicuco": [
        -74.65694,
        9.26306
    ],
    "Chocontá": [
        -73.68578,
        5.14468
    ],
    "Choachí": [
        -73.92273,
        4.52897
    ],
    "Chivolo": [
        -74.62279,
        10.02502
    ],
    "Chitagá": [
        -72.66456,
        7.13781
    ],
    "Chita": [
        -72.4726,
        6.18715
    ],
    "Chiscas": [
        -72.49976,
        6.55236
    ],
    "Chiriguaná": [
        -73.60314,
        9.36238
    ],
    "Chiquinquirá": [
        -73.81748,
        5.61637
    ],
    "Chipaque": [
        -74.04417,
        4.4425
    ],
    "Chinú": [
        -75.39812,
        9.10569
    ],
    "Chinchiná": [
        -75.60361,
        4.9825
    ],
    "Chinavita": [
        -73.36823,
        5.16723
    ],
    "Chinácota": [
        -72.60108,
        7.60731
    ],
    "Chimichagua": [
        -73.81228,
        9.25778
    ],
    "Chimá": [
        -75.62841,
        9.14893
    ],
    "Chigorodó": [
        -76.68106,
        7.66638
    ],
    "Chía": [
        -74.05866,
        4.85876
    ],
    "Chaparral": [
        -75.48316,
        3.72315
    ],
    "Chalán": [
        -75.31128,
        9.54765
    ],
    "Chaguaní": [
        -74.59392,
        4.94829
    ],
    "Chachagüí": [
        -77.28367,
        1.35943
    ],
    "Cértegui": [
        -76.6044,
        5.37073
    ],
    "Cerro de San Antonio": [
        -74.86933,
        10.32585
    ],
    "Cerrito": [
        -72.69404,
        6.84315
    ],
    "Cerinza": [
        -72.94783,
        5.95568
    ],
    "Cereté": [
        -75.79052,
        8.88479
    ],
    "Caucasia": [
        -75.19349,
        7.98654
    ],
    "Castilla La Nueva": [
        -73.67987,
        3.82845
    ],
    "Casabianca": [
        -75.12059,
        5.07959
    ],
    "Cartago": [
        -77.1176,
        1.56305
    ],
    "Cartagena": [
        -75.51444,
        10.39972
    ],
    "Carolina": [
        -75.28168,
        6.72439
    ],
    "Carmen de Viboral": [
        -75.33509,
        6.08236
    ],
    "Carmen de Carupa": [
        -73.90168,
        5.34862
    ],
    "Carmen de Apicalá": [
        -74.72014,
        4.14725
    ],
    "Carlosama": [
        -77.72734,
        0.86292
    ],
    "Caramanta": [
        -75.64368,
        5.54782
    ],
    "Caracolí": [
        -74.76056,
        6.41194
    ],
    "Cáqueza": [
        -73.94683,
        4.40569
    ],
    "Capitanejo": [
        -72.69595,
        6.52881
    ],
    "Caparrapí": [
        -74.49147,
        5.34644
    ],
    "Cantagallo": [
        -73.91963,
        7.37599
    ],
    "Candelaria": [
        -76.34819,
        3.40671
    ],
    "Cañasgordas": [
        -76.02539,
        6.74989
    ],
    "Campo de la Cruz": [
        -74.88356,
        10.37808
    ],
    "Campoalegre": [
        -75.32311,
        2.68489
    ],
    "Campamento": [
        -75.29724,
        6.9792
    ],
    "Caloto": [
        -76.40788,
        3.03586
    ],
    "Cali": [
        -76.5225,
        3.43722
    ],
    "Caldono": [
        -76.48316,
        2.7974
    ],
    "Caldas": [
        -75.63569,
        6.09106
    ],
    "Calarcá": [
        -75.64091,
        4.52949
    ],
    "Calamar": [
        -72.65315,
        1.9596
    ],
    "Cajicá": [
        -74.02799,
        4.91857
    ],
    "Cajibío": [
        -76.57039,
        2.62271
    ],
    "Cajamarca": [
        -75.42678,
        4.44172
    ],
    "Caimito": [
        -75.41066,
        8.81229
    ],
    "Caicedonia": [
        -75.82665,
        4.3324
    ],
    "Caicedo": [
        -75.98255,
        6.40511
    ],
    "Cácota": [
        -72.64197,
        7.26787
    ],
    "Cáchira": [
        -73.0483,
        7.74104
    ],
    "Cachipay": [
        -74.56667,
        5.26667
    ],
    "Cáceres": [
        -75.34842,
        7.58078
    ],
    "Cabuyaro": [
        -72.79399,
        4.2817
    ],
    "Cabrera": [
        -74.48283,
        3.98598
    ],
    "Bugalagrande": [
        -76.15564,
        4.21207
    ],
    "Buga": [
        -76.29783,
        3.90089
    ],
    "Buesaco": [
        -77.15982,
        1.39017
    ],
    "Buenos Aires": [
        -76.64275,
        3.01503
    ],
    "Buenavista": [
        -75.71782,
        4.3539
    ],
    "Buenaventura": [
        -77,
        3.58333
    ],
    "Bucaramanga": [
        -73.1198,
        7.12539
    ],
    "Briceño": [
        -75.55152,
        7.11096
    ],
    "Bolívar": [
        -76.18342,
        4.3387
    ],
    "Bojacá": [
        -74.34129,
        4.73176
    ],
    "Bogotá": [
        -74.08175,
        4.60971
    ],
    "Bochalema": [
        -72.64774,
        7.61096
    ],
    "Boavita": [
        -72.58505,
        6.33031
    ],
    "Betulia": [
        -75.98378,
        6.11284
    ],
    "Betania": [
        -75.97765,
        5.746
    ],
    "Arboleda": [
        -77.13587,
        1.49766
    ],
    "Belmira": [
        -75.66619,
        6.60508
    ],
    "Bello": [
        -75.55795,
        6.33732
    ],
    "Belén de Umbría": [
        -75.86865,
        5.20088
    ],
    "Belén de los Andaquíes": [
        -75.87754,
        1.41828
    ],
    "Belén": [
        -77.01399,
        1.59787
    ],
    "Belalcázar": [
        -75.81278,
        4.99528
    ],
    "Becerril": [
        -73.2793,
        9.70413
    ],
    "Barranquilla": [
        -74.78132,
        10.96854
    ],
    "Barranco de Loba": [
        -74.10647,
        8.94597
    ],
    "Barrancas": [
        -72.78769,
        10.95756
    ],
    "Barranca de Upía": [
        -72.96676,
        4.56963
    ],
    "Barrancabermeja": [
        -73.85472,
        7.06528
    ],
    "Barichara": [
        -73.22282,
        6.63572
    ],
    "Barbosa": [
        -73.61506,
        5.93168
    ],
    "Barbacoas": [
        -78.13978,
        1.67154
    ],
    "Baraya": [
        -75.05306,
        3.15333
    ],
    "Baranoa": [
        -74.9164,
        10.79408
    ],
    "Balboa": [
        -77.21684,
        2.03956
    ],
    "Mutis": [
        -77.40439,
        6.22622
    ],
    "Bagadó": [
        -76.4152,
        5.41164
    ],
    "Ayapel": [
        -75.13982,
        8.31372
    ],
    "Ataco": [
        -75.38178,
        3.59147
    ],
    "Astrea": [
        -73.97591,
        9.49828
    ],
    "Arroyohondo": [
        -75.0198,
        10.2522
    ],
    "Guayabal": [
        -74.88682,
        5.03103
    ],
    "Armenia": [
        -75.68111,
        4.53389
    ],
    "Arjona": [
        -75.34389,
        10.25444
    ],
    "Ariguaní": [
        -74,
        10.25
    ],
    "Argelia": [
        -77.24876,
        2.25563
    ],
    "Arenal": [
        -73.94331,
        8.45928
    ],
    "Arcabuco": [
        -73.43669,
        5.75463
    ],
    "Arboletes": [
        -76.42694,
        8.85051
    ],
    "Arboledas": [
        -72.79944,
        7.64233
    ],
    "Arbeláez": [
        -74.41513,
        4.27254
    ],
    "Arauquita": [
        -71.42806,
        7.02917
    ],
    "Arauca": [
        -70.75908,
        7.08471
    ],
    "Aratoca": [
        -73.02083,
        6.69353
    ],
    "Aranzazu": [
        -75.49044,
        5.27123
    ],
    "Aracataca": [
        -74.18983,
        10.59181
    ],
    "Aquitania": [
        -72.8875,
        5.51972
    ],
    "Apía": [
        -75.94318,
        5.10645
    ],
    "Apartadó": [
        -76.62587,
        7.88299
    ],
    "Anzoátegui": [
        -75.09539,
        4.62996
    ],
    "Antioquia": [
        -75.82806,
        6.55687
    ],
    "Ansermanuevo": [
        -75.995,
        4.79722
    ],
    "Anserma": [
        -75.79111,
        5.33278
    ],
    "Anolaima": [
        -74.4995,
        4.83362
    ],
    "Angostura": [
        -75.33467,
        6.88508
    ],
    "Angelópolis": [
        -75.70923,
        6.11072
    ],
    "Los Andes": [
        -75.87877,
        5.6561
    ],
    "Andalucía": [
        -76.16641,
        4.17061
    ],
    "Ancuya": [
        -77.51376,
        1.2633
    ],
    "Anapoima": [
        -74.53944,
        4.52028
    ],
    "Ambalema": [
        -74.76268,
        4.78405
    ],
    "Amalfi": [
        -75.07764,
        6.91016
    ],
    "Amagá": [
        -75.70315,
        6.04001
    ],
    "Alvarado": [
        -74.96229,
        4.56612
    ],
    "Altamira": [
        -75.78722,
        2.06278
    ],
    "Almaguer": [
        -76.85233,
        1.917
    ],
    "Algeciras": [
        -75.31492,
        2.52295
    ],
    "Algarrobo": [
        -74.57528,
        10.18694
    ],
    "Aldana": [
        -77.70103,
        0.88283
    ],
    "Alcalá": [
        -75.7825,
        4.67472
    ],
    "Albania": [
        -75.87824,
        1.32866
    ],
    "Albán": [
        -74.43768,
        4.87661
    ],
    "Aipe": [
        -75.23667,
        3.22222
    ],
    "Aguazul": [
        -72.54706,
        5.17282
    ],
    "Agua de Dios": [
        -74.66995,
        4.37648
    ],
    "Aguadas": [
        -75.45624,
        5.61161
    ],
    "Aguachica": [
        -73.6166,
        8.30844
    ],
    "Agrado": [
        -75.77142,
        2.25725
    ],
    "Achí": [
        -74.55405,
        8.56818
    ],
    "Acevedo": [
        -75.85498,
        1.83606
    ],
    "Acandí": [
        -77.27784,
        8.50633
    ],
    "Acacías": [
        -73.75797,
        3.98695
    ],
    "Abriaquí": [
        -76.06444,
        6.63148
    ],
    "Ábrego": [
        -73.22054,
        8.08065
    ],
    "Abejorral": [
        -75.42725,
        5.78928
    ],
    "Los Santos": [
        -73.09306,
        7.17
    ],
    "Lejanías": [
        -74.02156,
        3.5251
    ],
    "El Dorado": [
        -72.86834,
        2.77411
    ],
    "Curillo": [
        -75.91906,
        1.03327
    ],
    "Santacruz": [
        -77.26206,
        1.5209
    ],
    "El Tarra": [
        -73.09489,
        8.57562
    ],
    "Mesetas": [
        -74.04424,
        3.38464
    ],
    "Bellavista": [
        -76.97234,
        6.5213
    ],
    "Chivor": [
        -73.36889,
        4.88556
    ],
    "Monterrey": [
        -72.89879,
        4.87206
    ],
    "Paratebueno": [
        -73.21547,
        4.37575
    ],
    "Puerto Gaitán": [
        -72.08157,
        4.31328
    ],
    "Villa Rica": [
        -76.84418,
        2.50949
    ],
    "Quípama": [
        -74.17765,
        5.5194
    ],
    "La Cumbre": [
        -76.02083,
        3.7225
    ],
    "Canalete": [
        -76.20417,
        8.67611
    ],
    "Fredonia": [
        -75.67056,
        5.92583
    ],
    "Gachetá": [
        -73.63659,
        4.81854
    ],
    "Buriticá": [
        -75.90734,
        6.71873
    ],
    "Carepa": [
        -76.65254,
        7.75849
    ],
    "Ciudad Bolívar": [
        -76.02528,
        5.85389
    ],
    "Vegachí": [
        -74.79473,
        6.76141
    ],
    "Altos del Rosario": [
        -74.16583,
        8.79444
    ],
    "Santa Rosa del Sur": [
        -74.05444,
        7.96444
    ],
    "Tiquisio": [
        -74.26694,
        8.55972
    ],
    "Cartagena del Chairá": [
        -74.84289,
        1.33488
    ],
    "Agustín Codazzi": [
        -73.23558,
        10.03672
    ],
    "Manaure Balcón del Cesar": [
        -73.0325,
        10.39278
    ],
    "El Cantón de San Pablo": [
        -76.73139,
        5.33889
    ],
    "El Retorno": [
        -72.62765,
        2.33022
    ],
    "Isnos": [
        -76.24056,
        1.93556
    ],
    "Plato": [
        -74.78244,
        9.79029
    ],
    "Mapiripán": [
        -72.13328,
        2.89116
    ],
    "Puerto Concordia": [
        -72.75724,
        2.62206
    ],
    "La Tola": [
        -78.24278,
        2.41083
    ],
    "Puerto Guzmán": [
        -76.58583,
        0.97028
    ],
    "El Playón": [
        -73.2031,
        7.47131
    ],
    "San Antonio del Tequendama": [
        -74.35389,
        4.61889
    ],
    "Tibacuy": [
        -72.45639,
        4.35111
    ],
    "Santa Genoveva de Docorodó": [
        -77.36516,
        4.25875
    ],
    "La Argentina": [
        -75.98,
        2.19611
    ],
    "La Macarena": [
        -73.78485,
        2.18367
    ],
    "Valle del Guamuez": [
        -76.91917,
        0.4525
    ],
    "San José del Guaviare": [
        -72.64591,
        2.57286
    ],
    "Orito": [
        -76.87712,
        0.67656
    ]
}