{
    "Dvůr Králové nad Labem": [
        15.81402,
        50.43172
    ],
    "Zvole": [
        14.41769,
        49.93466
    ],
    "Žulová": [
        17.09871,
        50.30933
    ],
    "Zubří": [
        18.09249,
        49.46603
    ],
    "Zruč nad Sázavou": [
        15.10606,
        49.7401
    ],
    "Znojmo": [
        16.0488,
        48.8555
    ],
    "Žlutice": [
        13.16297,
        50.09192
    ],
    "Žlutava": [
        17.49037,
        49.19976
    ],
    "Zlonice": [
        14.09214,
        50.2875
    ],
    "Zliv": [
        14.36613,
        49.06608
    ],
    "Zlín": [
        17.67065,
        49.22645
    ],
    "Zlechov": [
        17.37938,
        49.07396
    ],
    "Žleby": [
        15.48853,
        49.88958
    ],
    "Zlaté Hory": [
        17.39602,
        50.2638
    ],
    "Žiželice": [
        15.3932,
        50.13192
    ],
    "Žitenice": [
        14.15665,
        50.55528
    ],
    "Žirovnice": [
        15.18824,
        49.25318
    ],
    "Žihle": [
        13.37502,
        50.04491
    ],
    "Židlochovice": [
        16.61881,
        49.03952
    ],
    "Žeravice": [
        17.23726,
        49.02288
    ],
    "Želiv": [
        15.22181,
        49.52984
    ],
    "Železný Brod": [
        15.25408,
        50.64274
    ],
    "Železnice": [
        15.38459,
        50.47274
    ],
    "Železná Ruda": [
        13.2352,
        49.13743
    ],
    "Želetava": [
        15.673,
        49.14187
    ],
    "Želešice": [
        16.58137,
        49.11689
    ],
    "Zeleneč": [
        14.6607,
        50.13362
    ],
    "Žebrák": [
        13.89735,
        49.87574
    ],
    "Zdounky": [
        17.31899,
        49.22771
    ],
    "Zdíkov": [
        13.69738,
        49.08456
    ],
    "Zdice": [
        13.97747,
        49.91207
    ],
    "Zdiby": [
        14.45118,
        50.16799
    ],
    "Žďár nad Sázavou Druhy": [
        15.93216,
        49.58726
    ],
    "Žďár nad Sázavou": [
        15.93924,
        49.56263
    ],
    "Žďár": [
        15.08034,
        50.54366
    ],
    "Ždánice": [
        17.02751,
        49.06729
    ],
    "Zbýšov": [
        16.34951,
        49.15524
    ],
    "Zbůch": [
        13.22564,
        49.6784
    ],
    "Zbraslavice": [
        15.18319,
        49.81179
    ],
    "Zbraslav": [
        16.29415,
        49.22155
    ],
    "Zborovice": [
        17.28464,
        49.24889
    ],
    "Zbiroh": [
        13.77262,
        49.86024
    ],
    "Zátor": [
        17.59296,
        50.03413
    ],
    "Žatec": [
        13.54577,
        50.32717
    ],
    "Zastávka": [
        16.3631,
        49.188
    ],
    "Zašová": [
        18.04436,
        49.4741
    ],
    "Zásmuky": [
        15.03058,
        49.9547
    ],
    "Žandov": [
        14.39623,
        50.71394
    ],
    "Žamberk": [
        16.46738,
        50.08601
    ],
    "Zákupy": [
        14.64522,
        50.68475
    ],
    "Zaječov": [
        13.84072,
        49.77435
    ],
    "Zaječí": [
        16.76646,
        48.87295
    ],
    "Záhorovice": [
        17.77922,
        49.02266
    ],
    "Zadní Mostek": [
        15.69804,
        50.4967
    ],
    "Žacléř": [
        15.91063,
        50.66329
    ],
    "Zabrušany": [
        13.78748,
        50.60495
    ],
    "Zábřeh": [
        16.87223,
        49.8826
    ],
    "Žabčice": [
        16.60257,
        49.0116
    ],
    "Vyšší Brod": [
        14.31183,
        48.61598
    ],
    "Vysoké nad Jizerou": [
        15.40152,
        50.68559
    ],
    "Vysoké Mýto": [
        16.16169,
        49.9532
    ],
    "Vysočany": [
        14.51667,
        50.10938
    ],
    "Vyškov": [
        16.99897,
        49.27747
    ],
    "Vsetín": [
        17.99619,
        49.33871
    ],
    "Všetaty": [
        14.59297,
        50.28187
    ],
    "Všestary": [
        15.75983,
        50.2566
    ],
    "Všeruby": [
        13.22943,
        49.84167
    ],
    "Všenory": [
        14.30392,
        49.92883
    ],
    "Všemina": [
        17.87682,
        49.281
    ],
    "Vroutek": [
        13.37986,
        50.17999
    ],
    "Vřesina": [
        18.12569,
        49.82418
    ],
    "Vrdy": [
        15.47243,
        49.92153
    ],
    "Vrchlabí": [
        15.60937,
        50.62697
    ],
    "Vrbovec": [
        16.10061,
        48.79978
    ],
    "Vrbno pod Pradědem": [
        17.38316,
        50.12095
    ],
    "Vrbice": [
        16.89779,
        48.91508
    ],
    "Vrbátky": [
        17.19994,
        49.50805
    ],
    "Vratimov": [
        18.31015,
        49.76995
    ],
    "Vranovice": [
        16.6066,
        48.966
    ],
    "Vrané nad Vltavou": [
        14.37706,
        49.93585
    ],
    "Vracov": [
        17.211,
        48.97523
    ],
    "Votice": [
        14.63809,
        49.64013
    ],
    "Volyně": [
        13.88624,
        49.16578
    ],
    "Volary": [
        13.88657,
        48.90881
    ],
    "Vojkovice": [
        16.6082,
        49.05138
    ],
    "Vodňany": [
        14.17513,
        49.14789
    ],
    "Vnorovy": [
        17.3505,
        48.93096
    ],
    "Vlkoš": [
        17.16356,
        48.9896
    ],
    "Vlčnov": [
        17.58183,
        49.0099
    ],
    "Vlašim": [
        14.89881,
        49.70632
    ],
    "Vladislav": [
        15.9883,
        49.21017
    ],
    "Vlachovo Březí": [
        13.95842,
        49.08135
    ],
    "Vlachovice": [
        17.94001,
        49.12377
    ],
    "Vizovice": [
        17.85455,
        49.22287
    ],
    "Vítkov": [
        17.74941,
        49.77445
    ],
    "Višňové": [
        16.15025,
        48.98241
    ],
    "Višňova": [
        15.02495,
        50.96663
    ],
    "Vintířov": [
        12.71748,
        50.23382
    ],
    "Viničné Šumice": [
        16.82541,
        49.21358
    ],
    "Vinařice": [
        14.09106,
        50.17585
    ],
    "Vimperk": [
        13.78286,
        49.05857
    ],
    "Vilémov": [
        15.38347,
        49.53578
    ],
    "Vikýřovice": [
        17.01234,
        49.97792
    ],
    "Vidnava": [
        17.18626,
        50.37234
    ],
    "Vidče": [
        18.09473,
        49.44151
    ],
    "Veverská Bítýška": [
        16.43686,
        49.27591
    ],
    "Větřní": [
        14.28616,
        48.77425
    ],
    "Vestec": [
        14.50487,
        49.9805
    ],
    "Veselí nad Moravou": [
        17.37648,
        48.95363
    ],
    "Veselí nad Lužnicí": [
        14.69734,
        49.1843
    ],
    "Veřovice": [
        18.11425,
        49.53916
    ],
    "Věrovany": [
        17.28795,
        49.46109
    ],
    "Verneřice": [
        14.30114,
        50.66114
    ],
    "Vendryně": [
        18.71307,
        49.66662
    ],
    "Velvary": [
        14.23616,
        50.28152
    ],
    "Veltrusy": [
        14.32857,
        50.27046
    ],
    "Veltruby": [
        15.18454,
        50.07059
    ],
    "Velký Újezd": [
        17.48347,
        49.57858
    ],
    "Velký Týnec": [
        17.33359,
        49.54994
    ],
    "Velký Šenov": [
        14.37428,
        50.99078
    ],
    "Velký Osek": [
        15.18629,
        50.09867
    ],
    "Velký Beranov": [
        15.667,
        49.40504
    ],
    "Velké Svatoňovice": [
        16.02853,
        50.53164
    ],
    "Velké Přílepy": [
        14.31447,
        50.1605
    ],
    "Velké Poříčí": [
        16.18931,
        50.46177
    ],
    "Velké Popovice": [
        14.63934,
        49.92252
    ],
    "Velké Pavlovice": [
        16.81605,
        48.90469
    ],
    "Velké Opatovice": [
        16.67947,
        49.61237
    ],
    "Velké Němčice": [
        16.67208,
        48.99168
    ],
    "Velké Meziříčí": [
        16.01224,
        49.35522
    ],
    "Velké Losiny": [
        17.04058,
        50.03197
    ],
    "Velké Karlovice": [
        18.28355,
        49.36064
    ],
    "Velké Hoštice": [
        17.9738,
        49.93609
    ],
    "Velké Heraltice": [
        17.72879,
        49.97493
    ],
    "Velké Hamry": [
        15.31539,
        50.71373
    ],
    "Velké Březno": [
        14.14174,
        50.6627
    ],
    "Velké Bílovice": [
        16.89227,
        48.84929
    ],
    "Velká Polom": [
        18.09331,
        49.86359
    ],
    "Velká nad Veličkou": [
        17.5206,
        48.88257
    ],
    "Velká Hleďsebe": [
        12.66763,
        49.96151
    ],
    "Velká Dobrá": [
        14.0698,
        50.10964
    ],
    "Velká Bystřice": [
        17.36544,
        49.5948
    ],
    "Velká Bíteš": [
        16.22742,
        49.28838
    ],
    "Velim": [
        15.10711,
        50.05965
    ],
    "Velešín": [
        14.46252,
        48.82949
    ],
    "Velemín": [
        13.97675,
        50.53898
    ],
    "Velehrad": [
        17.39426,
        49.10543
    ],
    "Vejprty": [
        13.03212,
        50.49232
    ],
    "Vejprnice": [
        13.27628,
        49.72988
    ],
    "Včelná": [
        14.45383,
        48.92373
    ],
    "Varnsdorf": [
        14.61824,
        50.91154
    ],
    "Vápenná": [
        17.09762,
        50.28338
    ],
    "Vamberk": [
        16.29067,
        50.11756
    ],
    "Valtice": [
        16.75499,
        48.74069
    ],
    "Valdice": [
        15.38488,
        50.45501
    ],
    "Valašské Meziříčí": [
        17.97113,
        49.47181
    ],
    "Valašské Klobouky": [
        18.0076,
        49.14064
    ],
    "Valašská Polanka": [
        17.99667,
        49.26215
    ],
    "Valašská Bystřice": [
        18.10977,
        49.41507
    ],
    "Vacov": [
        13.72911,
        49.13686
    ],
    "Václavovice": [
        18.3722,
        49.75531
    ],
    "Vacenovice": [
        17.17404,
        48.9451
    ],
    "Úvaly": [
        14.7308,
        50.07394
    ],
    "Ústí nad Orlicí": [
        16.39361,
        49.97387
    ],
    "Ústí nad Labem": [
        14.03227,
        50.6607
    ],
    "Úštěk": [
        14.34332,
        50.58474
    ],
    "Úsov": [
        17.01055,
        49.79831
    ],
    "Určice": [
        17.07291,
        49.43045
    ],
    "Úpice": [
        16.01607,
        50.51237
    ],
    "Uničov": [
        17.12144,
        49.77092
    ],
    "Unhošť": [
        14.13007,
        50.08535
    ],
    "Únanov": [
        16.06351,
        48.90082
    ],
    "Újezd": [
        17.9061,
        49.16809
    ],
    "Uhlířské Janovice": [
        15.06481,
        49.88019
    ],
    "Uherský Ostroh": [
        17.38984,
        48.98556
    ],
    "Uherský Brod": [
        17.64715,
        49.02513
    ],
    "Uherské Hradiště": [
        17.45969,
        49.06975
    ],
    "Údlice": [
        13.45738,
        50.4406
    ],
    "Týn nad Vltavou": [
        14.42057,
        49.2234
    ],
    "Týniště nad Orlicí": [
        16.0777,
        50.15136
    ],
    "Týnec nad Sázavou": [
        14.58983,
        49.83348
    ],
    "Týnec nad Labem": [
        15.35836,
        50.04202
    ],
    "Týnec": [
        17.01322,
        48.77943
    ],
    "Tvrdonice": [
        16.99446,
        48.76048
    ],
    "Tvarožná": [
        16.77146,
        49.19177
    ],
    "Turnov": [
        15.15186,
        50.58356
    ],
    "Tupesy": [
        17.36983,
        49.08427
    ],
    "Tuchoměřice": [
        14.28218,
        50.13543
    ],
    "Tuchlovice": [
        13.99115,
        50.13803
    ],
    "Trutnov": [
        15.9127,
        50.56101
    ],
    "Tršice": [
        17.42483,
        49.54237
    ],
    "Troubsko": [
        16.51078,
        49.16951
    ],
    "Troubky": [
        17.34914,
        49.43215
    ],
    "Troubelice": [
        17.081,
        49.81731
    ],
    "Trojanovice": [
        18.238,
        49.52039
    ],
    "Trnava": [
        17.84191,
        49.29603
    ],
    "Trmice": [
        13.99449,
        50.64286
    ],
    "Třinec": [
        18.67078,
        49.67763
    ],
    "Trhový Štěpánov": [
        15.01356,
        49.71147
    ],
    "Trhové Sviny": [
        14.63924,
        48.84231
    ],
    "Třešť": [
        15.48211,
        49.29092
    ],
    "Třemošnice": [
        15.58002,
        49.86912
    ],
    "Třemošná": [
        13.39499,
        49.81584
    ],
    "Třebotov": [
        14.29127,
        49.97244
    ],
    "Třeboň": [
        14.77065,
        49.00364
    ],
    "Třebíč": [
        15.88166,
        49.21492
    ],
    "Třebenice": [
        13.99005,
        50.47632
    ],
    "Třebechovice pod Orebem": [
        15.99223,
        50.20097
    ],
    "Traplice": [
        17.43622,
        49.13088
    ],
    "Tovačov": [
        17.28795,
        49.43083
    ],
    "Toužim": [
        12.98506,
        50.06049
    ],
    "Topolná": [
        17.54434,
        49.12187
    ],
    "Tlumačov": [
        17.49559,
        49.25351
    ],
    "Tlučná": [
        13.23534,
        49.72425
    ],
    "Tišnov": [
        16.42438,
        49.34872
    ],
    "Tišice": [
        14.55411,
        50.2698
    ],
    "Tichá": [
        18.22148,
        49.56999
    ],
    "Těšetice": [
        17.12607,
        49.59317
    ],
    "Těšany": [
        16.77003,
        49.03956
    ],
    "Terezín": [
        14.15055,
        50.511
    ],
    "Teplice nad Metují": [
        16.17026,
        50.59332
    ],
    "Teplice": [
        13.82451,
        50.6404
    ],
    "Telnice": [
        16.71774,
        49.10187
    ],
    "Telč": [
        15.45275,
        49.18418
    ],
    "Tečovice": [
        17.58733,
        49.22107
    ],
    "Tasovice": [
        16.15558,
        48.8361
    ],
    "Tanvald": [
        15.30585,
        50.73735
    ],
    "Tachov": [
        12.63365,
        49.79528
    ],
    "Tábor": [
        14.6578,
        49.41441
    ],
    "Svratka": [
        16.03214,
        49.71066
    ],
    "Svoboda nad Úpou": [
        15.81648,
        50.62596
    ],
    "Svitavy": [
        16.46829,
        49.75594
    ],
    "Svitávka": [
        16.59793,
        49.50178
    ],
    "Švihov": [
        13.28417,
        49.48136
    ],
    "Sviadnov": [
        18.32762,
        49.68926
    ],
    "Světlá nad Sázavou": [
        15.40393,
        49.66801
    ],
    "Svatava": [
        12.62524,
        50.19223
    ],
    "Sušice": [
        13.52018,
        49.23106
    ],
    "Šumperk": [
        16.97061,
        49.96528
    ],
    "Šumice": [
        17.72205,
        49.02858
    ],
    "Sudoměřice": [
        17.25676,
        48.86723
    ],
    "Sudkov": [
        16.94516,
        49.91903
    ],
    "Suchohrdly": [
        16.09471,
        48.86822
    ],
    "Suchdol nad Lužnicí": [
        14.8772,
        48.89
    ],
    "Suchdol": [
        15.16651,
        49.95247
    ],
    "Suchá Loz": [
        17.71379,
        48.97001
    ],
    "Studénka": [
        18.07853,
        49.72342
    ],
    "Studenec": [
        15.54936,
        50.55344
    ],
    "Studená": [
        15.28688,
        49.18516
    ],
    "Strunkovice nad Blanicí": [
        14.05522,
        49.08402
    ],
    "Strmilov": [
        15.19934,
        49.15846
    ],
    "Střížkov": [
        14.49363,
        50.12674
    ],
    "Stříbro": [
        12.997,
        49.75565
    ],
    "Střelice": [
        16.50399,
        49.15221
    ],
    "Stráž pod Ralskem": [
        14.80102,
        50.7028
    ],
    "Strážov": [
        13.24623,
        49.30326
    ],
    "Strážnice": [
        17.3168,
        48.90102
    ],
    "Stráž nad Nisou": [
        15.02683,
        50.79099
    ],
    "Strážná": [
        17.13275,
        49.83104
    ],
    "Stráž": [
        12.77546,
        49.66878
    ],
    "Strašice": [
        13.75755,
        49.73552
    ],
    "Strání": [
        17.70671,
        48.90216
    ],
    "Strančice": [
        14.67745,
        49.94811
    ],
    "Štramberk": [
        18.11741,
        49.59181
    ],
    "Strakonice": [
        13.90237,
        49.26141
    ],
    "Stonava": [
        18.52518,
        49.81691
    ],
    "Štoky": [
        15.58863,
        49.50249
    ],
    "Stod": [
        13.16474,
        49.63909
    ],
    "Stochov": [
        13.96345,
        50.14631
    ],
    "Štíty": [
        16.76576,
        49.96122
    ],
    "Štítná nad Vláří": [
        17.98274,
        49.06881
    ],
    "Štítina": [
        18.01245,
        49.91487
    ],
    "Stěžery": [
        15.74831,
        50.21572
    ],
    "Štětí": [
        14.37421,
        50.45298
    ],
    "Šternberk": [
        17.29889,
        49.73044
    ],
    "Štěpánov": [
        17.22041,
        49.68404
    ],
    "Štěpánkovice": [
        18.03741,
        49.95738
    ],
    "Štěnovice": [
        13.39963,
        49.67051
    ],
    "Štěchovice": [
        14.40543,
        49.85109
    ],
    "Stěbořice": [
        17.80547,
        49.93708
    ],
    "Starý Plzenec": [
        13.4735,
        49.69768
    ],
    "Starý Kolín": [
        15.29388,
        50.00977
    ],
    "Starý Jičín": [
        17.96169,
        49.57686
    ],
    "Starý Bohumín": [
        18.33619,
        49.9169
    ],
    "Staříč": [
        18.27281,
        49.68594
    ],
    "Staré Nechanice": [
        15.61787,
        50.24298
    ],
    "Staré Město": [
        17.43338,
        49.07515
    ],
    "Staré Křečany": [
        14.49617,
        50.95044
    ],
    "Staré Hradiště": [
        15.77885,
        50.0654
    ],
    "Stařeč": [
        15.82791,
        49.19783
    ],
    "Stará Ves nad Ondřejnicí": [
        18.1885,
        49.72775
    ],
    "Stará Paka": [
        15.49444,
        50.51032
    ],
    "Stará Huť": [
        14.19735,
        49.78225
    ],
    "Staňkov": [
        13.06976,
        49.55348
    ],
    "Šťáhlavy": [
        13.50394,
        49.67555
    ],
    "Stachy": [
        13.66659,
        49.10179
    ],
    "Srubec": [
        14.54131,
        48.94806
    ],
    "Spytihněv": [
        17.49808,
        49.14115
    ],
    "Špindlerův Mlýn": [
        15.60944,
        50.72615
    ],
    "Spálené Poříčí": [
        13.60556,
        49.61371
    ],
    "Solnice": [
        16.23762,
        50.20366
    ],
    "Sokolov": [
        12.6401,
        50.1813
    ],
    "Sokolnice": [
        16.72156,
        49.11392
    ],
    "Sobotka": [
        15.17619,
        50.46741
    ],
    "Sobotín": [
        17.09129,
        50.01039
    ],
    "Soběslav": [
        14.71861,
        49.25993
    ],
    "Smržovka": [
        15.24639,
        50.7382
    ],
    "Smržice": [
        17.10698,
        49.50569
    ],
    "Smiřice": [
        15.86508,
        50.29978
    ],
    "Smidary": [
        15.47725,
        50.29146
    ],
    "Smečno": [
        14.04037,
        50.18844
    ],
    "Slušovice": [
        17.8015,
        49.24782
    ],
    "Šluknov": [
        14.45258,
        51.00369
    ],
    "Slavonice": [
        15.35154,
        48.99753
    ],
    "Slavkov u Brna": [
        16.87649,
        49.15325
    ],
    "Slavkov": [
        17.83641,
        49.9218
    ],
    "Slavičín": [
        17.87349,
        49.08799
    ],
    "Slatinice": [
        17.09992,
        49.56155
    ],
    "Slatiňany": [
        15.81377,
        49.9211
    ],
    "Šlapanice": [
        16.72731,
        49.16863
    ],
    "Slaný": [
        14.08693,
        50.23046
    ],
    "Skuteč": [
        15.99655,
        49.84347
    ],
    "Skuhrov nad Bělou": [
        16.2923,
        50.22946
    ],
    "Skrbeň": [
        17.1765,
        49.64115
    ],
    "Skalná": [
        12.36144,
        50.1703
    ],
    "Šitbořice": [
        16.77975,
        49.01433
    ],
    "Šilheřovice": [
        18.27017,
        49.92602
    ],
    "Sezimovo Ústí": [
        14.6848,
        49.38519
    ],
    "Sezemice": [
        15.8527,
        50.06651
    ],
    "Ševětín": [
        14.5722,
        49.10005
    ],
    "Šestajovice": [
        14.68013,
        50.10845
    ],
    "Sepekov": [
        14.41815,
        49.42865
    ],
    "Šenov": [
        18.37607,
        49.79315
    ],
    "Senice na Hané": [
        17.08578,
        49.62401
    ],
    "Semily": [
        15.33552,
        50.60191
    ],
    "Sedlnice": [
        18.0869,
        49.6577
    ],
    "Sedliště": [
        18.36869,
        49.71836
    ],
    "Sedlice": [
        14.39115,
        48.77401
    ],
    "Sedlčany": [
        14.42664,
        49.66057
    ],
    "Seč": [
        15.65643,
        49.84694
    ],
    "Sázava": [
        14.89674,
        49.87164
    ],
    "Šatov": [
        16.00992,
        48.79317
    ],
    "Satalice": [
        14.56701,
        50.12405
    ],
    "Šardice": [
        17.02812,
        48.96403
    ],
    "Šanov": [
        16.37858,
        48.80089
    ],
    "Samotíšky": [
        17.32807,
        49.63042
    ],
    "Šakvice": [
        16.71424,
        48.89746
    ],
    "Sadská": [
        14.98633,
        50.13596
    ],
    "Sadov": [
        12.89708,
        50.26711
    ],
    "Rýmařov": [
        17.27177,
        49.93183
    ],
    "Rychvald": [
        18.37626,
        49.86625
    ],
    "Rychnov nad Kněžnou": [
        16.27488,
        50.16284
    ],
    "Rybitví": [
        15.70472,
        50.06015
    ],
    "Rybí": [
        18.07592,
        49.60073
    ],
    "Rumburk": [
        14.55699,
        50.95151
    ],
    "Rudolfov": [
        14.54179,
        48.99339
    ],
    "Rudník": [
        15.73362,
        50.59517
    ],
    "Rudná": [
        14.23435,
        50.03502
    ],
    "Ruda nad Moravou": [
        16.87782,
        49.981
    ],
    "Rtyně v Podkrkonoší": [
        16.07187,
        50.50523
    ],
    "Roztoky": [
        13.86787,
        50.02671
    ],
    "Rožnov pod Radhoštěm": [
        18.14302,
        49.45853
    ],
    "Rožmitál pod Třemšínem": [
        13.8643,
        49.60196
    ],
    "Rožďalovice": [
        15.16962,
        50.30476
    ],
    "Rovensko pod Troskami": [
        15.25941,
        50.53532
    ],
    "Rousínov": [
        16.88215,
        49.20128
    ],
    "Roudnice nad Labem": [
        14.26175,
        50.42528
    ],
    "Rouchovany": [
        16.1076,
        49.07036
    ],
    "Rotava": [
        12.57341,
        50.29627
    ],
    "Rosice": [
        16.38787,
        49.18232
    ],
    "Ropice": [
        18.61345,
        49.70536
    ],
    "Ronov nad Doubravou": [
        15.53144,
        49.88825
    ],
    "Rokytnice v Orlických Horách": [
        16.46567,
        50.16473
    ],
    "Rokytnice nad Jizerou": [
        15.43357,
        50.72561
    ],
    "Rokytnice": [
        17.3912,
        49.46592
    ],
    "Rokycany": [
        13.59459,
        49.7427
    ],
    "Rohatec": [
        17.1833,
        48.8804
    ],
    "Říčany": [
        16.39362,
        49.21497
    ],
    "Řež": [
        14.35733,
        50.17734
    ],
    "Řevničov": [
        13.80823,
        50.18489
    ],
    "Řevnice": [
        14.23589,
        49.91395
    ],
    "Řepiště": [
        18.31707,
        49.73338
    ],
    "Řehlovice": [
        13.95412,
        50.60712
    ],
    "Řečany nad Labem": [
        15.47735,
        50.03589
    ],
    "Ratíškovice": [
        17.16561,
        48.92002
    ],
    "Ratiboř": [
        17.91499,
        49.36769
    ],
    "Rataje": [
        17.33555,
        49.2713
    ],
    "Raspenava": [
        15.11465,
        50.90415
    ],
    "Raškovice": [
        18.47286,
        49.61975
    ],
    "Rapotín": [
        17.03121,
        50.01094
    ],
    "Rakvice": [
        16.8133,
        48.85811
    ],
    "Rakovník": [
        13.7334,
        50.1037
    ],
    "Rajhradice": [
        16.62933,
        49.09203
    ],
    "Rajhrad": [
        16.60388,
        49.09021
    ],
    "Ráječko": [
        16.64497,
        49.39393
    ],
    "Rájec-Jestřebí": [
        16.63902,
        49.41094
    ],
    "Radvanice": [
        16.06172,
        50.56745
    ],
    "Radslavice": [
        17.51656,
        49.47817
    ],
    "Radonice": [
        13.28464,
        50.29803
    ],
    "Radomyšl": [
        13.93024,
        49.31634
    ],
    "Radnice": [
        13.6057,
        49.85677
    ],
    "Radiměř": [
        16.4407,
        49.6985
    ],
    "Pyšely": [
        14.67713,
        49.87678
    ],
    "Pustiměř": [
        17.02792,
        49.32251
    ],
    "Pustá Polom": [
        17.9979,
        49.84917
    ],
    "Ptení": [
        16.9611,
        49.51163
    ],
    "Psáry": [
        14.51276,
        49.93622
    ],
    "Prusinovice": [
        17.5871,
        49.37898
    ],
    "Prušánky": [
        16.98068,
        48.8284
    ],
    "Průhonice": [
        14.55017,
        49.99962
    ],
    "Protivín": [
        14.21717,
        49.19949
    ],
    "Protivanov": [
        16.83594,
        49.48351
    ],
    "Prostřední Bečva": [
        18.252,
        49.43609
    ],
    "Prostějov": [
        17.11184,
        49.47188
    ],
    "Prosek": [
        14.50685,
        50.11525
    ],
    "Proseč": [
        16.11621,
        49.8059
    ],
    "Proboštov": [
        13.83601,
        50.66773
    ],
    "Příšovice": [
        15.0839,
        50.57813
    ],
    "Přimda": [
        12.67366,
        49.67488
    ],
    "Příkazy": [
        17.14337,
        49.6436
    ],
    "Přibyslav": [
        15.73855,
        49.57684
    ],
    "Příbram": [
        14.01043,
        49.68988
    ],
    "Příbor": [
        18.14499,
        49.64094
    ],
    "Přeštice": [
        13.3335,
        49.57298
    ],
    "Přerov nad Labem": [
        14.82502,
        50.16027
    ],
    "Přerov": [
        17.4509,
        49.45511
    ],
    "Přemyslovice": [
        16.95581,
        49.55637
    ],
    "Přelouč": [
        15.56031,
        50.03985
    ],
    "Předměřice nad Labem": [
        15.81556,
        50.25633
    ],
    "Předklášteří": [
        16.40241,
        49.35253
    ],
    "Pražmo": [
        18.48617,
        49.60876
    ],
    "Přáslavice": [
        17.38209,
        49.58568
    ],
    "Prague": [
        14.42076,
        50.08804
    ],
    "Prachovice": [
        15.62872,
        49.89379
    ],
    "Prachatice": [
        13.99752,
        49.01292
    ],
    "Pozořice": [
        16.79074,
        49.20976
    ],
    "Pozlovice": [
        17.76925,
        49.12921
    ],
    "Povrly": [
        14.16033,
        50.67276
    ],
    "Potštát": [
        17.65174,
        49.63693
    ],
    "Postupice": [
        14.77722,
        49.72798
    ],
    "Postřelmov": [
        16.91226,
        49.90756
    ],
    "Postřekov": [
        12.80678,
        49.45827
    ],
    "Postoloprty": [
        13.70291,
        50.35979
    ],
    "Poříčí nad Sázavou": [
        14.67446,
        49.83895
    ],
    "Poříčany": [
        14.91818,
        50.10806
    ],
    "Popovice": [
        17.52712,
        49.05255
    ],
    "Poniklá": [
        15.46329,
        50.66152
    ],
    "Pomezí": [
        16.31729,
        49.71026
    ],
    "Polná": [
        15.71881,
        49.487
    ],
    "Polička": [
        16.26543,
        49.71465
    ],
    "Police nad Metují": [
        16.2335,
        50.53687
    ],
    "Polešovice": [
        17.34064,
        49.0339
    ],
    "Polepy": [
        14.26447,
        50.50563
    ],
    "Pohořelice": [
        16.52445,
        48.98119
    ],
    "Podolí": [
        16.72084,
        49.19042
    ],
    "Podivín": [
        16.84822,
        48.82554
    ],
    "Poděbrady": [
        15.11881,
        50.14242
    ],
    "Podbořany": [
        13.41192,
        50.22937
    ],
    "Počátky": [
        15.24022,
        49.2602
    ],
    "Poběžovice": [
        12.80261,
        49.51029
    ],
    "Plzeň": [
        13.37759,
        49.74747
    ],
    "Plumlov": [
        17.01502,
        49.46614
    ],
    "Plesná": [
        12.34669,
        50.2207
    ],
    "Plavy": [
        15.31736,
        50.70324
    ],
    "Plasy": [
        13.39035,
        49.93449
    ],
    "Plánice": [
        13.47106,
        49.38993
    ],
    "Plaňany": [
        15.02944,
        50.0501
    ],
    "Planá nad Lužnicí": [
        14.70147,
        49.35444
    ],
    "Planá": [
        12.74378,
        49.86816
    ],
    "Píšť": [
        18.19349,
        49.97857
    ],
    "Písek": [
        14.1475,
        49.3088
    ],
    "Písečná": [
        17.25373,
        50.27303
    ],
    "Pilníkov": [
        15.8202,
        50.53247
    ],
    "Petřvald": [
        18.15719,
        49.70872
    ],
    "Petrovice u Karviné": [
        18.54779,
        49.89587
    ],
    "Petrovice": [
        14.33737,
        49.55426
    ],
    "Petrov": [
        17.2781,
        48.88196
    ],
    "Peruc": [
        13.95986,
        50.3425
    ],
    "Perštejn": [
        13.1102,
        50.38166
    ],
    "Pěnčín": [
        15.23593,
        50.68769
    ],
    "Pelhřimov": [
        15.22336,
        49.43134
    ],
    "Pečky": [
        15.03017,
        50.09043
    ],
    "Pecka": [
        15.60822,
        50.48034
    ],
    "Pchery": [
        14.11782,
        50.19378
    ],
    "Pavlíkov": [
        13.73636,
        50.05599
    ],
    "Paskov": [
        18.29037,
        49.73179
    ],
    "Paseka": [
        17.22276,
        49.79644
    ],
    "Pardubice": [
        15.77659,
        50.04075
    ],
    "Palkovice": [
        18.31508,
        49.63467
    ],
    "Pacov": [
        15.00168,
        49.47076
    ],
    "Otrokovice": [
        17.53944,
        49.20934
    ],
    "Otnice": [
        16.81443,
        49.08642
    ],
    "Otice": [
        17.86982,
        49.91684
    ],
    "Otaslavice": [
        17.07108,
        49.38833
    ],
    "Ostrožská Nová Ves": [
        17.43632,
        49.00434
    ],
    "Ostrožská Lhota": [
        17.46751,
        48.97559
    ],
    "Ostrov u Macochy": [
        16.76268,
        49.38236
    ],
    "Ostrov": [
        12.93907,
        50.30592
    ],
    "Ostroměř": [
        15.54949,
        50.37246
    ],
    "Ostravice": [
        18.39164,
        49.5351
    ],
    "Ostrava": [
        18.28204,
        49.83465
    ],
    "Ostopovice": [
        16.54548,
        49.161
    ],
    "Osoblaha": [
        17.71523,
        50.27517
    ],
    "Oslavany": [
        16.33653,
        49.12335
    ],
    "Oskava": [
        17.13214,
        49.89523
    ],
    "Osík": [
        16.28467,
        49.84355
    ],
    "Osek nad Bečvou": [
        17.52829,
        49.51121
    ],
    "Osek": [
        13.5906,
        49.77594
    ],
    "Osečná": [
        14.92138,
        50.69489
    ],
    "Orlová": [
        18.43011,
        49.84527
    ],
    "Ořechov": [
        16.52329,
        49.11118
    ],
    "Opočno": [
        16.1148,
        50.26742
    ],
    "Opava": [
        17.90257,
        49.93866
    ],
    "Opatovice nad Labem": [
        15.79045,
        50.14541
    ],
    "Opatov": [
        16.50458,
        49.825
    ],
    "Opařany": [
        14.48137,
        49.39678
    ],
    "Ondřejov": [
        14.7842,
        49.90461
    ],
    "Olšany": [
        16.85894,
        49.96509
    ],
    "Oloví": [
        12.55877,
        50.25113
    ],
    "Olomouc": [
        17.25175,
        49.59552
    ],
    "Olešnice": [
        16.42169,
        49.55755
    ],
    "Oldřišov": [
        17.96074,
        49.9913
    ],
    "Olbramovice": [
        16.40239,
        48.9848
    ],
    "Okrouhlice": [
        15.49083,
        49.62991
    ],
    "Okříšky": [
        15.76959,
        49.24539
    ],
    "Ohrazenice": [
        15.12596,
        50.59765
    ],
    "Odry": [
        17.83084,
        49.66255
    ],
    "Odolena Voda": [
        14.41078,
        50.23341
    ],
    "Obrnice": [
        13.6954,
        50.50498
    ],
    "Obecnice": [
        13.94731,
        49.71615
    ],
    "Nýrsko": [
        13.14353,
        49.29387
    ],
    "Nýřany": [
        13.21185,
        49.71145
    ],
    "Nymburk": [
        15.04167,
        50.18605
    ],
    "Nýdek": [
        18.75687,
        49.65609
    ],
    "Nový Malín": [
        17.03191,
        49.94262
    ],
    "Nový Knín": [
        14.29355,
        49.788
    ],
    "Nový Jičín": [
        18.01028,
        49.59438
    ],
    "Nový Hrozenkov": [
        18.19793,
        49.33697
    ],
    "Nový Bydžov": [
        15.49082,
        50.2415
    ],
    "Nový Bor": [
        14.55555,
        50.75761
    ],
    "Novosedly": [
        16.49273,
        48.83704
    ],
    "Novosedlice": [
        13.82304,
        50.65633
    ],
    "Nové Veselí": [
        15.90853,
        49.51976
    ],
    "Nové Syrovice": [
        15.77345,
        49.01763
    ],
    "Nové Strašecí": [
        13.90043,
        50.15272
    ],
    "Nové Sedlo": [
        12.738,
        50.20647
    ],
    "Nové Město pod Smrkem": [
        15.22943,
        50.92491
    ],
    "Nové Město na Moravě": [
        16.07418,
        49.56144
    ],
    "Nové Město nad Metují": [
        16.15147,
        50.34456
    ],
    "Nové Hrady": [
        14.77839,
        48.78963
    ],
    "Nová Včelnice": [
        15.0726,
        49.23935
    ],
    "Nová Role": [
        12.78422,
        50.27092
    ],
    "Nová Paka": [
        15.51503,
        50.49449
    ],
    "Nová Cerekev": [
        15.11675,
        49.41723
    ],
    "Nová Bystřice": [
        15.10316,
        49.01926
    ],
    "Nosislav": [
        16.65431,
        49.0138
    ],
    "Nižbor": [
        14.00237,
        49.99995
    ],
    "Nivnice": [
        17.64757,
        48.97465
    ],
    "Nezvěstice": [
        13.51962,
        49.64043
    ],
    "Nezamyslice": [
        17.17326,
        49.32543
    ],
    "Neveklov": [
        14.53291,
        49.75373
    ],
    "Netvořice": [
        14.51827,
        49.81569
    ],
    "Netolice": [
        14.197,
        49.0493
    ],
    "Nesovice": [
        17.08095,
        49.15111
    ],
    "Neratovice": [
        14.51759,
        50.25926
    ],
    "Nepomuk": [
        13.58225,
        49.48616
    ],
    "Němčice nad Hanou": [
        17.20596,
        49.34181
    ],
    "Nelahozeves": [
        14.29881,
        50.26148
    ],
    "Nejdek": [
        12.72936,
        50.32242
    ],
    "Nehvizdy": [
        14.72993,
        50.13056
    ],
    "Nedvědice": [
        16.33406,
        49.45702
    ],
    "Nedašov": [
        18.07036,
        49.10778
    ],
    "Nedakonice": [
        17.38141,
        49.03159
    ],
    "Nechanice": [
        15.63276,
        50.23737
    ],
    "Návsí u Jablunkova": [
        18.75907,
        49.5872
    ],
    "Nasavrky": [
        15.80461,
        49.8445
    ],
    "Napajedla": [
        17.51194,
        49.17156
    ],
    "Náměšť na Hané": [
        17.06539,
        49.60213
    ],
    "Náměšť nad Oslavou": [
        16.15849,
        49.20726
    ],
    "Náklo": [
        17.12969,
        49.65462
    ],
    "Náchod": [
        16.16289,
        50.4167
    ],
    "Načeradec": [
        14.90633,
        49.61018
    ],
    "Mýto": [
        13.73461,
        49.78904
    ],
    "Mutěnice": [
        17.02917,
        48.90413
    ],
    "Mukařov": [
        14.74155,
        49.99115
    ],
    "Mšeno": [
        14.6325,
        50.43809
    ],
    "Mrákov": [
        12.9512,
        49.40314
    ],
    "Moutnice": [
        16.73741,
        49.04924
    ],
    "Mosty u Jablunkova": [
        18.75417,
        49.52737
    ],
    "Mostkovice": [
        17.05212,
        49.47215
    ],
    "Mostek": [
        15.69622,
        50.48623
    ],
    "Most": [
        13.63617,
        50.50301
    ],
    "Mořkov": [
        18.05968,
        49.53684
    ],
    "Moravský Žižkov": [
        16.9314,
        48.83285
    ],
    "Moravský Písek": [
        17.33269,
        48.99016
    ],
    "Moravský Krumlov": [
        16.31169,
        49.04893
    ],
    "Moravský Beroun": [
        17.44212,
        49.79374
    ],
    "Moravské Budějovice": [
        15.80864,
        49.05209
    ],
    "Moravská Třebová": [
        16.66426,
        49.75793
    ],
    "Moravská Nová Ves": [
        17.01371,
        48.80304
    ],
    "Morávka": [
        18.52471,
        49.59607
    ],
    "Moravičany": [
        16.96042,
        49.75694
    ],
    "Moravany": [
        16.58026,
        49.1478
    ],
    "Mokré Lazce": [
        18.02954,
        49.90462
    ],
    "Mokrá Hora": [
        16.59107,
        49.26176
    ],
    "Mohelno": [
        16.19022,
        49.11412
    ],
    "Mohelnice": [
        16.91946,
        49.77698
    ],
    "Modřice": [
        16.60446,
        49.11928
    ],
    "Modřany": [
        14.4096,
        50.01116
    ],
    "Mníšek pod Brdy": [
        14.26176,
        49.8665
    ],
    "Mníšek": [
        15.0563,
        50.83163
    ],
    "Mnichovo Hradiště": [
        14.97134,
        50.5272
    ],
    "Mnichovice": [
        14.70907,
        49.93601
    ],
    "Mladé Buky": [
        15.83348,
        50.60643
    ],
    "Mladá Vožice": [
        14.80857,
        49.53313
    ],
    "Mladá Boleslav": [
        14.90318,
        50.41135
    ],
    "Mistřice": [
        17.53597,
        49.08668
    ],
    "Mirovice": [
        14.03582,
        49.51555
    ],
    "Mirotice": [
        14.03697,
        49.42908
    ],
    "Mirošov": [
        13.65807,
        49.68782
    ],
    "Miroslav": [
        16.31252,
        48.94767
    ],
    "Miřetice": [
        15.88472,
        49.84126
    ],
    "Mimoň": [
        14.72474,
        50.65869
    ],
    "Milovice": [
        14.88863,
        50.22596
    ],
    "Milotice": [
        17.14241,
        48.95528
    ],
    "Milín": [
        14.046,
        49.63192
    ],
    "Milíkov": [
        18.71943,
        49.58565
    ],
    "Milevsko": [
        14.36,
        49.45089
    ],
    "Mikulovice": [
        17.32155,
        50.29854
    ],
    "Mikulov": [
        16.6378,
        48.80556
    ],
    "Mikulčice": [
        17.05107,
        48.81643
    ],
    "Mikulášovice": [
        14.36368,
        50.96507
    ],
    "Meziměstí": [
        16.24207,
        50.62461
    ],
    "Meziboři": [
        13.5987,
        50.62115
    ],
    "Metylovice": [
        18.33911,
        49.60666
    ],
    "Město Touškov": [
        13.25108,
        49.77587
    ],
    "Město Libavá": [
        17.52013,
        49.72162
    ],
    "Město Albrechtice": [
        17.57481,
        50.16294
    ],
    "Město": [
        12.86432,
        49.97997
    ],
    "Městec Králové": [
        15.29758,
        50.20718
    ],
    "Městečko Trnávka": [
        16.72744,
        49.70926
    ],
    "Měšice": [
        14.51992,
        50.19799
    ],
    "Merklín": [
        13.1979,
        49.56043
    ],
    "Měřín": [
        15.88381,
        49.39321
    ],
    "Měnín": [
        16.69424,
        49.0824
    ],
    "Mělník": [
        14.47411,
        50.3505
    ],
    "Medlov": [
        17.06261,
        49.78754
    ],
    "Meclov": [
        12.88082,
        49.50556
    ],
    "Měčín": [
        13.40289,
        49.48009
    ],
    "Měcholupy": [
        13.53737,
        50.26666
    ],
    "Markvartovice": [
        18.23602,
        49.90595
    ],
    "Mariánské Lázně": [
        12.70118,
        49.96459
    ],
    "Manětín": [
        13.23319,
        49.99177
    ],
    "Malšice": [
        14.57868,
        49.36391
    ],
    "Malonty": [
        14.57678,
        48.68611
    ],
    "Malé Svatoňovice": [
        16.04978,
        50.53395
    ],
    "Malá Strana": [
        14.40449,
        50.08774
    ],
    "Malá Skála": [
        15.19543,
        50.64631
    ],
    "Majetín": [
        17.33314,
        49.49808
    ],
    "Machov": [
        16.2769,
        50.49927
    ],
    "Lysice": [
        16.53716,
        49.4516
    ],
    "Lysá nad Labem": [
        14.83281,
        50.20143
    ],
    "Lužná": [
        13.77004,
        50.12377
    ],
    "Lužice": [
        17.07104,
        48.84098
    ],
    "Lužec nad Vltavou": [
        14.40022,
        50.32138
    ],
    "Luže": [
        16.0285,
        49.89341
    ],
    "Lutín": [
        17.13572,
        49.55845
    ],
    "Luštěnice": [
        14.93667,
        50.32296
    ],
    "Lukov": [
        17.72959,
        49.29027
    ],
    "Lukavice": [
        16.48207,
        50.06029
    ],
    "Lukavec": [
        14.99041,
        49.56541
    ],
    "Luka nad Jihlavou": [
        15.70194,
        49.37403
    ],
    "Luhačovice": [
        17.75747,
        49.09982
    ],
    "Ludgeřovice": [
        18.24008,
        49.89042
    ],
    "Lučany nad Nisou": [
        15.22046,
        50.74136
    ],
    "Luby": [
        12.40595,
        50.25248
    ],
    "Lubenec": [
        13.31319,
        50.13207
    ],
    "Lovosice": [
        14.05103,
        50.51504
    ],
    "Louny": [
        13.79667,
        50.35699
    ],
    "Louka": [
        17.48927,
        48.91517
    ],
    "Loučovice": [
        14.24976,
        48.6209
    ],
    "Loučná nad Desnou": [
        17.09052,
        50.07433
    ],
    "Loučeň": [
        15.02049,
        50.28537
    ],
    "Loštice": [
        16.92892,
        49.7447
    ],
    "Lom u Mostu": [
        13.65729,
        50.59328
    ],
    "Lomnice nad Popelkou": [
        15.37341,
        50.53062
    ],
    "Lomnice nad Lužnicí": [
        14.71727,
        49.08468
    ],
    "Lomnice": [
        16.41359,
        49.40462
    ],
    "Loket": [
        12.75405,
        50.186
    ],
    "Loděnice": [
        14.15785,
        49.99486
    ],
    "Lochovice": [
        13.98126,
        49.85318
    ],
    "Litvínovice": [
        14.45146,
        48.96207
    ],
    "Litvínov": [
        13.61812,
        50.6042
    ],
    "Litovel": [
        17.07615,
        49.70121
    ],
    "Litomyšl": [
        16.31298,
        49.86809
    ],
    "Litoměřice": [
        14.1318,
        50.53348
    ],
    "Lišov": [
        14.60838,
        49.01597
    ],
    "Lipůvka": [
        16.55313,
        49.33933
    ],
    "Liptál": [
        17.92177,
        49.29051
    ],
    "Lipovec": [
        16.80583,
        49.38394
    ],
    "Lipov": [
        17.46171,
        48.90495
    ],
    "Lipník nad Bečvou": [
        17.58594,
        49.52721
    ],
    "Lípa": [
        15.54465,
        49.55418
    ],
    "Líně": [
        13.25693,
        49.69472
    ],
    "Lidečko": [
        18.0513,
        49.20303
    ],
    "Lichnov": [
        17.6264,
        50.00786
    ],
    "Lichnov (o. Nový Jičín)": [
        18.16898,
        49.56423
    ],
    "Libušín": [
        14.05458,
        50.16819
    ],
    "Libouchec": [
        14.04071,
        50.75854
    ],
    "Libochovice": [
        14.04439,
        50.40626
    ],
    "Libiš": [
        14.5024,
        50.27417
    ],
    "Libice nad Cidlinou": [
        15.1782,
        50.12677
    ],
    "Líbeznice": [
        14.49357,
        50.19198
    ],
    "Liběšice": [
        14.28906,
        50.56886
    ],
    "Liberec": [
        15.05619,
        50.76711
    ],
    "Libeň": [
        14.47457,
        50.10819
    ],
    "Libčice nad Vltavou": [
        14.36385,
        50.19778
    ],
    "Libáň": [
        15.21684,
        50.37542
    ],
    "Lhenice": [
        14.1498,
        48.99479
    ],
    "Letovice": [
        16.57357,
        49.54709
    ],
    "Letonice": [
        16.95913,
        49.17726
    ],
    "Letohrad": [
        16.49879,
        50.0358
    ],
    "Letňany": [
        14.51667,
        50.13333
    ],
    "Leština": [
        16.92748,
        49.86879
    ],
    "Lešná": [
        17.93004,
        49.52055
    ],
    "Lenešice": [
        13.7659,
        50.37516
    ],
    "Lelekovice": [
        16.57874,
        49.29144
    ],
    "Lednice": [
        16.80339,
        48.79992
    ],
    "Ledenice": [
        14.61886,
        48.93329
    ],
    "Ledeč nad Sázavou": [
        15.27772,
        49.69517
    ],
    "Lázně Kynžvart": [
        12.62474,
        50.01058
    ],
    "Lázně Bělohrad": [
        15.58269,
        50.42874
    ],
    "Lanžhot": [
        16.96695,
        48.72443
    ],
    "Lány": [
        13.95041,
        50.12471
    ],
    "Lanškroun": [
        16.6119,
        49.91217
    ],
    "Kynšperk nad Ohří": [
        12.53027,
        50.11893
    ],
    "Kyjov": [
        17.12253,
        49.01018
    ],
    "Kvasiny": [
        16.26323,
        50.2125
    ],
    "Kvasice": [
        17.46974,
        49.24223
    ],
    "Kutná Hora": [
        15.26816,
        49.94839
    ],
    "Kuřim": [
        16.53144,
        49.29852
    ],
    "Kunžak": [
        15.19028,
        49.12119
    ],
    "Kunvald": [
        16.49996,
        50.12927
    ],
    "Kunštát": [
        16.51722,
        49.50645
    ],
    "Kunovice": [
        17.47011,
        49.04499
    ],
    "Kunín": [
        17.98965,
        49.63377
    ],
    "Kunčina": [
        16.62763,
        49.79455
    ],
    "Kunčice pod Ondřejníkem": [
        18.26113,
        49.5507
    ],
    "Kryry": [
        13.4266,
        50.17437
    ],
    "Krupka": [
        13.85815,
        50.68449
    ],
    "Krumvíř": [
        16.91027,
        48.98901
    ],
    "Krouna": [
        16.02674,
        49.7724
    ],
    "Kroměříž": [
        17.39312,
        49.29785
    ],
    "Krnov": [
        17.70385,
        50.08967
    ],
    "Krmelín": [
        18.23541,
        49.72914
    ],
    "Křížová": [
        15.85207,
        49.68841
    ],
    "Křižanov": [
        16.1096,
        49.38858
    ],
    "Křinec": [
        15.13782,
        50.26449
    ],
    "Křešice": [
        14.2145,
        50.52259
    ],
    "Křepice": [
        16.71989,
        48.99986
    ],
    "Křenovice": [
        16.82932,
        49.14216
    ],
    "Křemže": [
        14.30568,
        48.90497
    ],
    "Kravaře": [
        18.00472,
        49.93203
    ],
    "Krásná Lípa": [
        13.3575,
        50.48378
    ],
    "Krásná Hora nad Vltavou": [
        14.27742,
        49.60461
    ],
    "Kraslice": [
        12.51747,
        50.32372
    ],
    "Králův Dvůr": [
        14.03445,
        49.94981
    ],
    "Kralupy nad Vltavou": [
        14.31149,
        50.24107
    ],
    "Kralovice": [
        13.48747,
        49.98192
    ],
    "Králíky": [
        16.76054,
        50.08384
    ],
    "Kralice na Hané": [
        17.18048,
        49.46296
    ],
    "Kozmice": [
        18.15584,
        49.9128
    ],
    "Kozlovice": [
        18.25656,
        49.5904
    ],
    "Kožlany": [
        13.54107,
        49.99389
    ],
    "Kovářská": [
        13.05388,
        50.43821
    ],
    "Kovářov": [
        14.27809,
        49.5176
    ],
    "Kout na Šumavě": [
        13.00208,
        49.40255
    ],
    "Kouřim": [
        14.97703,
        50.00306
    ],
    "Kostice": [
        16.97869,
        48.74685
    ],
    "Kostelec na Hané": [
        17.05824,
        49.51398
    ],
    "Kostelec nad Orlicí": [
        16.21319,
        50.12267
    ],
    "Kostelec nad Labem": [
        14.58552,
        50.22653
    ],
    "Kostelec nad Černými Lesy": [
        14.85922,
        49.99403
    ],
    "Košťany": [
        13.75554,
        50.65507
    ],
    "Košťálov": [
        15.40403,
        50.57165
    ],
    "Kosova Hora": [
        14.47173,
        49.65414
    ],
    "Kosmonosy": [
        14.93,
        50.4385
    ],
    "Koryčany": [
        17.16433,
        49.10639
    ],
    "Kořenov": [
        15.36532,
        50.75926
    ],
    "Kopřivnice": [
        18.1448,
        49.59947
    ],
    "Kopidlno": [
        15.27029,
        50.33085
    ],
    "Konice": [
        16.88911,
        49.5903
    ],
    "Komorní Lhotka": [
        18.52777,
        49.65811
    ],
    "Komárov": [
        13.85636,
        49.8065
    ],
    "Kolinec": [
        13.439,
        49.29895
    ],
    "Kolín": [
        15.20057,
        50.02814
    ],
    "Kokory": [
        17.37544,
        49.49482
    ],
    "Kojetín": [
        17.30207,
        49.35179
    ],
    "Kobylí": [
        16.89159,
        48.93286
    ],
    "Kobeřice": [
        18.05212,
        49.98548
    ],
    "Kněžpole": [
        17.51671,
        49.09855
    ],
    "Kněžmost": [
        15.03829,
        50.48917
    ],
    "Kněžice": [
        15.67216,
        49.27078
    ],
    "Kněždub": [
        17.39546,
        48.88666
    ],
    "Klobuky": [
        13.98748,
        50.29401
    ],
    "Klobouky": [
        16.86298,
        48.99609
    ],
    "Klimkovice": [
        18.12585,
        49.78809
    ],
    "Klenčí pod Čerchovem": [
        12.81473,
        49.43484
    ],
    "Klecany": [
        14.41148,
        50.17599
    ],
    "Klatovy": [
        13.29505,
        49.39552
    ],
    "Klášterec nad Ohří": [
        13.17128,
        50.38445
    ],
    "Klášter": [
        12.87623,
        49.96762
    ],
    "Kladruby": [
        12.98232,
        49.71498
    ],
    "Kladno": [
        14.10285,
        50.14734
    ],
    "Kelč": [
        17.81533,
        49.47844
    ],
    "Kdyně": [
        13.03968,
        49.39077
    ],
    "Kbely": [
        14.55,
        50.13333
    ],
    "Kaznějov": [
        13.38295,
        49.89313
    ],
    "Katovice": [
        13.83035,
        49.27348
    ],
    "Kašperské Hory": [
        13.55616,
        49.14289
    ],
    "Kasejovice": [
        13.7406,
        49.4627
    ],
    "Karviná": [
        18.54169,
        49.854
    ],
    "Karolinka": [
        18.24006,
        49.35128
    ],
    "Karlovy Vary": [
        12.87117,
        50.23271
    ],
    "Karlovice": [
        17.44563,
        50.10564
    ],
    "Karlín": [
        14.44711,
        50.09272
    ],
    "Kardašova Řečice": [
        14.85315,
        49.18478
    ],
    "Kaplice": [
        14.49449,
        48.73881
    ],
    "Kamenný Újezd": [
        14.44638,
        48.89753
    ],
    "Kamenný Přívoz": [
        14.50339,
        49.86299
    ],
    "Kamenné Žehrovice": [
        14.01809,
        50.12697
    ],
    "Kamenický Šenov": [
        14.47287,
        50.77359
    ],
    "Kamenice nad Lipou": [
        15.07519,
        49.30303
    ],
    "Kamenice": [
        15.78023,
        49.36659
    ],
    "Kájov": [
        14.25859,
        48.81082
    ],
    "Kadaň": [
        13.27131,
        50.37598
    ],
    "Kačice": [
        13.98815,
        50.16261
    ],
    "Josefův Důl": [
        15.23146,
        50.78191
    ],
    "Jistebník": [
        18.13063,
        49.754
    ],
    "Jistebnice": [
        14.5276,
        49.48553
    ],
    "Jirny": [
        14.69923,
        50.11578
    ],
    "Jirkov": [
        13.44769,
        50.49979
    ],
    "Jiříkov": [
        14.5691,
        50.99514
    ],
    "Jindřichův Hradec": [
        15.00301,
        49.14404
    ],
    "Jindřichov": [
        17.51903,
        50.25184
    ],
    "Jince": [
        13.97867,
        49.78624
    ],
    "Jimramov": [
        16.22632,
        49.63719
    ],
    "Jílové u Prahy": [
        14.49333,
        49.89545
    ],
    "Jílové": [
        14.10383,
        50.76082
    ],
    "Jilemnice": [
        15.50653,
        50.6089
    ],
    "Jihlava": [
        15.59124,
        49.3961
    ],
    "Jičín": [
        15.35162,
        50.43723
    ],
    "Jevišovice": [
        15.98992,
        48.98736
    ],
    "Jevíčko": [
        16.71125,
        49.6322
    ],
    "Jeseník nad Odrou": [
        17.90526,
        49.61194
    ],
    "Jeseník": [
        17.20464,
        50.22937
    ],
    "Jesenice": [
        14.5135,
        49.96814
    ],
    "Jeneč": [
        14.21482,
        50.0873
    ],
    "Jemnice": [
        15.56994,
        49.01898
    ],
    "Jedovnice": [
        16.75595,
        49.34453
    ],
    "Jedlová": [
        16.30608,
        49.661
    ],
    "Javorník": [
        17.00272,
        50.39077
    ],
    "Jarošov nad Nežárkou": [
        15.06734,
        49.18989
    ],
    "Jaroslavice": [
        16.23351,
        48.75657
    ],
    "Jaroměřice nad Rokytnou": [
        15.89331,
        49.09408
    ],
    "Jaroměřice": [
        16.75185,
        49.62556
    ],
    "Jaroměř": [
        15.92136,
        50.3562
    ],
    "Janov nad Nisou": [
        15.16913,
        50.77204
    ],
    "Janovice nad Úhlavou": [
        13.21813,
        49.34515
    ],
    "Janovice": [
        18.40602,
        49.62141
    ],
    "Jalubí": [
        17.42788,
        49.11626
    ],
    "Jakartovice": [
        17.684,
        49.9151
    ],
    "Jáchymov": [
        12.93465,
        50.35846
    ],
    "Jablunkov": [
        18.76458,
        49.57672
    ],
    "Jablůnka": [
        17.95021,
        49.38355
    ],
    "Jablonné v Podještědí": [
        14.76052,
        50.76528
    ],
    "Jablonné nad Orlicí": [
        16.60059,
        50.02964
    ],
    "Jablonec nad Nisou": [
        15.17108,
        50.72431
    ],
    "Jablonec nad Jizerou": [
        15.42959,
        50.70347
    ],
    "Ivanovice na Hané": [
        17.09343,
        49.30542
    ],
    "Ivančice": [
        16.37752,
        49.10144
    ],
    "Hýskov": [
        14.05055,
        49.99072
    ],
    "Hvozdná": [
        17.75163,
        49.24848
    ],
    "Hustopeče Nad Bečvou": [
        17.86994,
        49.53053
    ],
    "Hustopeče": [
        16.73762,
        48.94085
    ],
    "Husinec": [
        13.98697,
        49.05496
    ],
    "Humpolec": [
        15.35932,
        49.54152
    ],
    "Hulín": [
        17.46374,
        49.31689
    ],
    "Hukvaldy": [
        18.22189,
        49.62381
    ],
    "Hudlice": [
        13.97063,
        49.96096
    ],
    "Hrušovany u Brna": [
        16.59429,
        49.03863
    ],
    "Hrušovany nad Jevišovkou": [
        16.40271,
        48.82991
    ],
    "Hrušky": [
        16.97404,
        48.79272
    ],
    "Hroznová Lhota": [
        17.41697,
        48.90784
    ],
    "Hroznětín": [
        12.8718,
        50.3094
    ],
    "Hrotovice": [
        16.06067,
        49.1077
    ],
    "Hronov": [
        16.1823,
        50.47968
    ],
    "Hromnice": [
        13.44146,
        49.84907
    ],
    "Hrochův Týnec": [
        15.91054,
        49.95946
    ],
    "Hrob": [
        13.72676,
        50.65919
    ],
    "Hřebeč": [
        14.16446,
        50.13595
    ],
    "Hrdějovice": [
        14.47857,
        49.01893
    ],
    "Hranice": [
        17.73469,
        49.54796
    ],
    "Hradišťko": [
        14.40935,
        49.86828
    ],
    "Hrádek nad Nisou": [
        14.84455,
        50.85279
    ],
    "Hrádek": [
        13.4985,
        49.26127
    ],
    "Hradec nad Svitavou": [
        16.48058,
        49.71143
    ],
    "Hradec Králové": [
        15.83277,
        50.20923
    ],
    "Hradec nad Moravici": [
        17.87842,
        49.87042
    ],
    "Hrabyně": [
        18.05483,
        49.88249
    ],
    "Hovorčovice": [
        14.51789,
        50.17866
    ],
    "Hovorany": [
        16.99346,
        48.95493
    ],
    "Hovězí": [
        18.06062,
        49.30365
    ],
    "Hostouň": [
        12.77147,
        49.55971
    ],
    "Hostomice": [
        14.0456,
        49.82526
    ],
    "Hošťka": [
        14.335,
        50.48859
    ],
    "Hostivice": [
        14.25856,
        50.08158
    ],
    "Hostinné": [
        15.72334,
        50.54066
    ],
    "Hostěradice": [
        16.25931,
        48.95006
    ],
    "Hostavice": [
        14.55822,
        50.09283
    ],
    "Hošťálková": [
        17.86944,
        49.35467
    ],
    "Horšovský Týn": [
        12.94405,
        49.52965
    ],
    "Hořovice": [
        13.90268,
        49.83597
    ],
    "Horoměřice": [
        14.33879,
        50.13173
    ],
    "Horní Těrlicko": [
        18.4829,
        49.75177
    ],
    "Horní Suchá": [
        18.48189,
        49.7978
    ],
    "Horní Stropnice": [
        14.73502,
        48.76124
    ],
    "Horní Štěpánov": [
        16.79078,
        49.54901
    ],
    "Horní Sloupnice": [
        16.33948,
        49.92138
    ],
    "Horní Slavkov": [
        12.80758,
        50.13863
    ],
    "Horní Počernice": [
        14.61036,
        50.1121
    ],
    "Horní Počaply": [
        14.38993,
        50.4244
    ],
    "Horní Planá": [
        14.03257,
        48.76736
    ],
    "Horní Moštěnice": [
        17.45879,
        49.41213
    ],
    "Horní Město": [
        17.21112,
        49.90845
    ],
    "Horní Lideč": [
        18.06099,
        49.18121
    ],
    "Horní Libina": [
        17.07262,
        49.88987
    ],
    "Horní Jiřetín": [
        13.54717,
        50.57309
    ],
    "Horní Jelení": [
        16.08396,
        50.04901
    ],
    "Horní Čermná": [
        16.60772,
        49.97053
    ],
    "Horní Cerekev": [
        15.32769,
        49.32026
    ],
    "Horní Bříza": [
        13.35558,
        49.84012
    ],
    "Horní Branná": [
        15.57146,
        50.60826
    ],
    "Horní Bludovice": [
        18.43677,
        49.74965
    ],
    "Horní Benešov": [
        17.60262,
        49.96682
    ],
    "Horní Bečva": [
        18.28859,
        49.43216
    ],
    "Horka nad Moravou": [
        17.2107,
        49.64009
    ],
    "Hořice": [
        15.63183,
        50.36609
    ],
    "Horažďovice": [
        13.701,
        49.32069
    ],
    "Holýšov": [
        13.10129,
        49.59361
    ],
    "Holoubkov": [
        13.69246,
        49.77598
    ],
    "Holice": [
        15.9859,
        50.06601
    ],
    "Holešov": [
        17.57832,
        49.33331
    ],
    "Holasovice": [
        17.80847,
        49.99843
    ],
    "Hodslavice": [
        18.02367,
        49.53856
    ],
    "Hodonín": [
        17.13244,
        48.84893
    ],
    "Hodonice": [
        16.16337,
        48.8368
    ],
    "Hodkovičky": [
        14.41741,
        50.02809
    ],
    "Hodkovice nad Mohelkou": [
        15.08985,
        50.66586
    ],
    "Hněvotín": [
        17.17954,
        49.57205
    ],
    "Hněvošice": [
        18.00829,
        50.00299
    ],
    "Hluk": [
        17.52668,
        48.98812
    ],
    "Hlučín": [
        18.19196,
        49.89795
    ],
    "Hluboká nad Vltavou": [
        14.43427,
        49.05225
    ],
    "Hlubočky": [
        17.39436,
        49.61783
    ],
    "Hlohovec": [
        16.7623,
        48.77399
    ],
    "Hlinsko": [
        15.90756,
        49.76213
    ],
    "Hevlín": [
        16.38131,
        48.75209
    ],
    "Heřmanův Městec": [
        15.66492,
        49.94707
    ],
    "Heřmanova Huť": [
        13.10069,
        49.70679
    ],
    "Herálec": [
        15.45708,
        49.53083
    ],
    "Hejnice": [
        15.18168,
        50.8772
    ],
    "Hazlov": [
        12.27238,
        50.15634
    ],
    "Havlíčkův Brod": [
        15.58069,
        49.60785
    ],
    "Havířov": [
        18.43688,
        49.77984
    ],
    "Hať": [
        18.23931,
        49.94644
    ],
    "Hartmanice": [
        13.45455,
        49.16948
    ],
    "Harrachov": [
        15.43141,
        50.77209
    ],
    "Hanušovice": [
        16.93641,
        50.08049
    ],
    "Halenkovice": [
        17.47156,
        49.17102
    ],
    "Halenkov": [
        18.14749,
        49.3174
    ],
    "Háj ve Slezsku": [
        18.0954,
        49.89856
    ],
    "Habry": [
        15.48486,
        49.75603
    ],
    "Habartov": [
        12.55054,
        50.18297
    ],
    "Grygov": [
        17.30887,
        49.53841
    ],
    "Golčův Jeníkov": [
        15.47686,
        49.81626
    ],
    "Fulnek": [
        17.90319,
        49.71238
    ],
    "Fryšták": [
        17.68346,
        49.2852
    ],
    "Frymburk": [
        14.16564,
        48.66094
    ],
    "Frýdlant nad Ostravicí": [
        18.35967,
        49.5928
    ],
    "Frýdlant": [
        15.07974,
        50.92139
    ],
    "Frýdek-Místek": [
        18.35,
        49.68333
    ],
    "Fryčovice": [
        18.22321,
        49.66677
    ],
    "Frenštát pod Radhoštěm": [
        18.21078,
        49.54835
    ],
    "Františkovy Lázně": [
        12.35174,
        50.12033
    ],
    "Francova Lhota": [
        18.11175,
        49.20174
    ],
    "Dýšina": [
        13.4915,
        49.77735
    ],
    "Dvorce": [
        17.54762,
        49.83332
    ],
    "Duchcov": [
        13.74621,
        50.60376
    ],
    "Dubné": [
        14.36038,
        48.97619
    ],
    "Dubňany": [
        17.09004,
        48.91694
    ],
    "Dub nad Moravou": [
        17.27723,
        49.48249
    ],
    "Dubicko": [
        16.96266,
        49.82806
    ],
    "Dubí": [
        13.78561,
        50.68558
    ],
    "Dubá": [
        14.54023,
        50.54034
    ],
    "Drnovice": [
        16.95146,
        49.2763
    ],
    "Drnholec": [
        16.48586,
        48.85746
    ],
    "Dřiteň": [
        14.34596,
        49.1428
    ],
    "Dřevohostice": [
        17.59204,
        49.42594
    ],
    "Drásov": [
        16.47798,
        49.33183
    ],
    "Drahanovice": [
        17.07701,
        49.57856
    ],
    "Doudleby nad Orlicí": [
        16.26131,
        50.10742
    ],
    "Doubravice nad Svitavou": [
        16.62937,
        49.43664
    ],
    "Doubrava": [
        18.48018,
        49.85873
    ],
    "Domažlice": [
        12.92976,
        49.44049
    ],
    "Domanín": [
        17.28476,
        49.00167
    ],
    "Doloplazy": [
        17.41393,
        49.56876
    ],
    "Dolní Životice": [
        17.77969,
        49.89732
    ],
    "Dolní Žandov": [
        12.55101,
        50.01794
    ],
    "Dolní Újezd": [
        17.53547,
        49.54597
    ],
    "Dolní Studénky": [
        16.97107,
        49.93506
    ],
    "Dolní Sloupnice": [
        16.29401,
        49.92721
    ],
    "Dolní Rychnov": [
        12.64507,
        50.16462
    ],
    "Dolní Roveň": [
        15.96774,
        50.02927
    ],
    "Dolní Poustevna": [
        14.28684,
        50.98251
    ],
    "Dolní Podluží": [
        14.59503,
        50.87988
    ],
    "Dolní Počernice": [
        14.57199,
        50.0876
    ],
    "Dolní Němčí": [
        17.58585,
        48.96837
    ],
    "Dolní Lutyně": [
        18.42815,
        49.89876
    ],
    "Dolní Loućky": [
        16.35871,
        49.36099
    ],
    "Dolní Libina": [
        17.10729,
        49.85821
    ],
    "Dolní Lhota": [
        18.09241,
        49.84236
    ],
    "Dolní Kounice": [
        16.46492,
        49.07011
    ],
    "Dolní Dvořiště": [
        14.45221,
        48.65642
    ],
    "Dolní Dunajovice": [
        16.59283,
        48.85447
    ],
    "Dolní Dobrouč": [
        16.49766,
        49.99273
    ],
    "Dolní Černilov": [
        15.96107,
        50.2611
    ],
    "Dolní Čermná": [
        16.56475,
        49.97954
    ],
    "Dolní Cerekev": [
        15.45655,
        49.34449
    ],
    "Dolní Bukovsko": [
        14.58127,
        49.17086
    ],
    "Dolní Břežany": [
        14.4585,
        49.96321
    ],
    "Dolní Bousov": [
        15.12812,
        50.43825
    ],
    "Dolní Bojanovice": [
        17.02859,
        48.85861
    ],
    "Dolní Bohdíkov": [
        16.90433,
        50.00996
    ],
    "Dolní Beřkovice": [
        14.45024,
        50.39313
    ],
    "Dolní Benešov": [
        18.10835,
        49.92101
    ],
    "Dolní Bečva": [
        18.19419,
        49.45498
    ],
    "Dolany": [
        17.3224,
        49.64987
    ],
    "Doksy": [
        14.04782,
        50.119
    ],
    "Dobšice": [
        16.08218,
        48.84834
    ],
    "Dobruška": [
        16.16001,
        50.29201
    ],
    "Dobrovice": [
        14.96233,
        50.36933
    ],
    "Dobronín": [
        15.64992,
        49.47833
    ],
    "Dobroměřice": [
        13.79473,
        50.37009
    ],
    "Dobřív": [
        13.68681,
        49.71566
    ],
    "Dobříš": [
        14.16717,
        49.78113
    ],
    "Dobřichovice": [
        14.27469,
        49.92749
    ],
    "Dobratice": [
        18.49226,
        49.66039
    ],
    "Dobřany": [
        13.29307,
        49.65482
    ],
    "Dobrá": [
        18.41393,
        49.67383
    ],
    "Dlouhá Třebová": [
        16.42329,
        49.9404
    ],
    "Divišov": [
        14.87579,
        49.78849
    ],
    "Dětmarovice": [
        18.46079,
        49.89412
    ],
    "Desná": [
        15.30284,
        50.75987
    ],
    "Děčín": [
        14.21478,
        50.78215
    ],
    "Davle": [
        14.40037,
        49.89218
    ],
    "Dašice": [
        15.91244,
        50.02844
    ],
    "Darkovice": [
        18.22213,
        49.93592
    ],
    "Dambořice": [
        16.91757,
        49.03828
    ],
    "Dalovice": [
        12.89581,
        50.24779
    ],
    "Dačice": [
        15.43727,
        49.08154
    ],
    "Cvikov": [
        14.63298,
        50.77668
    ],
    "Čkyně": [
        13.82906,
        49.11503
    ],
    "Čížkovice": [
        14.02839,
        50.48418
    ],
    "Cítov": [
        14.39813,
        50.37225
    ],
    "Církvice": [
        15.33505,
        49.9456
    ],
    "Čimelice": [
        14.06922,
        49.46557
    ],
    "Chyšky": [
        14.42757,
        49.52346
    ],
    "Chýnov": [
        14.81122,
        49.40677
    ],
    "Chyňava": [
        14.07398,
        50.02736
    ],
    "Chvalšiny": [
        14.21114,
        48.85401
    ],
    "Chvaletice": [
        15.41846,
        50.03443
    ],
    "Chvalčov": [
        17.71149,
        49.38918
    ],
    "Chuchelná": [
        18.11656,
        49.98664
    ],
    "Chrudim": [
        15.79558,
        49.95109
    ],
    "Chroustovice": [
        15.99143,
        49.95553
    ],
    "Chropyně": [
        17.36451,
        49.35644
    ],
    "Chřibská": [
        14.48444,
        50.86079
    ],
    "Chrastava": [
        14.96884,
        50.81693
    ],
    "Chrast": [
        15.93396,
        49.90205
    ],
    "Chrást": [
        13.49358,
        49.7932
    ],
    "Chotoviny": [
        14.67695,
        49.47803
    ],
    "Chotěšov": [
        13.20271,
        49.65408
    ],
    "Chotěbuz": [
        18.56912,
        49.76849
    ],
    "Chotěboř": [
        15.67018,
        49.72072
    ],
    "Chomutov": [
        13.41779,
        50.46048
    ],
    "Chodová Planá": [
        12.73014,
        49.89321
    ],
    "Chodov": [
        12.74551,
        50.24018
    ],
    "Choceň": [
        16.22303,
        50.00161
    ],
    "Chlum u Třeboně": [
        14.92799,
        48.96235
    ],
    "Chlumec nad Cidlinou": [
        15.46026,
        50.1544
    ],
    "Chlumec": [
        13.93964,
        50.69972
    ],
    "Chlumčany": [
        13.31323,
        49.63256
    ],
    "Chlebičov": [
        17.96748,
        49.95942
    ],
    "Cheb": [
        12.37392,
        50.07963
    ],
    "Chabařovice": [
        13.94184,
        50.67318
    ],
    "Český Těšín": [
        18.62613,
        49.74613
    ],
    "Český Rudolec": [
        15.32437,
        49.06835
    ],
    "Český Krumlov": [
        14.31521,
        48.81091
    ],
    "Český Dub": [
        14.99617,
        50.66054
    ],
    "Český Brod": [
        14.86081,
        50.0742
    ],
    "České Velenice": [
        14.96368,
        48.76851
    ],
    "České Meziříčí": [
        16.04428,
        50.2868
    ],
    "České Budějovice": [
        14.47434,
        48.97447
    ],
    "Česká Ves": [
        17.22805,
        50.25736
    ],
    "Česká Třebová": [
        16.44413,
        49.90436
    ],
    "Česká Skalice": [
        16.04276,
        50.39467
    ],
    "Česká Lípa": [
        14.53764,
        50.68551
    ],
    "Česká Kamenice": [
        14.41767,
        50.7978
    ],
    "Červený Kostelec": [
        16.09289,
        50.47626
    ],
    "Červenka": [
        17.07773,
        49.72068
    ],
    "Červené Pečky": [
        15.20856,
        49.97822
    ],
    "Červená Voda": [
        16.74268,
        50.04029
    ],
    "Černožice": [
        15.87403,
        50.31863
    ],
    "Černovice": [
        14.96089,
        49.37265
    ],
    "Černošín": [
        12.88381,
        49.81613
    ],
    "Černošice": [
        14.31979,
        49.96008
    ],
    "Černilov": [
        15.92254,
        50.26265
    ],
    "Černčice": [
        13.84521,
        50.36138
    ],
    "Černá Hora": [
        16.5814,
        49.41361
    ],
    "Cerhenice": [
        15.07203,
        50.07127
    ],
    "Čerčany": [
        14.70299,
        49.85293
    ],
    "Čelechovice na Hané": [
        17.09379,
        49.51626
    ],
    "Čelákovice": [
        14.75005,
        50.16038
    ],
    "Čeladná": [
        18.33759,
        49.54873
    ],
    "Čejkovice": [
        16.9423,
        48.90592
    ],
    "Čejč": [
        16.96511,
        48.94653
    ],
    "Čechtice": [
        15.04824,
        49.62403
    ],
    "Čebín": [
        16.47791,
        49.31324
    ],
    "Častolovice": [
        16.18128,
        50.1291
    ],
    "Čáslav": [
        15.38972,
        49.91099
    ],
    "Bzenec": [
        17.26685,
        48.97336
    ],
    "Bystřice pod Hostýnem": [
        17.67401,
        49.39924
    ],
    "Bystřice nad Pernštejnem": [
        16.26147,
        49.52295
    ],
    "Bystřice": [
        18.72038,
        49.63657
    ],
    "Bystřec": [
        16.619,
        50.01168
    ],
    "Bystré": [
        16.34679,
        49.62846
    ],
    "Bystřany": [
        13.86419,
        50.62867
    ],
    "Býšť": [
        15.91116,
        50.13243
    ],
    "Byšice": [
        14.61136,
        50.31044
    ],
    "Buštěhrad": [
        14.18897,
        50.15594
    ],
    "Bukovec": [
        18.82683,
        49.55114
    ],
    "Bukovany": [
        12.57265,
        50.16632
    ],
    "Budyně nad Ohří": [
        14.12591,
        50.40427
    ],
    "Budišov nad Budišovkou": [
        17.62969,
        49.79511
    ],
    "Budišov": [
        16.00383,
        49.27138
    ],
    "Bučovice": [
        17.00191,
        49.14896
    ],
    "Buchlovice": [
        17.33852,
        49.08627
    ],
    "Brušperk": [
        18.2221,
        49.7001
    ],
    "Bruntál": [
        17.4647,
        49.98844
    ],
    "Brumovice": [
        17.74958,
        50.0153
    ],
    "Brtnice": [
        15.67642,
        49.30695
    ],
    "Broumov": [
        16.33181,
        50.58566
    ],
    "Brodek u Přerova": [
        17.33825,
        49.48419
    ],
    "Brno": [
        16.60796,
        49.19522
    ],
    "Brniště": [
        14.70338,
        50.72919
    ],
    "Brněnec": [
        16.52202,
        49.62735
    ],
    "Brloh": [
        14.21857,
        48.92987
    ],
    "Břidličná": [
        17.37107,
        49.91167
    ],
    "Březová nad Svitavou": [
        16.51799,
        49.64418
    ],
    "Březová": [
        17.73986,
        48.92543
    ],
    "Březolupy": [
        17.58034,
        49.12138
    ],
    "Březno": [
        13.42118,
        50.40185
    ],
    "Březnice": [
        17.66277,
        49.18643
    ],
    "Březí": [
        16.56748,
        48.81928
    ],
    "Břeclav": [
        16.88203,
        48.75897
    ],
    "Břasy": [
        13.57833,
        49.837
    ],
    "Brantice": [
        17.62911,
        50.06351
    ],
    "Braník": [
        14.41235,
        50.03597
    ],
    "Brandýs nad Orlicí": [
        16.28528,
        50.00194
    ],
    "Brandýs nad Labem-Stará Boleslav": [
        14.66326,
        50.18709
    ],
    "Brandýsek": [
        14.16199,
        50.18923
    ],
    "Braňany": [
        13.70017,
        50.54295
    ],
    "Božice": [
        16.28875,
        48.83687
    ],
    "Bouzov": [
        16.89288,
        49.70426
    ],
    "Bošovice": [
        16.83676,
        49.05351
    ],
    "Boskovice": [
        16.65997,
        49.48751
    ],
    "Boršice": [
        17.35084,
        49.06254
    ],
    "Borovany": [
        14.64227,
        48.8986
    ],
    "Borová Lada": [
        13.65986,
        48.98983
    ],
    "Borohrádek": [
        16.09326,
        50.09777
    ],
    "Bořitov": [
        16.59119,
        49.42504
    ],
    "Bořetice": [
        16.85306,
        48.91302
    ],
    "Borek": [
        14.50088,
        49.02339
    ],
    "Bor": [
        12.77516,
        49.71159
    ],
    "Bolatice": [
        18.08358,
        49.95172
    ],
    "Bojkovice": [
        17.81487,
        49.03864
    ],
    "Bohutín": [
        13.94389,
        49.65551
    ],
    "Bohušovice nad Ohří": [
        14.15048,
        50.49316
    ],
    "Bohuslavice": [
        18.12866,
        49.94232
    ],
    "Bohuňovice": [
        17.28693,
        49.66301
    ],
    "Bohumín": [
        18.35755,
        49.90411
    ],
    "Bohdalov": [
        15.87582,
        49.47921
    ],
    "Bochov": [
        13.05227,
        50.14872
    ],
    "Bludov": [
        16.92849,
        49.9408
    ],
    "Blučina": [
        16.6445,
        49.05497
    ],
    "Blovice": [
        13.54009,
        49.5822
    ],
    "Blížkovice": [
        15.83482,
        48.99976
    ],
    "Blížejov": [
        12.98926,
        49.5
    ],
    "Blažovice": [
        16.78611,
        49.16569
    ],
    "Blatná": [
        13.88176,
        49.42489
    ],
    "Blansko": [
        16.64446,
        49.36304
    ],
    "Bílovice nad Svitavou": [
        16.67247,
        49.24708
    ],
    "Bílovice": [
        17.54961,
        49.09965
    ],
    "Bílovec": [
        18.01581,
        49.75639
    ],
    "Bílina Kyselka": [
        13.76667,
        50.55
    ],
    "Bílina": [
        13.77535,
        50.54854
    ],
    "Bílá Třemešná": [
        15.74101,
        50.44465
    ],
    "Bílá Lhota": [
        16.97507,
        49.70953
    ],
    "Bezdružice": [
        12.9711,
        49.90724
    ],
    "Beroun": [
        14.072,
        49.96382
    ],
    "Bernartice": [
        14.38101,
        49.36889
    ],
    "Benešov nad Ploučnicí": [
        14.31239,
        50.74159
    ],
    "Benešov nad Černou": [
        14.62737,
        48.7294
    ],
    "Benešov": [
        14.68697,
        49.78162
    ],
    "Benecko": [
        15.54816,
        50.66633
    ],
    "Benátky nad Jizerou": [
        14.82343,
        50.29085
    ],
    "Bělotín": [
        17.80654,
        49.5912
    ],
    "Bělá pod Bezdězem": [
        14.80418,
        50.50121
    ],
    "Bělá nad Radbuzou": [
        12.71761,
        49.59115
    ],
    "Bedihošť": [
        17.16643,
        49.44826
    ],
    "Bečov": [
        13.71784,
        50.44972
    ],
    "Bechyně": [
        14.4681,
        49.29523
    ],
    "Bechlín": [
        14.34092,
        50.41615
    ],
    "Bavorov": [
        14.07893,
        49.12184
    ],
    "Batelov": [
        15.39465,
        49.31425
    ],
    "Baška": [
        18.37233,
        49.64584
    ],
    "Bartošovice": [
        18.05461,
        49.66884
    ],
    "Bánov": [
        17.71752,
        48.98801
    ],
    "Bakov nad Jizerou": [
        14.94149,
        50.4823
    ],
    "Babice": [
        17.48075,
        49.12167
    ],
    "Aš": [
        12.19499,
        50.22387
    ],
    "Albrechtice nad Orlicí": [
        16.06437,
        50.13979
    ],
    "Albrechtice": [
        18.52444,
        49.78645
    ],
    "Adamov": [
        16.65253,
        49.30162
    ],
    "Abertamy": [
        12.81826,
        50.36874
    ],
    "Lázně Bohdaneč": [
        15.67978,
        50.0756
    ],
    "Černý Most": [
        14.57974,
        50.10475
    ],
    "Lučina": [
        18.44776,
        49.72082
    ]
}