{
    "Zonianá": [
        24.82944,
        35.29502
    ],
    "Zevgolatió": [
        22.61667,
        38.08333
    ],
    "Zarós": [
        24.90412,
        35.1303
    ],
    "Zárkos": [
        22.13333,
        39.61667
    ],
    "Zákynthos": [
        20.89528,
        37.79139
    ],
    "Zacháro": [
        21.65,
        37.48333
    ],
    "Zagorá": [
        23.1,
        39.45
    ],
    "Gýtheio": [
        22.56417,
        36.755
    ],
    "Yimnón": [
        23.88333,
        38.43333
    ],
    "Yiánnouli": [
        22.38333,
        39.66667
    ],
    "Gérgeri": [
        24.94963,
        35.13281
    ],
    "Geráni": [
        23.86667,
        35.5
    ],
    "Yerákion": [
        22.7,
        37
    ],
    "Géfyra": [
        22.69222,
        40.73333
    ],
    "Xylókastron": [
        22.63166,
        38.07762
    ],
    "Vrontádos": [
        26.13278,
        38.40889
    ],
    "Vrýses": [
        23.6,
        35.45
    ],
    "Vrachnaíika": [
        21.66667,
        38.16667
    ],
    "Vrakhátion": [
        22.80573,
        37.95895
    ],
    "Vouliagméni": [
        23.78333,
        37.81667
    ],
    "Voúla": [
        23.77651,
        37.84221
    ],
    "Vónitsa": [
        20.88639,
        38.91639
    ],
    "Vólos": [
        22.94583,
        39.36667
    ],
    "Vlakhópoulon": [
        21.78333,
        37.03333
    ],
    "Vlakhiótis": [
        22.7,
        36.86667
    ],
    "Výronas": [
        23.75,
        37.96667
    ],
    "Vília": [
        23.33333,
        38.16667
    ],
    "Verdikoússa": [
        21.97222,
        39.78028
    ],
    "Vélo": [
        22.76667,
        37.96667
    ],
    "Velestíno": [
        22.75,
        39.38333
    ],
    "Vágia": [
        23.18333,
        38.31667
    ],
    "Vathí": [
        23.4812,
        37.76567
    ],
    "Vathý": [
        26.98333,
        37.75
    ],
    "Vasilikón": [
        23.66667,
        38.43333
    ],
    "Vasilikí": [
        21.70472,
        39.63889
    ],
    "Varvásaina": [
        21.5,
        37.68333
    ],
    "Vartholomió": [
        21.2,
        37.86667
    ],
    "Varnávas": [
        23.91667,
        38.21667
    ],
    "Vareiá": [
        26.56667,
        39.08333
    ],
    "Vári": [
        24.95,
        37.4
    ],
    "Várda": [
        21.36667,
        38.03333
    ],
    "Vamvakoú": [
        22.41667,
        39.33333
    ],
    "Valsamáta": [
        20.6,
        38.16667
    ],
    "Tsikalariá": [
        24.06274,
        35.47623
    ],
    "Tsarítsani": [
        22.23333,
        39.88333
    ],
    "Trípoli": [
        22.37944,
        37.50889
    ],
    "Tríkeri": [
        23.08333,
        39.1
    ],
    "Tríkala": [
        22.55667,
        40.59806
    ],
    "Triánta": [
        28.16552,
        36.41043
    ],
    "Traganón": [
        21.31245,
        37.89789
    ],
    "Tragána": [
        23.11667,
        38.61667
    ],
    "Tolón": [
        22.8586,
        37.52021
    ],
    "Týrnavos": [
        22.28917,
        39.73778
    ],
    "Tínos": [
        25.16343,
        37.53753
    ],
    "Tympáki": [
        24.76851,
        35.07286
    ],
    "Tílisos": [
        25.01587,
        35.29607
    ],
    "Thrapsanón": [
        25.28091,
        35.18798
    ],
    "Thouría": [
        22.05,
        37.08333
    ],
    "Thívai": [
        23.31889,
        38.325
    ],
    "Firá": [
        25.43087,
        36.42107
    ],
    "Thymianá": [
        26.13259,
        38.31439
    ],
    "Thesprotikón": [
        20.78472,
        39.25
    ],
    "Thespiés": [
        23.15,
        38.3
    ],
    "Thérmo": [
        21.66667,
        38.58333
    ],
    "Terpsithéa": [
        22.36667,
        39.61667
    ],
    "Témeni": [
        22.11667,
        38.23333
    ],
    "Strátos": [
        21.31667,
        38.66667
    ],
    "Stírion": [
        22.71667,
        38.4
    ],
    "Stýpsi": [
        26.21972,
        39.31167
    ],
    "Stylída": [
        22.61667,
        38.91667
    ],
    "Stefanavíkion": [
        22.73333,
        39.46667
    ],
    "Stános": [
        21.16667,
        38.8
    ],
    "Stamáta": [
        23.88333,
        38.13333
    ],
    "Stalís": [
        25.43292,
        35.29257
    ],
    "Spétses": [
        23.15943,
        37.26191
    ],
    "Sperkhóyia": [
        22.06667,
        37.06667
    ],
    "Spercheiáda": [
        22.11667,
        38.9
    ],
    "Spáta": [
        23.91514,
        37.96163
    ],
    "Spárti": [
        22.42972,
        37.07333
    ],
    "Soúrpi": [
        22.9,
        39.1
    ],
    "Soúda": [
        24.07344,
        35.48717
    ],
    "Sofikón": [
        23.05,
        37.8
    ],
    "Sofádes": [
        22.1,
        39.33333
    ],
    "Skópelos": [
        26.44833,
        39.02972
    ],
    "Skýros": [
        24.56306,
        38.90417
    ],
    "Skíathos": [
        23.49089,
        39.16227
    ],
    "Skhísma": [
        25.72341,
        35.26128
    ],
    "Schimatári": [
        23.58333,
        38.35
    ],
    "Skála Oropoú": [
        23.79124,
        38.31991
    ],
    "Skalánion": [
        25.18684,
        35.28262
    ],
    "Skála": [
        22.66667,
        36.85
    ],
    "Siteía": [
        26.10721,
        35.2065
    ],
    "Sinoikismós Khavárion": [
        21.38333,
        37.85
    ],
    "Sými": [
        27.8378,
        36.61246
    ],
    "Siliveniótika": [
        22.33333,
        38.16667
    ],
    "Sykoúrion": [
        22.57861,
        39.75833
    ],
    "SiKyona": [
        22.72462,
        37.9823
    ],
    "Síkinos": [
        25.11667,
        36.7
    ],
    "Sykéa": [
        22.94878,
        36.76556
    ],
    "Sérifos": [
        24.5,
        37.15
    ],
    "Selínia": [
        23.53361,
        37.93361
    ],
    "Selianítika": [
        22.03333,
        38.28333
    ],
    "Savália": [
        21.29425,
        37.82158
    ],
    "Sardínia": [
        21.2,
        38.88333
    ],
    "Sámos": [
        26.97694,
        37.75722
    ],
    "Sámi": [
        20.65139,
        38.25417
    ],
    "Salamís": [
        23.49649,
        37.96427
    ],
    "Royítika": [
        21.68333,
        38.18333
    ],
    "Roviaí": [
        23.23333,
        38.81667
    ],
    "Rodotópion": [
        20.72583,
        39.70833
    ],
    "Rizómilos": [
        22.75,
        39.43333
    ],
    "Rízoma": [
        21.735,
        39.665
    ],
    "Río": [
        21.78333,
        38.3
    ],
    "Rethymno": [
        24.47487,
        35.36687
    ],
    "Rafína": [
        24.00599,
        38.01812
    ],
    "Pteleós": [
        22.95,
        39.05
    ],
    "Psychikó": [
        23.76667,
        38.01667
    ],
    "Psachná": [
        23.63333,
        38.58333
    ],
    "Prokópion": [
        23.48333,
        38.73333
    ],
    "Profítis Ilías": [
        22.15694,
        40.81278
    ],
    "Préveza": [
        20.75,
        38.95
    ],
    "Prámanta": [
        21.10139,
        39.52306
    ],
    "Pórto Chéli": [
        23.14152,
        37.32483
    ],
    "Portariá": [
        23.3,
        40.28333
    ],
    "Póros": [
        23.45361,
        37.49944
    ],
    "Politiká": [
        23.55,
        38.6
    ],
    "Polichnítos": [
        26.18333,
        39.08111
    ],
    "Plomárion": [
        26.36806,
        38.97667
    ],
    "Platíkambos": [
        22.53333,
        39.61667
    ],
    "Platariá": [
        20.27611,
        39.4525
    ],
    "Plátanos": [
        23.59784,
        35.47165
    ],
    "Plános": [
        20.85,
        37.81667
    ],
    "Pigí": [
        21.70111,
        39.51194
    ],
    "Pithári": [
        24.08653,
        35.51672
    ],
    "Pythagóreio": [
        26.94833,
        37.69194
    ],
    "Pyrgíon": [
        25.99991,
        38.22628
    ],
    "Pyrgetós": [
        21.74806,
        39.55194
    ],
    "Pýrgos": [
        22.73278,
        40.62861
    ],
    "Piraeus": [
        23.63708,
        37.94745
    ],
    "Pýlos": [
        21.69639,
        36.91344
    ],
    "Pylíon": [
        27.16139,
        36.84778
    ],
    "Pýli": [
        21.61889,
        39.45806
    ],
    "Pikérmi": [
        23.95,
        38
    ],
    "Petroúpolis": [
        23.68494,
        38.04187
    ],
    "Pétra": [
        26.18333,
        39.33333
    ],
    "Péta": [
        21.03472,
        39.16667
    ],
    "Periyiálion": [
        22.83333,
        37.95
    ],
    "Perivólion": [
        20.01472,
        39.42056
    ],
    "Perivólia": [
        23.99421,
        35.48491
    ],
    "Peristéri": [
        23.7,
        38.01667
    ],
    "Pérdika": [
        20.30389,
        39.36889
    ],
    "Pérama": [
        24.70345,
        35.3703
    ],
    "Perachóra": [
        22.95,
        38.03333
    ],
    "Pentéli": [
        23.86667,
        38.05
    ],
    "Pelópion": [
        21.58333,
        37.68333
    ],
    "Pelasgía": [
        22.83333,
        38.95
    ],
    "Pediní": [
        20.84333,
        39.59972
    ],
    "Gáïos": [
        20.18556,
        39.19722
    ],
    "Pátra": [
        21.73444,
        38.24444
    ],
    "Patitírion": [
        23.86667,
        39.15
    ],
    "Pásion": [
        22.73333,
        38.01667
    ],
    "Páros": [
        25.15,
        37.08333
    ],
    "Párga": [
        20.39639,
        39.28306
    ],
    "Paravóla": [
        21.51667,
        38.61667
    ],
    "Proástion": [
        21.9025,
        39.48861
    ],
    "Parapótamos": [
        20.32278,
        39.54917
    ],
    "Paramythiá": [
        20.51111,
        39.47111
    ],
    "Paralía": [
        22.59528,
        40.26806
    ],
    "Pappádos": [
        26.45472,
        39.03944
    ],
    "Pappadátai": [
        20.7925,
        39.31333
    ],
    "Pánormos": [
        24.69091,
        35.41815
    ],
    "Panaitólion": [
        21.45,
        38.58333
    ],
    "Pámfylla": [
        26.52167,
        39.15667
    ],
    "Pallíni": [
        23.87723,
        37.99702
    ],
    "Palamás": [
        22.08333,
        39.46667
    ],
    "Pálairos": [
        20.88333,
        38.78333
    ],
    "Palaiópyrgos": [
        21.81722,
        39.60722
    ],
    "Palaió Fáliro": [
        23.70916,
        37.92066
    ],
    "Palaiomonástiron": [
        21.65861,
        39.4625
    ],
    "Palaiókipos": [
        26.45111,
        39.05583
    ],
    "Palaióchora": [
        23.68333,
        35.23333
    ],
    "Palaíkastro": [
        26.25381,
        35.19787
    ],
    "Psará": [
        25.56667,
        38.53333
    ],
    "Palaiá Fókaia": [
        23.94626,
        37.71995
    ],
    "Paianía": [
        23.85443,
        37.95527
    ],
    "Oxílithos": [
        24.11667,
        38.58333
    ],
    "Ovriá": [
        21.71667,
        38.18333
    ],
    "Oropós": [
        23.75,
        38.3
    ],
    "Orchomenós": [
        22.97962,
        38.4929
    ],
    "Oreoí": [
        23.1,
        38.95
    ],
    "Omvriakí": [
        22.26667,
        39.1
    ],
    "Oinoússes": [
        26.22241,
        38.51458
    ],
    "Oinófyta": [
        23.63333,
        38.31667
    ],
    "Oikismós Papágou": [
        23.81667,
        37.98333
    ],
    "Oía": [
        25.37773,
        36.46295
    ],
    "Níkaia": [
        23.65,
        37.96667
    ],
    "Nerokoúros": [
        24.03995,
        35.47587
    ],
    "Néon Monastírion": [
        22.25,
        39.23333
    ],
    "Néon Karlovásion": [
        26.70444,
        37.79028
    ],
    "Neochorópoulon": [
        20.83417,
        39.62861
    ],
    "Oichalía": [
        21.98083,
        39.60667
    ],
    "Neochórion": [
        21.2,
        37.91667
    ],
    "Nénita": [
        26.09306,
        38.23889
    ],
    "Neméa": [
        22.66667,
        37.81667
    ],
    "Néa Tírins": [
        22.81667,
        37.6
    ],
    "Néa Stíra": [
        24.2,
        38.18333
    ],
    "Néa Smýrni": [
        23.71667,
        37.95
    ],
    "Néa Seléfkeia": [
        20.25861,
        39.52556
    ],
    "Neápoli": [
        25.60415,
        35.25627
    ],
    "Néa Péramos": [
        24.30361,
        40.83889
    ],
    "Néa Palátia": [
        23.8,
        38.31667
    ],
    "Néa Manolás": [
        21.38333,
        38.05
    ],
    "Néa Mákri": [
        23.98333,
        38.08333
    ],
    "Ílion": [
        23.7,
        38.03333
    ],
    "Néa Kíos": [
        22.74144,
        37.59102
    ],
    "Néa Ionía": [
        23.75,
        38.03333
    ],
    "Néa Filadélfeia": [
        23.73333,
        38.03333
    ],
    "Néa Erythraía": [
        23.81667,
        38.1
    ],
    "Néa Artáki": [
        23.63333,
        38.51667
    ],
    "Néa Ankhíalos": [
        22.81667,
        39.28333
    ],
    "Naxos": [
        25.37639,
        37.10556
    ],
    "Náfplio": [
        22.80528,
        37.56828
    ],
    "Náfpaktos": [
        21.8275,
        38.39167
    ],
    "Náousa": [
        22.06806,
        40.62944
    ],
    "Mouzourás": [
        24.15554,
        35.53885
    ],
    "Mouzáki": [
        21.66361,
        39.42972
    ],
    "Mouzaki": [
        20.81667,
        37.73333
    ],
    "Mourniés": [
        24.01253,
        35.48228
    ],
    "Moúlkion": [
        22.73333,
        38
    ],
    "Moskháton": [
        23.66667,
        37.95
    ],
    "Mória": [
        26.51667,
        39.13333
    ],
    "Morfovoúni": [
        21.75,
        39.3525
    ],
    "Monastirákion": [
        20.95,
        38.85
    ],
    "Mólos": [
        22.65,
        38.81667
    ],
    "Moláoi": [
        22.85132,
        36.80757
    ],
    "Mokhós": [
        25.42305,
        35.26342
    ],
    "Moíres": [
        24.8733,
        35.05143
    ],
    "Mitrópoli": [
        21.83694,
        39.33944
    ],
    "Mytilinioí": [
        26.90833,
        37.72861
    ],
    "Mytilíni": [
        26.55472,
        39.11
    ],
    "Mytikas": [
        23.65365,
        38.44373
    ],
    "Míthymna": [
        26.17639,
        39.36781
    ],
    "Mirsíni": [
        21.23333,
        37.91667
    ],
    "Mýrina": [
        25.06359,
        39.87483
    ],
    "Mílos": [
        24.43333,
        36.75
    ],
    "Milésion": [
        23.8,
        38.28333
    ],
    "Mykonos": [
        25.32872,
        37.44529
    ],
    "Megísti": [
        29.59361,
        36.14889
    ],
    "Metsovo": [
        21.18222,
        39.76944
    ],
    "Methóni": [
        21.70486,
        36.81973
    ],
    "Méthana": [
        23.39142,
        37.58234
    ],
    "Metamórfosi": [
        23.35,
        37.53333
    ],
    "Messíni": [
        22.00778,
        37.05111
    ],
    "Mesolóngi": [
        21.42917,
        38.36917
    ],
    "Mesariá": [
        25.44589,
        36.39848
    ],
    "Agía Triás": [
        22.87701,
        40.50008
    ],
    "Menídi": [
        21.11778,
        39.04194
    ],
    "Melívoia": [
        22.8,
        39.75
    ],
    "Melíssia": [
        23.83333,
        38.05
    ],
    "Meligalás": [
        21.96667,
        37.21667
    ],
    "Mégara": [
        23.34556,
        38
    ],
    "Megalópoli": [
        22.14222,
        37.40111
    ],
    "Megálo Chorió": [
        26.96613,
        37.45894
    ],
    "Megalochórion": [
        21.84083,
        39.55944
    ],
    "Megáli Khóra": [
        21.36667,
        38.63333
    ],
    "Megála Kalývia": [
        21.7875,
        39.5
    ],
    "Mavrommátion": [
        21.69556,
        39.42389
    ],
    "Martínon": [
        23.21667,
        38.56667
    ],
    "Marmárion": [
        24.32039,
        38.04839
    ],
    "Markópoulo Oropoú": [
        23.83333,
        38.28333
    ],
    "Markópoulo": [
        23.93333,
        37.88333
    ],
    "Marathóna": [
        23.96667,
        38.15
    ],
    "Marathókampos": [
        26.69,
        37.72639
    ],
    "Manolás": [
        21.35,
        38.05
    ],
    "Mandráki": [
        27.13333,
        36.61139
    ],
    "Mándra": [
        23.5,
        38.06667
    ],
    "Mantoúdi": [
        23.48333,
        38.8
    ],
    "Mantamádos": [
        26.33389,
        39.31167
    ],
    "Mália": [
        25.46262,
        35.28367
    ],
    "Malesína": [
        23.23333,
        38.61667
    ],
    "Makrísia": [
        21.6,
        37.61667
    ],
    "Makrinítsa": [
        22.98333,
        39.4
    ],
    "Makrychóri": [
        22.48333,
        39.8
    ],
    "Makrychórion": [
        21.96639,
        39.44
    ],
    "Makrakómi": [
        22.11667,
        38.93333
    ],
    "Magoúla": [
        21.80278,
        39.45556
    ],
    "Loutráki": [
        22.97781,
        37.9783
    ],
    "Loutrá": [
        26.545,
        39.05694
    ],
    "Loúros": [
        20.75194,
        39.16278
    ],
    "Loukísia": [
        23.45,
        38.48333
    ],
    "Lixoúrion": [
        20.43139,
        38.20194
    ],
    "Livanátai": [
        23.05,
        38.71667
    ],
    "Lithakiá": [
        20.83333,
        37.71667
    ],
    "Leipsoí": [
        26.76667,
        37.28333
    ],
    "Límni": [
        23.31667,
        38.76667
    ],
    "Limín Khersonísou": [
        25.39275,
        35.32297
    ],
    "Lykóvrysi": [
        23.78333,
        38.06667
    ],
    "Ligourión": [
        23.03333,
        37.61667
    ],
    "Lidoríki": [
        22.19972,
        38.52389
    ],
    "Lefkímmi": [
        20.06889,
        39.42333
    ],
    "Lefkáda": [
        20.70194,
        38.8275
    ],
    "Livadeiá": [
        22.87389,
        38.435
    ],
    "Lepenoú": [
        21.28333,
        38.7
    ],
    "Leonídio": [
        22.85773,
        37.16679
    ],
    "Lékhaion": [
        22.85,
        37.93333
    ],
    "Lechainá": [
        21.26667,
        37.93333
    ],
    "Lávrio": [
        24.05648,
        37.71445
    ],
    "Lárisa": [
        22.42028,
        39.63722
    ],
    "Lárimna": [
        23.28333,
        38.56667
    ],
    "Lápas": [
        21.41667,
        38.1
    ],
    "Lagkáda": [
        26.12427,
        38.47825
    ],
    "Lamía": [
        22.43333,
        38.9
    ],
    "Lálas": [
        21.71667,
        37.71667
    ],
    "Lakkíon": [
        26.85,
        37.13333
    ],
    "Krousón": [
        24.98291,
        35.23062
    ],
    "Krokeaí": [
        22.55,
        36.88333
    ],
    "Taxiárchai": [
        21.8925,
        39.575
    ],
    "Kritsá": [
        25.6446,
        35.1582
    ],
    "Kryonéri": [
        23.83333,
        38.15
    ],
    "Krikellos": [
        21.18333,
        38.95
    ],
    "Kréstena": [
        21.63333,
        37.61667
    ],
    "Kranídi": [
        23.15528,
        37.38167
    ],
    "Kranéa Elassónos": [
        21.96583,
        39.94833
    ],
    "Kouvarás": [
        23.96667,
        37.83333
    ],
    "Koutsélion": [
        20.91417,
        39.58889
    ],
    "Kostakioí": [
        20.95889,
        39.1375
    ],
    "Kos": [
        27.28889,
        36.89333
    ],
    "Koropí": [
        23.87181,
        37.89886
    ],
    "Koróni": [
        21.95,
        36.8
    ],
    "Kórinthos": [
        22.95734,
        37.94068
    ],
    "Koríni": [
        22.98333,
        38.25
    ],
    "Kompóti": [
        21.08528,
        39.10222
    ],
    "Kolympári": [
        23.77995,
        35.54115
    ],
    "Kokkónion": [
        22.78333,
        37.96667
    ],
    "Kokkini Hani": [
        25.25826,
        35.32794
    ],
    "Kokkárion": [
        26.89389,
        37.77639
    ],
    "Koilás": [
        23.11471,
        37.40946
    ],
    "Kýthnos": [
        24.43333,
        37.41667
    ],
    "Kýthira": [
        22.9925,
        36.15
    ],
    "Kíssamos": [
        23.65694,
        35.49389
    ],
    "Kírra": [
        22.45,
        38.43333
    ],
    "Kyriáki": [
        22.78333,
        38.35
    ],
    "Kyrás Vrýsi": [
        22.986,
        37.91468
    ],
    "Kipséli": [
        23.74107,
        38.00272
    ],
    "Kyparissía": [
        21.67361,
        37.25111
    ],
    "Kinéta": [
        23.21832,
        37.97094
    ],
    "Kímolos": [
        24.58333,
        36.8
    ],
    "Kými": [
        24.1,
        38.63333
    ],
    "Kyllíni": [
        21.15,
        37.93333
    ],
    "Kifisiá": [
        23.81106,
        38.07438
    ],
    "Kiáto": [
        22.75,
        38.01667
    ],
    "Chóra Sfakíon": [
        24.13711,
        35.20176
    ],
    "Chóra": [
        26.90556,
        37.70361
    ],
    "Khóra": [
        21.71667,
        37.05
    ],
    "Cholargós": [
        23.8,
        38
    ],
    "Chíos": [
        26.13583,
        38.36778
    ],
    "Khiliomódhion": [
        22.86667,
        37.81667
    ],
    "Chavárion": [
        21.38333,
        37.85
    ],
    "Khaniótis": [
        23.58001,
        39.99908
    ],
    "Chaniá": [
        24.02921,
        35.51124
    ],
    "Khalkoútsion": [
        23.73333,
        38.33333
    ],
    "Chalkída": [
        23.59944,
        38.46361
    ],
    "Chalkiádes": [
        20.9325,
        39.15917
    ],
    "Khálki": [
        22.53333,
        39.56667
    ],
    "Chálki": [
        27.61191,
        36.22243
    ],
    "Chalandrítsa": [
        21.78333,
        38.11667
    ],
    "Khalándrion": [
        23.79793,
        38.03058
    ],
    "Chaïdári": [
        23.66667,
        38.01667
    ],
    "Keratsíni": [
        23.61972,
        37.9625
    ],
    "Keratéa": [
        23.97692,
        37.80733
    ],
    "Kerasochóri": [
        21.63778,
        39.00556
    ],
    "Kéfalos": [
        26.95889,
        36.74528
    ],
    "Kéa": [
        24.35,
        37.63333
    ],
    "Kavásilas": [
        21.26667,
        37.86667
    ],
    "Katsikás": [
        20.8875,
        39.6225
    ],
    "Katoúna": [
        21.11667,
        38.78333
    ],
    "Káto Tithoréa": [
        22.71667,
        38.6
    ],
    "Káto Soúlion": [
        24,
        38.16667
    ],
    "Káto Mazarákion": [
        21.65,
        38.06667
    ],
    "Káto Lekhónia": [
        23.03333,
        39.33333
    ],
    "Káto Chorió": [
        25.79153,
        35.04885
    ],
    "Káto Glikóvrisi": [
        22.78333,
        36.83333
    ],
    "Káto Ássos": [
        22.83333,
        37.95
    ],
    "Káto Asítai": [
        24.99827,
        35.20271
    ],
    "Káto Achaḯa": [
        21.55,
        38.15
    ],
    "Katastárion": [
        20.76667,
        37.83333
    ],
    "Kastrí": [
        24.08333,
        34.83333
    ],
    "Kastrákion": [
        21.61806,
        39.71556
    ],
    "Kastélli": [
        25.33773,
        35.20902
    ],
    "Kastélla": [
        23.63333,
        38.56667
    ],
    "Karpokhórion": [
        22.01667,
        39.33333
    ],
    "Karpenísi": [
        21.78333,
        38.91667
    ],
    "Kárpathos": [
        27.21322,
        35.50701
    ],
    "Kárystos": [
        24.41611,
        38.01333
    ],
    "Kariaí": [
        22.5,
        37.3
    ],
    "Karditsomagoúla": [
        21.92417,
        39.39194
    ],
    "Kardítsa": [
        21.92167,
        39.36556
    ],
    "Kardamýli": [
        22.23333,
        36.88333
    ],
    "Kardamás": [
        21.33333,
        37.76667
    ],
    "Kardámaina": [
        27.1425,
        36.78139
    ],
    "Karátoulas": [
        21.53333,
        37.73333
    ],
    "Kaparéllion": [
        23.21667,
        38.23333
    ],
    "Kapandríti": [
        23.88333,
        38.21667
    ],
    "Kandíla": [
        20.93333,
        38.7
    ],
    "Kanaláki": [
        20.6,
        39.23361
    ],
    "Kanália": [
        22.88333,
        39.5
    ],
    "Kaména Voúrla": [
        22.78573,
        38.77844
    ],
    "Kampí": [
        20.9,
        39.21667
    ],
    "Kamárion": [
        25.81667,
        36.8
    ],
    "Kamárai": [
        22,
        38.3
    ],
    "Kalpáki": [
        20.62389,
        39.88778
    ],
    "Kalloní": [
        26.20806,
        39.23278
    ],
    "Kallíthiron": [
        21.90611,
        39.28167
    ],
    "Kallithéa": [
        22.57833,
        40.27639
    ],
    "Kallifónion": [
        21.95611,
        39.2725
    ],
    "Kalývia Thorikoú": [
        23.92766,
        37.84066
    ],
    "Kalívai": [
        24.17507,
        35.45046
    ],
    "Kálymnos": [
        26.98333,
        36.95
    ],
    "Kalávryta": [
        22.1125,
        38.03222
    ],
    "Kálamos": [
        23.86667,
        38.28333
    ],
    "Kalamiá": [
        20.93167,
        39.16556
    ],
    "Kalampáka": [
        21.62694,
        39.70444
    ],
    "Kalamáta": [
        22.11417,
        37.03889
    ],
    "Álimos": [
        23.72361,
        37.91033
    ],
    "Kaisarianí": [
        23.8,
        37.96667
    ],
    "Kainoúryion": [
        21.5,
        38.6
    ],
    "Itháki": [
        20.71848,
        38.36421
    ],
    "Itéa": [
        22.41667,
        38.43333
    ],
    "Istiaía": [
        23.15278,
        38.95583
    ],
    "Isthmía": [
        22.99988,
        37.91211
    ],
    "Irákleio": [
        23.76667,
        38.06667
    ],
    "Irákleion": [
        25.14341,
        35.32787
    ],
    "Íos": [
        25.28333,
        36.73333
    ],
    "Ioánnina": [
        20.85083,
        39.6675
    ],
    "Igoumenítsa": [
        20.26556,
        39.50389
    ],
    "Ierápetra": [
        25.74234,
        35.01186
    ],
    "Ydroússa": [
        26.75167,
        37.77944
    ],
    "Ýdra": [
        23.46697,
        37.35095
    ],
    "Grízanon": [
        22.05,
        39.63333
    ],
    "Grammenítsa": [
        20.98056,
        39.18306
    ],
    "Grammatikoú": [
        21.5,
        38.53333
    ],
    "Grammatikó": [
        23.96667,
        38.2
    ],
    "Gra Liyiá": [
        25.69127,
        35.01467
    ],
    "Graikochórion": [
        20.295,
        39.47889
    ],
    "Goúvai": [
        25.31327,
        35.3105
    ],
    "Goúrnes": [
        25.2774,
        35.32626
    ],
    "Gouriá": [
        21.26667,
        38.46667
    ],
    "Goúmeron": [
        21.61667,
        37.76667
    ],
    "Gónnoi": [
        22.46667,
        39.86667
    ],
    "Gómfoi": [
        21.6925,
        39.46361
    ],
    "Glyfáda": [
        23.76916,
        37.85858
    ],
    "Gázi": [
        25.06694,
        35.32531
    ],
    "Gavaloú": [
        21.53333,
        38.53333
    ],
    "Gastoúni": [
        21.25,
        37.85
    ],
    "Gargaliánoi": [
        21.63333,
        37.06667
    ],
    "Galátsi": [
        23.75,
        38.01667
    ],
    "Galatás": [
        23.96341,
        35.49864
    ],
    "Gaïtánion": [
        20.86667,
        37.78333
    ],
    "Frý": [
        26.93333,
        35.41667
    ],
    "Folégandros": [
        24.91667,
        36.63333
    ],
    "Fitíai": [
        21.18333,
        38.7
    ],
    "Filótion": [
        25.5,
        37.05
    ],
    "Fílla": [
        23.68333,
        38.43333
    ],
    "Filippiáda": [
        20.88222,
        39.20472
    ],
    "Filiatrá": [
        21.58333,
        37.15
    ],
    "Filiátes": [
        20.31194,
        39.60111
    ],
    "Fylí": [
        23.66667,
        38.1
    ],
    "Fíki": [
        21.65556,
        39.51694
    ],
    "Fársala": [
        22.38472,
        39.29472
    ],
    "Fáros": [
        23.61667,
        38.4
    ],
    "Farkadóna": [
        22.06667,
        39.6
    ],
    "Fálanna": [
        22.4,
        39.71667
    ],
    "Examília": [
        22.93333,
        37.9
    ],
    "Ermoúpolis": [
        24.94248,
        37.44227
    ],
    "Ermióni": [
        23.24423,
        37.3869
    ],
    "Erythrés": [
        23.31667,
        38.21667
    ],
    "Erétria": [
        23.8,
        38.4
    ],
    "Eresós": [
        25.93333,
        39.16667
    ],
    "Epitálion": [
        21.5,
        37.63333
    ],
    "Ano Arhanes": [
        25.16667,
        35.23333
    ],
    "Emporeío": [
        25.44393,
        36.35813
    ],
    "Émponas": [
        27.85637,
        36.22688
    ],
    "Eloúnda": [
        25.72127,
        35.265
    ],
    "Ellinikó": [
        23.73333,
        37.88333
    ],
    "Elefsína": [
        23.54295,
        38.04135
    ],
    "Eleoúsa": [
        20.7925,
        39.70639
    ],
    "Eláteia": [
        22.76667,
        38.63333
    ],
    "Elassóna": [
        22.18861,
        39.89472
    ],
    "Ekáli": [
        23.83333,
        38.11667
    ],
    "Voulgaréli": [
        21.18333,
        39.37194
    ],
    "Drépanon": [
        22.89419,
        37.54255
    ],
    "Domokós": [
        22.30028,
        39.12722
    ],
    "Dístomo": [
        22.66667,
        38.43333
    ],
    "Dimitsána": [
        22.04417,
        37.59361
    ],
    "Deskáti": [
        21.80278,
        39.9225
    ],
    "Dhervénion": [
        22.41667,
        38.13333
    ],
    "Delphi": [
        22.49336,
        38.47995
    ],
    "Darátsos": [
        23.97488,
        35.49955
    ],
    "Dhafní": [
        23.73437,
        37.95002
    ],
    "Áyios Yeóryios": [
        22.93333,
        38.4
    ],
    "Áyios Vasílios": [
        23.11375,
        40.66461
    ],
    "Áyios Thomás": [
        23.58823,
        38.2814
    ],
    "Ágios Stéfanos": [
        23.85,
        38.15
    ],
    "Ágios Spyrídon": [
        22.44028,
        40.20667
    ],
    "Áyios Serafím": [
        22.7,
        38.8
    ],
    "Áyios Nikólaos": [
        23.7,
        40.25
    ],
    "Ágios Nikólaos": [
        25.71524,
        35.19106
    ],
    "Ágios Kírykos": [
        26.29444,
        37.61472
    ],
    "Ágios Efstrátios": [
        24.99167,
        39.53889
    ],
    "Ágios Dimítrios": [
        21.08333,
        39.4
    ],
    "Agios Dimitrios": [
        23.73333,
        37.93333
    ],
    "Ágios Andréas": [
        22.76667,
        37.35
    ],
    "Ágioi Déka": [
        24.96667,
        35.06667
    ],
    "Agía Varvára": [
        25.00131,
        35.13715
    ],
    "Ayía Triás": [
        22.91667,
        38.35
    ],
    "Agiásos": [
        26.37,
        39.085
    ],
    "Agía Paraskeví": [
        23.83333,
        38.01667
    ],
    "Ayía Marína": [
        23.53333,
        37.75
    ],
    "Agía Marína": [
        23.93011,
        35.51877
    ],
    "Agía Galíni": [
        24.68818,
        35.09707
    ],
    "Agiá": [
        22.76361,
        39.71778
    ],
    "Atsipópoulon": [
        24.43428,
        35.35301
    ],
    "Athens": [
        23.71622,
        37.97945
    ],
    "Athíkia": [
        22.93333,
        37.81667
    ],
    "Atalánti": [
        22.99917,
        38.65111
    ],
    "Ástros": [
        22.7303,
        37.40317
    ],
    "Astypálaia": [
        26.35,
        36.55
    ],
    "Astakós": [
        21.08135,
        38.53556
    ],
    "Ássos": [
        22.83333,
        37.93333
    ],
    "Asprópyrgos": [
        23.58333,
        38.06667
    ],
    "Asprángeloi": [
        20.72944,
        39.82222
    ],
    "Asopós": [
        22.86667,
        36.73333
    ],
    "Asopía": [
        23.5,
        38.3
    ],
    "Asíni": [
        22.86207,
        37.5454
    ],
    "Asímion": [
        25.09277,
        35.04321
    ],
    "Argyroúpoli": [
        23.75,
        37.9
    ],
    "Aryiropoúlion": [
        22.3,
        39.83333
    ],
    "Artesianón": [
        21.89472,
        39.40278
    ],
    "Árta": [
        20.98528,
        39.16056
    ],
    "Árma": [
        23.48333,
        38.35
    ],
    "Archontochórion": [
        21.03333,
        38.7
    ],
    "Archaía Olympía": [
        21.6271,
        37.64788
    ],
    "Arkhaía Kórinthos": [
        22.88257,
        37.91336
    ],
    "Arkalochóri": [
        25.26538,
        35.14634
    ],
    "Áris": [
        22,
        37.1
    ],
    "Aria": [
        22.83539,
        37.57372
    ],
    "Argostólion": [
        20.48903,
        38.18109
    ],
    "Árgos": [
        22.73333,
        37.63333
    ],
    "Argalastí": [
        23.21667,
        39.23333
    ],
    "Arfará": [
        22.03333,
        37.15
    ],
    "Aráchova": [
        22.58333,
        38.48333
    ],
    "Apollonía": [
        24.7231,
        36.97163
    ],
    "Anthiró": [
        21.45833,
        39.34722
    ],
    "Anthíli": [
        22.46667,
        38.85
    ],
    "Anógeia": [
        24.88412,
        35.29084
    ],
    "Áno Sýros": [
        24.93333,
        37.45
    ],
    "Áno Merá": [
        25.4,
        37.45
    ],
    "Áno Liósia": [
        23.7,
        38.08333
    ],
    "Áno Lekhónia": [
        23.05,
        39.33333
    ],
    "Áno Kopanákion": [
        21.81667,
        37.28333
    ],
    "Áno Kastrítsion": [
        21.83333,
        38.26667
    ],
    "Áno Kalentíni": [
        21.18528,
        39.25
    ],
    "Anoixi": [
        23.85,
        38.13333
    ],
    "Agkístri": [
        23.34634,
        37.71201
    ],
    "Angelókastro": [
        21.3,
        38.56667
    ],
    "Anéza": [
        20.92333,
        39.08667
    ],
    "Andros": [
        24.93333,
        37.83333
    ],
    "Andravída": [
        21.26936,
        37.90588
    ],
    "Antíparos": [
        25.08333,
        37.03333
    ],
    "Antimácheia": [
        27.09972,
        36.81083
    ],
    "Anávra": [
        22.55,
        39.06667
    ],
    "Anávyssos": [
        23.95,
        37.73333
    ],
    "Anatolí": [
        20.86528,
        39.63889
    ],
    "Paralía Milátou": [
        25.56642,
        35.3185
    ],
    "Anáfi": [
        25.76667,
        36.35
    ],
    "Amorgós": [
        25.9,
        36.83333
    ],
    "Ámfissa": [
        22.37306,
        38.525
    ],
    "Amfilochía": [
        21.16639,
        38.85944
    ],
    "Amfíkleia": [
        22.58333,
        38.63333
    ],
    "Ambelón": [
        22.36667,
        39.75
    ],
    "Ambelókipoi": [
        20.86667,
        37.76667
    ],
    "Ampelákia": [
        23.52445,
        37.94902
    ],
    "Maroúsi": [
        23.8,
        38.05
    ],
    "Amárynthos": [
        23.88333,
        38.4
    ],
    "Amaliáda": [
        21.35,
        37.8
    ],
    "Almyrós": [
        22.75944,
        39.18222
    ],
    "Álli Meriá": [
        22.98333,
        39.36667
    ],
    "Alivéri": [
        24.03333,
        38.41667
    ],
    "Alíartos": [
        23.1,
        38.36667
    ],
    "Alfioúsa": [
        21.53333,
        37.65
    ],
    "Akráta": [
        22.31667,
        38.15
    ],
    "Akraifnía": [
        23.21667,
        38.45
    ],
    "Acharnes": [
        23.73333,
        38.08333
    ],
    "Aíyira": [
        22.35426,
        38.14846
    ],
    "Aígio": [
        22.08194,
        38.24861
    ],
    "Aígina": [
        23.4275,
        37.74667
    ],
    "Aitolikó": [
        21.35,
        38.43333
    ],
    "Aigáleo": [
        23.68333,
        37.98333
    ],
    "Aiánteion": [
        23.46613,
        37.92278
    ],
    "Agrínio": [
        21.40778,
        38.62139
    ],
    "Agriá": [
        23.01667,
        39.33333
    ],
    "Agnanterón": [
        21.84556,
        39.48722
    ],
    "Afrátion": [
        23.68333,
        38.45
    ],
    "Adámas": [
        24.43333,
        36.73333
    ],
    "Ródos": [
        28.2225,
        36.44083
    ],
    "Néa Alikarnassós": [
        25.15895,
        35.33977
    ],
    "Kremastí": [
        28.11893,
        36.41112
    ],
    "Afántou": [
        28.16225,
        36.29354
    ],
    "Archángelos": [
        28.11487,
        36.21492
    ],
    "Lárdos": [
        28.01565,
        36.09419
    ],
    "Zipárion": [
        27.20417,
        36.875
    ],
    "Néos Oropós": [
        20.73667,
        39.15139
    ],
    "Zigós": [
        24.38333,
        41.01667
    ],
    "Akrolímni": [
        22.26389,
        40.67917
    ],
    "Giannitsá": [
        22.4075,
        40.79194
    ],
    "Gerakaroú": [
        23.21566,
        40.62666
    ],
    "Genisséa": [
        24.96667,
        41.06667
    ],
    "Xiropótamos": [
        24.1,
        41.2
    ],
    "Xinón Nerón": [
        21.61667,
        40.68333
    ],
    "Xilópolis": [
        23.17944,
        40.92713
    ],
    "Xylaganí": [
        25.42022,
        40.97437
    ],
    "Xánthi": [
        24.888,
        41.13488
    ],
    "Vrontoú": [
        22.43278,
        40.19222
    ],
    "Vólax": [
        24,
        41.31667
    ],
    "Vergína": [
        22.31361,
        40.48111
    ],
    "Véryi": [
        23.4,
        40.95
    ],
    "Véroia": [
        22.20361,
        40.52333
    ],
    "Velventós": [
        22.06306,
        40.25167
    ],
    "Vathýlakkos": [
        22.70167,
        40.76944
    ],
    "Vasiliká": [
        23.13695,
        40.47966
    ],
    "Vamvakófiton": [
        23.4,
        41.18333
    ],
    "Valtotópion": [
        23.6,
        41
    ],
    "Valterón": [
        23.31667,
        41.18333
    ],
    "Tsotílion": [
        21.31667,
        40.26667
    ],
    "Tsákoi": [
        22.03639,
        40.95861
    ],
    "Trílofon": [
        22.96785,
        40.46677
    ],
    "Tycheró": [
        26.29456,
        41.02878
    ],
    "Thessaloníki": [
        22.94389,
        40.64028
    ],
    "Thérmi": [
        23.01967,
        40.54712
    ],
    "Thásos": [
        24.70944,
        40.77806
    ],
    "Terpní": [
        23.48333,
        40.91667
    ],
    "Taxiárkhis": [
        23.51667,
        40.43333
    ],
    "Svorónos": [
        22.46,
        40.26444
    ],
    "Strimonikón": [
        23.31667,
        41.05
    ],
    "Stratónion": [
        23.82471,
        40.51406
    ],
    "Stavroúpoli": [
        22.93806,
        40.66944
    ],
    "Stavrós": [
        22.30861,
        40.58889
    ],
    "Sourotí": [
        23.09197,
        40.47274
    ],
    "Souflí": [
        26.29944,
        41.19194
    ],
    "Sosándra": [
        22.02944,
        40.99833
    ],
    "Sokhós": [
        23.35,
        40.81667
    ],
    "Smínthi": [
        24.86667,
        41.23333
    ],
    "Skoútari": [
        23.51667,
        41.01667
    ],
    "Skotoússa": [
        23.38333,
        41.13333
    ],
    "Skýdra": [
        22.15194,
        40.76722
    ],
    "Leptokaryá": [
        22.56139,
        40.05833
    ],
    "Sitagroí": [
        24.03333,
        41.11667
    ],
    "Sisamía": [
        23.41667,
        40.95
    ],
    "Síndos": [
        22.80545,
        40.67045
    ],
    "Sikiá": [
        23.93333,
        40.03333
    ],
    "Sykiés": [
        22.95083,
        40.64944
    ],
    "Sidirókastro": [
        23.38667,
        41.23472
    ],
    "Siátista": [
        21.54417,
        40.26194
    ],
    "Sfendámion": [
        22.54611,
        40.41389
    ],
    "Sevastianá": [
        22.12028,
        40.76806
    ],
    "Sérvia": [
        21.99444,
        40.17972
    ],
    "Sérres": [
        23.54972,
        41.08556
    ],
    "Sélero": [
        24.99408,
        41.13382
    ],
    "Sárti": [
        23.98333,
        40.1
    ],
    "Sápes": [
        25.69306,
        41.02861
    ],
    "Samothráki": [
        25.52222,
        40.47333
    ],
    "Rodópolis": [
        22.99833,
        41.25778
    ],
    "Rodolívos": [
        23.98333,
        40.91667
    ],
    "Rizón": [
        22.13583,
        40.73389
    ],
    "Rizómata": [
        22.20361,
        40.34722
    ],
    "Rízia": [
        26.42771,
        41.6249
    ],
    "Rizárion": [
        22.08389,
        40.78722
    ],
    "Ritíni": [
        22.28083,
        40.28694
    ],
    "Péfka": [
        22.99028,
        40.65722
    ],
    "Ptolemaḯda": [
        21.67861,
        40.51472
    ],
    "Pteléa": [
        24.18333,
        41.08333
    ],
    "Psikhikón": [
        23.63333,
        41
    ],
    "Provatás": [
        23.38333,
        41.06667
    ],
    "Próti": [
        24,
        40.95
    ],
    "Prosotsáni": [
        23.96667,
        41.18333
    ],
    "Prómachoi": [
        22,
        41.02528
    ],
    "Próchoma": [
        22.65833,
        40.79694
    ],
    "Potamiá": [
        24.72859,
        40.71633
    ],
    "Polýgyros": [
        23.43833,
        40.37444
    ],
    "Políkhronon": [
        23.52834,
        40.01657
    ],
    "Políchni": [
        22.94881,
        40.66671
    ],
    "Polýkastro": [
        22.56583,
        40.99361
    ],
    "Polykárpion": [
        22.01361,
        40.92722
    ],
    "Plagiárion": [
        22.95803,
        40.47365
    ],
    "Platý": [
        22.53534,
        40.6419
    ],
    "Platanórrevma": [
        22.02056,
        40.19667
    ],
    "Pigés": [
        24.67215,
        40.90605
    ],
    "Pylaía": [
        22.9875,
        40.60056
    ],
    "Petroússa": [
        24.01667,
        41.2
    ],
    "Petrochóri": [
        24.84092,
        41.08742
    ],
    "Peteinós": [
        24.89847,
        41.10056
    ],
    "Peristerá": [
        23.16667,
        40.55
    ],
    "Perístasis": [
        22.54111,
        40.27417
    ],
    "Peraía": [
        22.92617,
        40.49874
    ],
    "Péplos": [
        26.26577,
        40.95755
    ],
    "Pendápolis": [
        23.68333,
        41.05
    ],
    "Pentaplátanon": [
        22.40861,
        40.81667
    ],
    "Pentálofos": [
        22.85194,
        40.74167
    ],
    "Pélla": [
        22.51917,
        40.76
    ],
    "Pedinón": [
        22.86667,
        40.90889
    ],
    "Patrís": [
        22.18611,
        40.56111
    ],
    "Paranésti": [
        24.5,
        41.26667
    ],
    "Pappayiánnis": [
        21.5,
        40.83333
    ],
    "Panórama": [
        23.0315,
        40.58779
    ],
    "Axós": [
        22.35583,
        40.79889
    ],
    "Palaiokómi": [
        23.9,
        40.86667
    ],
    "Palaiokhórion": [
        24.18333,
        40.95
    ],
    "Palaífyton": [
        22.26611,
        40.78167
    ],
    "Páchni": [
        24.89438,
        41.30506
    ],
    "Ouranoupolis": [
        23.98333,
        40.33333
    ],
    "Ormília": [
        23.55,
        40.3
    ],
    "Orestiáda": [
        26.52972,
        41.50306
    ],
    "Oraiókastro": [
        22.91722,
        40.73083
    ],
    "Nisíon": [
        22.38778,
        40.63694
    ],
    "Nikóklia": [
        23.43333,
        40.93333
    ],
    "Níkiti": [
        23.66667,
        40.23333
    ],
    "Nikísiani": [
        24.15,
        40.95
    ],
    "Nigríta": [
        23.49944,
        40.90528
    ],
    "Nestório": [
        21.06222,
        40.41278
    ],
    "Néos Skopós": [
        23.61667,
        41.01667
    ],
    "Néos Mylótopos": [
        22.34639,
        40.81639
    ],
    "Néos Marmarás": [
        23.78333,
        40.1
    ],
    "Néon Soúlion": [
        23.65,
        41.1
    ],
    "Néon Rýsion": [
        22.98861,
        40.49667
    ],
    "Néon Petrítsion": [
        23.3,
        41.28333
    ],
    "Néon Agionérion": [
        22.70028,
        40.80861
    ],
    "Neochoroúda": [
        22.87611,
        40.73667
    ],
    "Neochóri": [
        26.4574,
        41.51131
    ],
    "Neokhórion": [
        23.25,
        41.18333
    ],
    "Néoi Épiváton": [
        22.90796,
        40.50296
    ],
    "Néa Zíchni": [
        23.82972,
        41.03306
    ],
    "Néa Výssa": [
        26.54318,
        41.58449
    ],
    "Néa Tríglia": [
        23.2,
        40.3
    ],
    "Néa Sánta": [
        22.92163,
        40.84084
    ],
    "Néa Potídhaia": [
        23.33333,
        40.2
    ],
    "Néa Pláyia": [
        23.2,
        40.26667
    ],
    "Néa Pélla": [
        22.48556,
        40.76611
    ],
    "Néa Ólinthos": [
        23.35,
        40.3
    ],
    "Néa Michanióna": [
        22.8613,
        40.46489
    ],
    "Néa Mesimvría": [
        22.7625,
        40.75139
    ],
    "Néa Málgara": [
        22.68167,
        40.60944
    ],
    "Néa Magnisía": [
        22.84694,
        40.6875
    ],
    "Néa Karváli": [
        24.51,
        40.96167
    ],
    "Néa Karyá": [
        24.70726,
        40.90621
    ],
    "Néa Kallikrátia": [
        23.06667,
        40.31667
    ],
    "Néa Irakleítsa": [
        24.31583,
        40.86444
    ],
    "Néa Iráklia": [
        23.26667,
        41.18333
    ],
    "Néa Fókaia": [
        23.4,
        40.13333
    ],
    "Néa Éfesos": [
        22.49639,
        40.23
    ],
    "Néa Apollonía": [
        23.45,
        40.63333
    ],
    "Mousthéni": [
        24.11667,
        40.86667
    ],
    "Mikrópolis": [
        23.8157,
        41.19351
    ],
    "Mikrón Monastírion": [
        22.54139,
        40.70583
    ],
    "Mikrókampos": [
        22.76972,
        40.83861
    ],
    "Mýki": [
        24.92084,
        41.24384
    ],
    "Mesopotamía": [
        21.16667,
        40.5
    ],
    "Mesimérion": [
        23.00594,
        40.41204
    ],
    "Meneméni": [
        22.9,
        40.65694
    ],
    "Melíti": [
        21.58333,
        40.83333
    ],
    "Melissochórion": [
        22.925,
        40.76667
    ],
    "Melíki": [
        22.39528,
        40.51667
    ],
    "Megálos Prínos": [
        24.61667,
        40.73333
    ],
    "Megáli Panayía": [
        23.68333,
        40.45
    ],
    "Mavrovoúnion": [
        22.15306,
        40.78222
    ],
    "Marína": [
        22.10083,
        40.69611
    ],
    "Maniákoi": [
        21.25,
        40.5
    ],
    "Mándalon": [
        22.20972,
        40.85833
    ],
    "Díon": [
        22.48667,
        40.17333
    ],
    "Makrochórion": [
        22.25,
        40.55139
    ],
    "Makrýgialos": [
        22.60278,
        40.41639
    ],
    "Loutrós": [
        22.39944,
        40.58833
    ],
    "Lófos": [
        22.37972,
        40.24472
    ],
    "Livádion": [
        22.15167,
        40.125
    ],
    "Livadherón": [
        21.93333,
        40.03333
    ],
    "Litóchoro": [
        22.49778,
        40.10056
    ],
    "Lití": [
        22.97861,
        40.74528
    ],
    "Limenária": [
        24.57856,
        40.62607
    ],
    "Lýkeio": [
        25.6857,
        41.06413
    ],
    "Leianovérgion": [
        22.50306,
        40.63778
    ],
    "Lagyná": [
        23,
        40.72306
    ],
    "Lávara": [
        26.38522,
        41.26957
    ],
    "Lagkadás": [
        23.06667,
        40.75
    ],
    "Lákkoma": [
        23.05,
        40.38333
    ],
    "Lagós": [
        26.46067,
        41.45102
    ],
    "Krókos": [
        21.81667,
        40.26667
    ],
    "Krithiá": [
        22.97778,
        40.84111
    ],
    "Kristóni": [
        22.85528,
        40.95556
    ],
    "Krýa Vrýsi": [
        22.30222,
        40.68722
    ],
    "Kozáni": [
        21.78639,
        40.30111
    ],
    "Kouloúra": [
        22.31806,
        40.54528
    ],
    "Koufália": [
        22.57194,
        40.77778
    ],
    "Kormísta": [
        24.05,
        40.98333
    ],
    "Korisós": [
        21.38333,
        40.5
    ],
    "Korinós": [
        22.58528,
        40.315
    ],
    "Koryfí": [
        22.5,
        40.6
    ],
    "Kopanós": [
        22.13028,
        40.63361
    ],
    "Kónitsa": [
        20.75667,
        40.04861
    ],
    "Kontariótissa": [
        22.46222,
        40.22889
    ],
    "Komotiní": [
        25.40535,
        41.11917
    ],
    "Komniná": [
        21.78333,
        40.6
    ],
    "Kolchikón": [
        23.13377,
        40.75662
    ],
    "Kolindrós": [
        22.48083,
        40.47583
    ],
    "Kokkinókhoma": [
        24.3,
        40.93333
    ],
    "Koímisis": [
        23.3,
        41.21667
    ],
    "Koíla": [
        21.78333,
        40.33333
    ],
    "Klítos": [
        21.86667,
        40.43333
    ],
    "Kleidíon": [
        22.58998,
        40.56573
    ],
    "Kítros": [
        22.57833,
        40.37556
    ],
    "Kíria": [
        24.28333,
        41.1
    ],
    "Kyprínos": [
        26.22905,
        41.57542
    ],
    "Kimméria": [
        24.93869,
        41.14788
    ],
    "Kýmina": [
        22.69111,
        40.61472
    ],
    "Kilkís": [
        22.87083,
        40.99194
    ],
    "Chrysoúpolis": [
        24.69389,
        40.98556
    ],
    "Chrysó": [
        23.65,
        41.06667
    ],
    "Chrysochóri": [
        24.71088,
        40.93328
    ],
    "Khrisokhórafa": [
        23.23333,
        41.18333
    ],
    "Chortiátis": [
        23.09963,
        40.61048
    ],
    "Khoristí": [
        24.21667,
        41.13333
    ],
    "Kharopón": [
        23.38333,
        41.26667
    ],
    "Chalkidón": [
        22.59917,
        40.73306
    ],
    "Kerkíni": [
        23.08333,
        41.21667
    ],
    "Keramotí": [
        24.70595,
        40.85591
    ],
    "Kefalóvryson": [
        20.5625,
        40.01444
    ],
    "Kavýli": [
        26.5147,
        41.56225
    ],
    "Kavallári": [
        23.04588,
        40.71539
    ],
    "Kavála": [
        24.40194,
        40.93972
    ],
    "Káto Skholárion": [
        23.03333,
        40.43333
    ],
    "Káto Nevrokópi": [
        23.86667,
        41.35
    ],
    "Káto Miléa": [
        22.33778,
        40.24833
    ],
    "Káto Loutrákion": [
        21.95,
        40.96667
    ],
    "Lipochórion": [
        22.17583,
        40.75889
    ],
    "Káto Kamíla": [
        23.48333,
        41.01667
    ],
    "Kateríni": [
        22.5025,
        40.27194
    ],
    "Kastoriá": [
        21.26667,
        40.51667
    ],
    "Kastaniés": [
        26.47676,
        41.64551
    ],
    "Kassándreia": [
        23.41667,
        40.05
    ],
    "Karperí": [
        23.3,
        41.11667
    ],
    "Karítsa": [
        22.48194,
        40.1875
    ],
    "Karyótissa": [
        22.30528,
        40.76833
    ],
    "Karyes": [
        24.24498,
        40.25715
    ],
    "Kardiá": [
        22.99442,
        40.46861
    ],
    "Kampánis": [
        22.91028,
        40.88806
    ],
    "Kamariótissa": [
        25.46667,
        40.48333
    ],
    "Kalós Agrós": [
        24.08333,
        41.1
    ],
    "Kalochórion": [
        22.8558,
        40.64121
    ],
    "Kallífitos": [
        24.21667,
        41.16667
    ],
    "Kalí Vrísi": [
        23.9,
        41.15
    ],
    "Kalívia Poliyírou": [
        23.4,
        40.28333
    ],
    "Kalývia": [
        22.21361,
        40.75611
    ],
    "Kalí": [
        22.17528,
        40.82
    ],
    "Kalampáki": [
        24.18333,
        41.05
    ],
    "Kalamariá": [
        22.95028,
        40.5825
    ],
    "Iroïkón": [
        21.48333,
        40.58333
    ],
    "Irákleia": [
        23.26667,
        41.16667
    ],
    "Ierissós": [
        23.87505,
        40.39748
    ],
    "Íasmos": [
        25.18333,
        41.13333
    ],
    "Grevená": [
        21.42744,
        40.08452
    ],
    "Gouménissa": [
        22.44417,
        40.94389
    ],
    "Gázoros": [
        23.76667,
        41.01667
    ],
    "Gallikós": [
        22.87556,
        40.85917
    ],
    "Galátista": [
        23.28333,
        40.46667
    ],
    "Galatiní": [
        21.55,
        40.31667
    ],
    "Galatádes": [
        22.27167,
        40.75444
    ],
    "Fotolívos": [
        24.06667,
        41.06667
    ],
    "Floyitá": [
        23.21667,
        40.26667
    ],
    "Flórina": [
        21.40981,
        40.78197
    ],
    "Filótas": [
        21.7,
        40.63333
    ],
    "Fillýra": [
        25.63333,
        41.11667
    ],
    "Fíliro": [
        23.0046,
        40.69151
    ],
    "Féres": [
        26.17234,
        40.89306
    ],
    "Exochí": [
        20.74028,
        40.0975
    ],
    "Exaplátanos": [
        22.125,
        40.97722
    ],
    "Evropós": [
        22.54472,
        40.89444
    ],
    "Évosmos": [
        22.90833,
        40.67056
    ],
    "Évlalo": [
        24.8,
        40.98333
    ],
    "Efkarpía": [
        22.95361,
        40.68778
    ],
    "Erátira": [
        21.51667,
        40.35
    ],
    "Episkopí": [
        22.13556,
        40.68833
    ],
    "Epanomí": [
        22.92862,
        40.42638
    ],
    "Emmanouíl Pappás": [
        23.71667,
        41.08333
    ],
    "Embórion": [
        21.55,
        40.48333
    ],
    "Eleftheroúpolis": [
        24.25139,
        40.91389
    ],
    "Elaiokhórion": [
        24.25,
        40.81667
    ],
    "Echínos": [
        24.97237,
        41.27558
    ],
    "Édessa": [
        22.04722,
        40.80056
    ],
    "Dráma": [
        24.13944,
        41.15444
    ],
    "Drosáton": [
        22.79889,
        41.16278
    ],
    "Drymós": [
        22.95472,
        40.78139
    ],
    "Didymóteicho": [
        26.49611,
        41.34806
    ],
    "Diavatós": [
        22.26694,
        40.54556
    ],
    "Néa Ioniá": [
        22.85694,
        40.68889
    ],
    "Ágios Geórgios": [
        22.19417,
        40.60111
    ],
    "Ágios Pétros": [
        22.57639,
        40.86472
    ],
    "Áyios Mámas": [
        23.33333,
        40.26667
    ],
    "Ágios Loukás": [
        22.295,
        40.71944
    ],
    "Áyios Athanásios": [
        24.25,
        41.06667
    ],
    "Ágios Athanásios": [
        22.72806,
        40.71722
    ],
    "Agíasma": [
        24.65636,
        40.90795
    ],
    "Ayía Paraskeví": [
        23.05,
        40.48333
    ],
    "Axioúpoli": [
        22.535,
        40.98361
    ],
    "Ávato": [
        24.80441,
        40.96279
    ],
    "Áthyra": [
        22.58333,
        40.82528
    ],
    "Asvestochóri": [
        23.02528,
        40.64125
    ],
    "Ássiros": [
        23.03333,
        40.81667
    ],
    "Asproválta": [
        23.7,
        40.71667
    ],
    "Askós": [
        23.38333,
        40.75
    ],
    "Arsénion": [
        22.16222,
        40.71417
    ],
    "Arrianá": [
        25.69494,
        41.08132
    ],
    "Árnissa": [
        21.83333,
        40.8
    ],
    "Arnaía": [
        23.59537,
        40.48652
    ],
    "Armenokhórion": [
        21.46085,
        40.80257
    ],
    "Arísvi": [
        25.59041,
        41.07
    ],
    "Aridaía": [
        22.05639,
        40.97306
    ],
    "Árgos Orestikó": [
        21.26667,
        40.46667
    ],
    "Aravissós": [
        22.29556,
        40.84
    ],
    "Áratos": [
        25.55186,
        41.08139
    ],
    "Ápsalos": [
        22.05444,
        40.89278
    ],
    "Áno Poróïa": [
        23.03333,
        41.28333
    ],
    "Áno Kómi": [
        21.83333,
        40.23333
    ],
    "Ángistron": [
        23.45,
        41.38333
    ],
    "Angelochórion": [
        22.19917,
        40.67833
    ],
    "Agkathiá": [
        22.47083,
        40.55583
    ],
    "Anatolikón": [
        22.71139,
        40.66306
    ],
    "Anarrákhi": [
        21.56667,
        40.48333
    ],
    "Ammokhórion": [
        21.48333,
        40.78333
    ],
    "Amisianá": [
        24.35,
        40.93333
    ],
    "Amýntaio": [
        21.68333,
        40.68333
    ],
    "Ámbeloi": [
        23.36667,
        41
    ],
    "Ampeleíai": [
        22.37861,
        40.83361
    ],
    "Alistráti": [
        23.95,
        41.06667
    ],
    "Alexandroúpoli": [
        25.87644,
        40.84995
    ],
    "Alexándreia": [
        22.44417,
        40.62667
    ],
    "Akriní": [
        21.9,
        40.43333
    ],
    "Aigínio": [
        22.54,
        40.50139
    ],
    "Aianí": [
        21.81667,
        40.16667
    ],
    "Áfitos": [
        23.43333,
        40.1
    ],
    "Ádendron": [
        22.60444,
        40.67167
    ],
    "Eirinoúpoli": [
        22.19278,
        40.67806
    ],
    "Ágios Pávlos": [
        22.95944,
        40.64056
    ],
    "Triandría": [
        22.97111,
        40.62278
    ],
    "Melíssion": [
        22.34417,
        40.77417
    ],
    "Virós": [
        19.88194,
        39.58389
    ],
    "Sinarádes": [
        19.84583,
        39.56472
    ],
    "Potamós": [
        19.87556,
        39.625
    ],
    "Kontokálion": [
        19.84944,
        39.64528
    ],
    "Kynopiástai": [
        19.8825,
        39.56944
    ],
    "Kérkyra": [
        19.91972,
        39.62
    ],
    "Káto Korakiána": [
        19.82528,
        39.68972
    ],
    "Kassiópi": [
        19.91861,
        39.78861
    ],
    "Kanálion": [
        19.8925,
        39.60556
    ],
    "Gastoúrion": [
        19.8975,
        39.56
    ],
    "Benítsai": [
        19.90722,
        39.54556
    ],
    "Ágios Matthaíos": [
        19.87306,
        39.49583
    ],
    "Alepoú": [
        19.88889,
        39.61028
    ],
    "Vrilissia": [
        23.82962,
        38.03381
    ],
    "Faliraki": [
        28.19942,
        36.33981
    ],
    "Young Inn": [
        25.23903,
        37.12282
    ],
    "Vourvourou": [
        23.78849,
        40.18648
    ],
    "Potos (Thassos)": [
        24.61349,
        40.60991
    ],
    "Agios Georgis": [
        19.69969,
        39.72363
    ],
    "Nikiti": [
        23.66661,
        40.22116
    ],
    "Pefkochori": [
        23.61288,
        39.98883
    ],
    "Nidri": [
        20.70983,
        38.70708
    ],
    "Marousi": [
        23.806,
        38.05404
    ],
    "Ymittos": [
        23.74897,
        37.95342
    ],
    "Makry-Gialos": [
        25.97219,
        35.03702
    ],
    "Ymittos Athens": [
        23.74897,
        37.95342
    ],
    "Asklipieío": [
        23.02878,
        37.58764
    ],
    "Gérakas": [
        23.8576,
        38.02277
    ],
    "Agía Kyriakí": [
        20.86811,
        39.52357
    ],
    "Agía Foteiní": [
        24.63495,
        35.25459
    ],
    "Ilioúpoli": [
        23.76779,
        37.93149
    ],
    "Korydallós": [
        23.64711,
        37.98468
    ],
    "Zográfos": [
        23.7909,
        37.97332
    ],
    "Péfki": [
        23.79264,
        38.06019
    ],
    "Ágioi Anárgyroi": [
        23.72379,
        38.03013
    ],
    "Moscháto": [
        23.68412,
        37.95478
    ],
    "Ampelókipoi": [
        22.92624,
        40.65304
    ],
    "Foúrnoi": [
        26.48069,
        37.5785
    ]
}