{
    "Puerto Cortez": [
        -87.95,
        15.83333
    ],
    "Zopilotepe": [
        -86.26667,
        14.6
    ],
    "Zamora": [
        -86.06667,
        15.63333
    ],
    "Zambrano": [
        -87.4,
        14.26667
    ],
    "Yuscarán": [
        -86.85278,
        13.94389
    ],
    "Yoro": [
        -87.12778,
        15.1375
    ],
    "Yorito": [
        -87.28333,
        15.06667
    ],
    "Yarumela": [
        -87.63333,
        14.33333
    ],
    "Yaruchel": [
        -88.81667,
        14.53333
    ],
    "Yamaranguila": [
        -88.25,
        14.28333
    ],
    "Yaguacire": [
        -87.21667,
        14.01667
    ],
    "Wawina": [
        -84.43333,
        15.41667
    ],
    "Villanueva": [
        -88,
        15.31667
    ],
    "Villa Nueva": [
        -87.13333,
        14.03333
    ],
    "Villa de San Francisco": [
        -86.96667,
        14.16667
    ],
    "Villa de San Antonio": [
        -87.61667,
        14.31667
    ],
    "Victoria": [
        -87.82625,
        15.50381
    ],
    "Veracruz": [
        -88.78333,
        14.91667
    ],
    "Valle de Ángeles": [
        -87.03333,
        14.15
    ],
    "Vallecillo": [
        -87.4,
        14.51667
    ],
    "Trujillo": [
        -85.95417,
        15.91667
    ],
    "Trojas": [
        -86.7,
        15.35
    ],
    "Trinidad de Copán": [
        -88.75,
        14.95
    ],
    "Trinidad": [
        -88.23333,
        15.13333
    ],
    "Travesía": [
        -87.9,
        15.86667
    ],
    "Tras Cerros": [
        -88.66667,
        15.3
    ],
    "Toyós": [
        -87.65,
        15.55
    ],
    "Tornabé": [
        -87.55,
        15.75
    ],
    "Tocoa": [
        -86,
        15.68333
    ],
    "Teupasenti": [
        -86.7,
        14.21667
    ],
    "Tepusteca": [
        -86.31667,
        15.41667
    ],
    "Tepanguare": [
        -87.75,
        14.33333
    ],
    "Tela": [
        -87.45,
        15.78333
    ],
    "Tegucigalpa": [
        -87.20681,
        14.0818
    ],
    "Teguajinal": [
        -86.6,
        15.36667
    ],
    "Taulabé": [
        -87.96667,
        14.7
    ],
    "Taujica": [
        -85.91667,
        15.7
    ],
    "Taragual": [
        -88.48333,
        14.75
    ],
    "Támara": [
        -87.33333,
        14.15
    ],
    "Talanga": [
        -87.08333,
        14.4
    ],
    "Sulaco": [
        -87.26667,
        14.91667
    ],
    "Sula": [
        -88.56667,
        15.25
    ],
    "Subirana": [
        -87.45,
        15.2
    ],
    "Sinuapa": [
        -89.18333,
        14.45
    ],
    "Silca": [
        -86.53333,
        14.83333
    ],
    "Siguatepeque": [
        -87.83333,
        14.6
    ],
    "Sensenti": [
        -88.93333,
        14.48333
    ],
    "Savannah Bight": [
        -85.85,
        16.45
    ],
    "Sabá": [
        -86.25,
        15.46667
    ],
    "San Vicente Centenario": [
        -88.28333,
        14.88333
    ],
    "Santiago Puringla": [
        -87.9,
        14.35
    ],
    "Santa Rosa de Copán": [
        -88.77917,
        14.76667
    ],
    "Santa Rosa de Aguán": [
        -85.71667,
        15.95
    ],
    "Santa Rita": [
        -89.1,
        14.86667
    ],
    "Santa María del Real": [
        -85.95,
        14.76667
    ],
    "Santa Lucía": [
        -87.11667,
        14.1
    ],
    "Santa Elena": [
        -88.13333,
        15.38333
    ],
    "Santa Cruz de Yojoa": [
        -87.9,
        14.98333
    ],
    "Santa Cruz": [
        -87.34833,
        13.25806
    ],
    "Santa Bárbara": [
        -88.23611,
        14.91944
    ],
    "Santa Ana de Yusguare": [
        -87.11389,
        13.30056
    ],
    "Santa Ana": [
        -87.27139,
        13.93167
    ],
    "San Sebastián": [
        -87.63333,
        14.25
    ],
    "San Pedro Zacapa": [
        -88.11667,
        14.75
    ],
    "San Pedro Sula": [
        -88.025,
        15.50417
    ],
    "San Pedro de Tutule": [
        -87.85,
        14.25
    ],
    "San Nicolás": [
        -86.25,
        14.55
    ],
    "San Matías": [
        -86.63333,
        13.98333
    ],
    "San Marcos de Colón": [
        -86.8,
        13.43333
    ],
    "San Marcos": [
        -88.95,
        14.4
    ],
    "San Manuel": [
        -87.91667,
        15.33333
    ],
    "San Luis de Planes": [
        -88.13333,
        14.98333
    ],
    "San Luis": [
        -87.41667,
        14.75
    ],
    "San Lucas": [
        -86.95,
        13.73333
    ],
    "San Lorenzo": [
        -87.44722,
        13.42417
    ],
    "San Juan Pueblo": [
        -87.23333,
        15.58333
    ],
    "San Juan de Planes": [
        -88.78333,
        14.93333
    ],
    "San Juan de Opoa": [
        -88.7,
        14.78333
    ],
    "San Juan de Flores": [
        -87.03333,
        14.26667
    ],
    "San José de Tarros": [
        -88.7,
        15.3
    ],
    "San José de Río Tinto": [
        -85.7,
        14.93333
    ],
    "San José del Potrero": [
        -87.28333,
        14.83333
    ],
    "San José del Boquerón": [
        -87.86667,
        15.48333
    ],
    "San José de Copán": [
        -88.71667,
        14.9
    ],
    "San José de Comayagua": [
        -88.03333,
        14.73333
    ],
    "San José de Colinas": [
        -88.3,
        15.03333
    ],
    "San José": [
        -87.95,
        14.25
    ],
    "San Joaquín": [
        -88.9,
        15.05
    ],
    "San Jerónimo": [
        -87.13639,
        13.17667
    ],
    "San Ignacio": [
        -87.03333,
        14.65
    ],
    "San Francisco de Yojoa": [
        -87.96667,
        15.01667
    ],
    "San Francisco del Valle": [
        -88.95,
        14.43333
    ],
    "San Francisco de la Paz": [
        -86.2,
        14.9
    ],
    "San Francisco de Coray": [
        -87.53278,
        13.66139
    ],
    "San Francisco de Cones": [
        -88.9,
        14.51667
    ],
    "San Francisco de Becerra": [
        -86.1,
        14.63333
    ],
    "San Francisco": [
        -87.05,
        15.65
    ],
    "San Fernando": [
        -89.11667,
        14.68333
    ],
    "San Esteban": [
        -85.75,
        15.2
    ],
    "Sandy Bay": [
        -86.56446,
        16.32923
    ],
    "San Diego": [
        -86.46667,
        14.05
    ],
    "San Buenaventura": [
        -88,
        15.01667
    ],
    "San Antonio del Norte": [
        -87.70306,
        13.88444
    ],
    "San Antonio de la Cuesta": [
        -87.6,
        14.63333
    ],
    "San Antonio de Cortés": [
        -88.03333,
        15.11667
    ],
    "San Antonio": [
        -87.15,
        15.33333
    ],
    "San Agustín": [
        -88.93333,
        14.81667
    ],
    "Sambo Creek": [
        -86.68333,
        15.81667
    ],
    "Salamá": [
        -86.58333,
        14.83333
    ],
    "Sabanagrande": [
        -87.25917,
        13.80778
    ],
    "Roatán": [
        -86.53656,
        16.32437
    ],
    "Río Lindo": [
        -87.98333,
        15.03333
    ],
    "Río Esteban": [
        -86.3,
        15.83333
    ],
    "Río Chiquito": [
        -88.25,
        15.63333
    ],
    "Río Bonito": [
        -87.88333,
        14.76667
    ],
    "Río Blanquito": [
        -87.9,
        15.73333
    ],
    "Río Abajo": [
        -87.21667,
        14.16667
    ],
    "Reitoca": [
        -87.46528,
        13.82583
    ],
    "Quimistán": [
        -88.4,
        15.35
    ],
    "Quezailica": [
        -88.73333,
        14.88333
    ],
    "Quebrada Seca": [
        -87.95,
        15.66667
    ],
    "Quebradas": [
        -87.35,
        14.5
    ],
    "Quebrada Larga": [
        -86.36667,
        14.1
    ],
    "Quebrada de Arena": [
        -85.91667,
        15.76667
    ],
    "Punuare": [
        -85.96667,
        14.73333
    ],
    "Punta Piedra": [
        -85.28333,
        15.9
    ],
    "Punta Ocote": [
        -87.28333,
        15.2
    ],
    "Puerto Lempira": [
        -83.77222,
        15.26667
    ],
    "Puerto Castilla": [
        -85.96667,
        16.01667
    ],
    "Puerto Alto": [
        -87.86667,
        15.7
    ],
    "Pueblo Nuevo": [
        -88.75,
        15
    ],
    "Protección": [
        -88.65,
        15.03333
    ],
    "Prieta": [
        -86.18333,
        15.58333
    ],
    "Potrerillos": [
        -87.86667,
        14.55
    ],
    "Pinalejo": [
        -88.4,
        15.38333
    ],
    "Pimienta Vieja": [
        -87.96667,
        15.23333
    ],
    "Petoa": [
        -88.28333,
        15.26667
    ],
    "Pespire": [
        -87.36167,
        13.59222
    ],
    "Peña Blanca": [
        -88.05,
        15.53333
    ],
    "Paujiles": [
        -87.35,
        15.1
    ],
    "Paptalaya": [
        -84.31667,
        15.5
    ],
    "Oropolí": [
        -86.81667,
        13.81667
    ],
    "Oropéndolas": [
        -87.93333,
        15.01667
    ],
    "Orocuina": [
        -87.105,
        13.48167
    ],
    "Orica": [
        -86.95,
        14.7
    ],
    "Omoa": [
        -88.03333,
        15.76667
    ],
    "Olanchito": [
        -86.56667,
        15.5
    ],
    "Ojos de Agua": [
        -87.93333,
        14.6
    ],
    "Ojojona": [
        -87.29583,
        13.93389
    ],
    "Ojo de Agua": [
        -86.35,
        14.01667
    ],
    "Ocote Paulino": [
        -87.6,
        15.41667
    ],
    "Nuevo Chamelecón": [
        -88.01667,
        15.38333
    ],
    "Nueva Ocotepeque": [
        -89.18333,
        14.43333
    ],
    "Nueva Jalapa": [
        -88.33333,
        14.91667
    ],
    "Nueva Esperanza": [
        -87.6,
        15.26667
    ],
    "Nueva Armenia": [
        -86.49845,
        15.79556
    ],
    "Nombre de Jesús": [
        -86.68333,
        15.35
    ],
    "Naranjito": [
        -88.68333,
        14.95
    ],
    "Namasigüe": [
        -87.13889,
        13.20472
    ],
    "Naco": [
        -88.18333,
        15.38333
    ],
    "Nacaome": [
        -87.4875,
        13.53611
    ],
    "Morocelí": [
        -86.86667,
        14.11667
    ],
    "Morazán": [
        -87.6,
        15.31667
    ],
    "Monterrey": [
        -87.88333,
        15.58333
    ],
    "Monjarás": [
        -87.37417,
        13.20056
    ],
    "Mojimán": [
        -87.6,
        15.26667
    ],
    "Minas de Oro": [
        -87.35,
        14.8
    ],
    "Mezapa": [
        -87.65,
        15.58333
    ],
    "Mateo": [
        -87.31667,
        14.08333
    ],
    "Mata de Plátano": [
        -87.28333,
        14.6
    ],
    "Marcovia": [
        -87.30972,
        13.28806
    ],
    "Marcala": [
        -88.03333,
        14.15
    ],
    "Marale": [
        -87.15,
        14.88333
    ],
    "Manto": [
        -86.38333,
        14.91667
    ],
    "Mangulile": [
        -86.8,
        15.06667
    ],
    "Lucerna": [
        -88.93333,
        14.55
    ],
    "Los Tangos": [
        -88.68333,
        15.15
    ],
    "Los Planes": [
        -88.01667,
        14.05
    ],
    "Los Naranjos": [
        -88.05,
        14.9
    ],
    "Los Llanitos": [
        -87.33444,
        13.28694
    ],
    "Los Caminos": [
        -87.96667,
        14.95
    ],
    "Lomitas": [
        -87.21667,
        15.1
    ],
    "Loma Alta": [
        -88.55972,
        15.39667
    ],
    "Liure": [
        -87.09194,
        13.53583
    ],
    "Lepaterique": [
        -87.46667,
        14.06667
    ],
    "Lepaera": [
        -88.58333,
        14.78333
    ],
    "Lejamaní": [
        -87.7,
        14.36667
    ],
    "La Zumbadora": [
        -88.9,
        15.01667
    ],
    "La Virtud": [
        -88.7,
        14.05
    ],
    "La Unión": [
        -88.4,
        14.81667
    ],
    "La Trinidad": [
        -87.2,
        15.1
    ],
    "Las Vegas": [
        -88.06667,
        14.86667
    ],
    "Las Trojes": [
        -85.98333,
        14.06667
    ],
    "Las Tejeras": [
        -88.6,
        14.8
    ],
    "Las Lajas": [
        -87.75,
        14.78333
    ],
    "San José de Las Conchas": [
        -87.39556,
        13.32528
    ],
    "La Sarrosa": [
        -87.83333,
        15.23333
    ],
    "Las Ánimas": [
        -86.56667,
        14.25
    ],
    "La Sabana": [
        -87.93333,
        15.36667
    ],
    "La Rosa": [
        -87.06667,
        15.35
    ],
    "La Playona": [
        -88.98333,
        15.11667
    ],
    "La Paz": [
        -87.67917,
        14.31944
    ],
    "Langue": [
        -87.6525,
        13.62083
    ],
    "La Mina": [
        -87.83333,
        15.31667
    ],
    "La Masica": [
        -87.11667,
        15.61667
    ],
    "Lamaní": [
        -87.61667,
        14.2
    ],
    "La Lima": [
        -87.91667,
        15.43333
    ],
    "La Libertad": [
        -87.61667,
        14.75
    ],
    "La Labor": [
        -89,
        14.48333
    ],
    "La Jutosa": [
        -88,
        15.63333
    ],
    "La Huesa": [
        -87.88333,
        15.58333
    ],
    "Laguna Verde": [
        -88.16667,
        15.2
    ],
    "Laguna Seca": [
        -86.1,
        14.7
    ],
    "La Guata": [
        -86.38333,
        15.08333
    ],
    "La Guama": [
        -87.93333,
        14.88333
    ],
    "La Guacamaya": [
        -87.8,
        15.25
    ],
    "La Flecha": [
        -88.48333,
        15.28333
    ],
    "La Estancia": [
        -86.35,
        15.05
    ],
    "La Esperanza": [
        -88.18056,
        14.31111
    ],
    "La Ermita": [
        -87.06667,
        14.46667
    ],
    "La Entrada": [
        -88.73333,
        15.05
    ],
    "La Encarnación": [
        -89.08333,
        14.66667
    ],
    "La Criba": [
        -87.41333,
        13.45361
    ],
    "La Concepción": [
        -86.23333,
        14.7
    ],
    "La Ceiba": [
        -86.78221,
        15.75971
    ],
    "La Brea": [
        -85.96667,
        15.8
    ],
    "Jutiquile": [
        -86.08333,
        14.71667
    ],
    "Juticalpa": [
        -86.21944,
        14.66667
    ],
    "Jutiapa": [
        -86.4,
        13.98333
    ],
    "Joconal": [
        -88.63556,
        15.35444
    ],
    "Jocón": [
        -86.96667,
        15.28333
    ],
    "Jiquinlaca": [
        -88.35,
        14
    ],
    "Jícaro Galán": [
        -87.43889,
        13.53167
    ],
    "Jesús de Otoro": [
        -87.98333,
        14.48333
    ],
    "Jericó": [
        -85.96667,
        15.95
    ],
    "Jamalteca": [
        -87.58333,
        14.7
    ],
    "Jacaleapa": [
        -86.66667,
        14.01667
    ],
    "Iralaya": [
        -83.23333,
        15
    ],
    "Intibucá": [
        -88.16667,
        14.31667
    ],
    "Ilama": [
        -88.21667,
        15.06667
    ],
    "Güinope": [
        -86.93333,
        13.88333
    ],
    "Guayape": [
        -86.83333,
        14.71667
    ],
    "Guarizama": [
        -86.33333,
        14.91667
    ],
    "Guanaja": [
        -85.9,
        16.4
    ],
    "Gualjoco": [
        -88.23333,
        14.95
    ],
    "Gualaco": [
        -86.05,
        15.05
    ],
    "Guaimitas": [
        -87.71667,
        15.5
    ],
    "Guaimaca": [
        -86.81667,
        14.53333
    ],
    "Guacamaya": [
        -88.15,
        15.01667
    ],
    "Gracias": [
        -88.58194,
        14.59028
    ],
    "Goascorán": [
        -87.61667,
        13.58333
    ],
    "French Harbor": [
        -86.43333,
        16.35
    ],
    "Francia": [
        -85.58333,
        15.85
    ],
    "Florida": [
        -88.83333,
        15.03333
    ],
    "Flores": [
        -87.56667,
        14.28333
    ],
    "Esquías": [
        -87.36667,
        14.73333
    ],
    "Erandique": [
        -88.46667,
        14.23333
    ],
    "El Zapotal del Norte": [
        -88.05,
        15.51667
    ],
    "El Tular": [
        -87.51528,
        13.46639
    ],
    "El Triunfo de la Cruz": [
        -87.43333,
        15.76667
    ],
    "El Triunfo": [
        -87,
        13.11667
    ],
    "El Tránsito": [
        -88.91667,
        14.38333
    ],
    "El Tigre": [
        -87.98333,
        14.93333
    ],
    "El Terrero": [
        -87.06667,
        14.06667
    ],
    "El Tablón": [
        -87.16667,
        14.03333
    ],
    "El Suyatal": [
        -87.21667,
        14.51667
    ],
    "El Socorro": [
        -87.91667,
        14.63333
    ],
    "El Sauce": [
        -87.66667,
        14.53333
    ],
    "El Rusio": [
        -86.36667,
        14.46667
    ],
    "El Rosario": [
        -87.76667,
        14.8
    ],
    "El Rincón": [
        -87.93333,
        14.58333
    ],
    "El Rancho": [
        -87.5,
        14.68333
    ],
    "El Puente": [
        -87.11667,
        13.28333
    ],
    "El Progreso": [
        -87.8,
        15.4
    ],
    "El Porvenir": [
        -87.34583,
        13.76167
    ],
    "El Plan": [
        -87.96667,
        15.28333
    ],
    "El Pino": [
        -86.93333,
        15.7
    ],
    "El Perico": [
        -88.1,
        15.08333
    ],
    "El Pedernal": [
        -87.11667,
        14.7
    ],
    "El Paraíso": [
        -86.55,
        13.86667
    ],
    "El Olivar": [
        -87.88333,
        15.08333
    ],
    "El Ocotón": [
        -88.88333,
        15.03333
    ],
    "El Ocote": [
        -86.56667,
        15.41667
    ],
    "El Obraje": [
        -87.13083,
        13.15417
    ],
    "El Níspero": [
        -88.33333,
        14.76667
    ],
    "El Negrito": [
        -87.7,
        15.31667
    ],
    "El Mochito": [
        -88.08333,
        14.86667
    ],
    "El Milagro": [
        -87.96667,
        15.4
    ],
    "El Marañón": [
        -88.05,
        15.4
    ],
    "El Lolo": [
        -87.26667,
        14.11667
    ],
    "El Llano": [
        -87.88333,
        15.15
    ],
    "El Juncal": [
        -86.43333,
        15.45
    ],
    "Elíxir": [
        -86.3,
        15.48333
    ],
    "El Guayabito": [
        -86.03333,
        14.83333
    ],
    "El Guapinol": [
        -87.46667,
        13.76667
    ],
    "El Guantillo": [
        -87.3,
        14.6
    ],
    "El Guante": [
        -87.1,
        14.55
    ],
    "El Escaño de Tepale": [
        -87.06667,
        14.75
    ],
    "El Escanito": [
        -87.1,
        14.66667
    ],
    "El Cubolero": [
        -87.66667,
        13.46667
    ],
    "El Corpus": [
        -88.91667,
        14.7
    ],
    "Corpus": [
        -87.03472,
        13.28889
    ],
    "El Corozal": [
        -88.61667,
        15.06667
    ],
    "El Ciruelo": [
        -88.5,
        15.3
    ],
    "El Chimbo": [
        -87.11667,
        14.13333
    ],
    "El Chichicaste": [
        -86.3,
        14.06667
    ],
    "El Benque": [
        -86.46667,
        14.03333
    ],
    "El Bálsamo": [
        -87.46667,
        15.06667
    ],
    "El Agua Dulcita": [
        -87.75,
        14.7
    ],
    "El Achiotal": [
        -88.75,
        14.08333
    ],
    "Duyure": [
        -86.81667,
        13.63333
    ],
    "Dulce Nombre de Culmí": [
        -85.53333,
        15.1
    ],
    "Dulce Nombre": [
        -88.83333,
        14.85
    ],
    "Dolores": [
        -88.83333,
        14.86667
    ],
    "Danlí": [
        -86.58333,
        14.03333
    ],
    "Cuyamel": [
        -88.2,
        15.66667
    ],
    "Cuyalí": [
        -86.55,
        13.88333
    ],
    "Cusuna": [
        -85.23333,
        15.85
    ],
    "Cucuyagua": [
        -88.86667,
        14.65
    ],
    "Coyoles Central": [
        -86.66667,
        15.4
    ],
    "Correderos": [
        -88.45,
        15.41667
    ],
    "Corquín": [
        -88.86667,
        14.56667
    ],
    "Corozal": [
        -86.71667,
        15.8
    ],
    "Corocito": [
        -85.78333,
        15.75
    ],
    "Copán": [
        -89.15,
        14.83333
    ],
    "Concordia": [
        -86.65,
        14.61667
    ],
    "Concepción del Sur": [
        -88.16667,
        14.8
    ],
    "Concepción de la Barranca": [
        -88.71667,
        15.16667
    ],
    "Concepción de Guasistagua": [
        -87.65,
        14.6
    ],
    "Comayagua": [
        -87.6375,
        14.45139
    ],
    "Cololaca": [
        -88.88333,
        14.3
    ],
    "Cofradía": [
        -87.18333,
        14.21667
    ],
    "Chotepe": [
        -87.98333,
        15.41667
    ],
    "Ciudad Choluteca": [
        -87.19083,
        13.30028
    ],
    "Choloma": [
        -87.95302,
        15.61444
    ],
    "Chivana": [
        -87.98333,
        15.75
    ],
    "Chalmeca": [
        -88.68333,
        15.1
    ],
    "Cerro Grande": [
        -87.25,
        13.81667
    ],
    "Cerro Blanco": [
        -87.78333,
        14.66667
    ],
    "Ceguaca": [
        -88.2,
        14.8
    ],
    "Cedros": [
        -87.11667,
        14.6
    ],
    "Casa Quemada": [
        -88.08333,
        15.11667
    ],
    "Carbajales": [
        -86.35,
        15.51667
    ],
    "Cane": [
        -87.66667,
        14.28333
    ],
    "Cañaveral": [
        -88.01667,
        14.98333
    ],
    "Campamento": [
        -86.65,
        14.55
    ],
    "Camasca": [
        -88.38333,
        14
    ],
    "Camalote": [
        -88.33333,
        15.33333
    ],
    "Callejones": [
        -88.65,
        15.16667
    ],
    "Buenos Aires": [
        -88.96667,
        15.03333
    ],
    "Brus Laguna": [
        -84.48333,
        15.75
    ],
    "Bonito Oriental": [
        -85.73559,
        15.74765
    ],
    "Berlín": [
        -88.5,
        14.83333
    ],
    "Belén Gualcho": [
        -88.8,
        14.48333
    ],
    "Bejuco": [
        -87.93333,
        15.13333
    ],
    "Barra Patuca": [
        -84.28333,
        15.8
    ],
    "Baracoa": [
        -87.85,
        15.76667
    ],
    "Bálsamo Oriental": [
        -86.33333,
        15.48333
    ],
    "Baja Mar": [
        -87.85,
        15.88333
    ],
    "Azacualpa": [
        -88.1,
        14.71667
    ],
    "Ayapa": [
        -87.15,
        15.1
    ],
    "Auka": [
        -83.83333,
        14.93333
    ],
    "Auas": [
        -84.33333,
        15.48333
    ],
    "Atima": [
        -88.48333,
        14.93333
    ],
    "Atenas de San Cristóbal": [
        -87.31667,
        15.68333
    ],
    "Armenta": [
        -88.05,
        15.5
    ],
    "Armenia": [
        -86.36667,
        15.46667
    ],
    "Arizona": [
        -87.31667,
        15.63333
    ],
    "Arimís": [
        -86,
        14.78333
    ],
    "Arenal": [
        -86.83333,
        15.35
    ],
    "Araulí": [
        -86.55,
        13.95
    ],
    "Aramecina": [
        -87.71028,
        13.74222
    ],
    "Arada": [
        -88.3,
        14.85
    ],
    "Antigua Ocotepeque": [
        -89.2,
        14.4
    ],
    "Amapala": [
        -87.65389,
        13.29222
    ],
    "La Alianza": [
        -87.72444,
        13.51222
    ],
    "Ajuterique": [
        -87.7,
        14.38333
    ],
    "Aguas del Padre": [
        -87.88333,
        14.56667
    ],
    "Agualote": [
        -88.55306,
        15.33528
    ],
    "Agua Fría": [
        -87.55111,
        13.46889
    ],
    "Agua Caliente": [
        -88.81667,
        14.88333
    ],
    "Agua Blanca Sur": [
        -87.88333,
        15.25
    ],
    "Agua Azul Rancho": [
        -87.95,
        14.9
    ],
    "Agua Azul": [
        -87.96667,
        14.91667
    ],
    "Agalteca": [
        -87.26667,
        14.45
    ],
    "Texíguat": [
        -87.0225,
        13.64972
    ]
}