{
    "Vranjic": [
        16.46667,
        43.53333
    ],
    "Županja": [
        18.6975,
        45.0775
    ],
    "Žrnovo": [
        17.11417,
        42.95111
    ],
    "Žrnovnica": [
        16.55917,
        43.52111
    ],
    "Zlatar": [
        16.07083,
        46.09417
    ],
    "Ždralovi": [
        16.875,
        45.87639
    ],
    "Zdenci": [
        17.95028,
        45.58917
    ],
    "Zaton": [
        15.82528,
        43.78944
    ],
    "Zaprešić": [
        15.80778,
        45.85639
    ],
    "Dubrava": [
        16.53751,
        45.83777
    ],
    "Zagreb": [
        15.97798,
        45.81444
    ],
    "Zadvorsko": [
        15.91667,
        45.73333
    ],
    "Zadar": [
        15.24222,
        44.11972
    ],
    "Zabok": [
        15.915,
        46.02944
    ],
    "Vukovar": [
        18.99972,
        45.34333
    ],
    "Vuka": [
        18.505,
        45.43389
    ],
    "Vrsi": [
        15.2325,
        44.26472
    ],
    "Vrsar": [
        13.60528,
        45.14917
    ],
    "Vrpolje": [
        18.40556,
        45.21056
    ],
    "Vrgorac": [
        17.37111,
        43.20583
    ],
    "Gvozd": [
        15.88056,
        45.35028
    ],
    "Vrbovsko": [
        15.07833,
        45.36861
    ],
    "Vrbovec": [
        16.42167,
        45.88333
    ],
    "Vrbova": [
        17.57778,
        45.21861
    ],
    "Vrbanja": [
        18.92722,
        44.98139
    ],
    "Vratišinec": [
        16.45778,
        46.47806
    ],
    "Voloder": [
        16.67889,
        45.54806
    ],
    "Vojnić": [
        15.69861,
        45.32361
    ],
    "Vodnjan": [
        13.85167,
        44.95944
    ],
    "Vođinci": [
        18.60972,
        45.27556
    ],
    "Vodice": [
        15.78278,
        43.76083
    ],
    "Voćin": [
        17.54778,
        45.61778
    ],
    "Vladislavci": [
        18.57417,
        45.45944
    ],
    "Višnjevac": [
        18.61389,
        45.56861
    ],
    "Viškovci": [
        18.46222,
        45.345
    ],
    "Vis": [
        16.18306,
        43.06194
    ],
    "Virovitica": [
        17.38389,
        45.83194
    ],
    "Virje": [
        16.99,
        46.06722
    ],
    "Vir": [
        15.08528,
        44.30306
    ],
    "Vinkovci": [
        18.80472,
        45.28833
    ],
    "Vinica": [
        16.14944,
        46.33611
    ],
    "Vinež": [
        14.10694,
        45.09806
    ],
    "Viljevo": [
        18.06306,
        45.75139
    ],
    "Vetovo": [
        17.79444,
        45.41611
    ],
    "Velimirovac": [
        18.10944,
        45.52361
    ],
    "Veliki Grđevac": [
        17.0475,
        45.75028
    ],
    "Veliki Drvenik": [
        16.15,
        43.45
    ],
    "Velika Gorica": [
        16.07556,
        45.7125
    ],
    "Velika": [
        17.66139,
        45.45444
    ],
    "Vela Luka": [
        16.7225,
        42.96333
    ],
    "Varaždin": [
        16.33778,
        46.30444
    ],
    "Valpovo": [
        18.41861,
        45.66083
    ],
    "Umag": [
        13.52389,
        45.43139
    ],
    "Ugljan": [
        15.10306,
        44.13083
    ],
    "Tužno": [
        16.235,
        46.25667
    ],
    "Turopolje": [
        16.14361,
        45.64944
    ],
    "Turjaci": [
        16.66917,
        43.65
    ],
    "Turanj": [
        15.41139,
        43.97111
    ],
    "Tučepi": [
        17.05444,
        43.27222
    ],
    "Trpinja": [
        18.89917,
        45.41917
    ],
    "Trogir": [
        16.25167,
        43.5125
    ],
    "Trnovec": [
        16.31194,
        46.38583
    ],
    "Trilj": [
        16.72417,
        43.61833
    ],
    "Tribunj": [
        15.74444,
        43.75547
    ],
    "Tovarnik": [
        19.15194,
        45.165
    ],
    "Tijesno": [
        15.64333,
        43.80417
    ],
    "Tenja": [
        18.74722,
        45.49806
    ],
    "Supetarska Draga": [
        14.72472,
        44.7975
    ],
    "Supetar": [
        16.55083,
        43.38417
    ],
    "Sunja": [
        16.56694,
        45.365
    ],
    "Suhopolje": [
        17.49917,
        45.79972
    ],
    "Strmec": [
        15.91667,
        45.7
    ],
    "Strizivojna": [
        18.42389,
        45.22611
    ],
    "Strahoninec": [
        16.415,
        46.36889
    ],
    "Ston": [
        17.69639,
        42.83861
    ],
    "Stobreč": [
        16.52222,
        43.5025
    ],
    "Štitar": [
        18.64028,
        45.09556
    ],
    "Starigrad": [
        16.59528,
        43.18472
    ],
    "Srinjine": [
        16.6,
        43.48333
    ],
    "Sračinec": [
        16.27889,
        46.32944
    ],
    "Split": [
        16.43915,
        43.50891
    ],
    "Špišić-Bukovica": [
        17.29944,
        45.85722
    ],
    "Soljani": [
        18.97028,
        44.95028
    ],
    "Solin": [
        16.49314,
        43.5432
    ],
    "Šodolovci": [
        18.62028,
        45.4
    ],
    "Smokvica": [
        16.89639,
        42.93056
    ],
    "Slunj": [
        15.58944,
        45.11083
    ],
    "Slobodnica": [
        17.93278,
        45.16222
    ],
    "Slavonski Brod": [
        18.01556,
        45.16028
    ],
    "Požega": [
        17.68528,
        45.34028
    ],
    "Slakovci": [
        18.95028,
        45.22472
    ],
    "Škrljevo": [
        14.51833,
        45.33
    ],
    "Sisak": [
        16.37833,
        45.46611
    ],
    "Sirač": [
        17.255,
        45.52333
    ],
    "Sinj": [
        16.63944,
        43.70361
    ],
    "Sikirevci": [
        18.46444,
        45.10889
    ],
    "Sigetec": [
        16.93583,
        46.18833
    ],
    "Sibinj": [
        17.90806,
        45.19167
    ],
    "Šibenik": [
        15.90583,
        43.72722
    ],
    "Sesvete": [
        16.11639,
        45.83111
    ],
    "Šenkovec": [
        16.42167,
        46.40889
    ],
    "Senj": [
        14.90583,
        44.98944
    ],
    "Semeljci": [
        18.54361,
        45.36056
    ],
    "Selnica": [
        16.03917,
        46.02333
    ],
    "Selce": [
        14.72111,
        45.15639
    ],
    "Sarvaš": [
        18.8375,
        45.52722
    ],
    "Samobor": [
        15.71806,
        45.80306
    ],
    "Sali": [
        15.16333,
        43.93972
    ],
    "Runović": [
        17.23667,
        43.37667
    ],
    "Rude": [
        15.66667,
        45.76667
    ],
    "Rubeši": [
        14.34806,
        45.36694
    ],
    "Rovišće": [
        16.735,
        45.94472
    ],
    "Rovinj": [
        13.64,
        45.08
    ],
    "Rokovci": [
        18.74389,
        45.23111
    ],
    "Rogoznica": [
        15.97,
        43.52472
    ],
    "Rijeka": [
        14.40917,
        45.34306
    ],
    "Rezovac": [
        17.41667,
        45.78333
    ],
    "Retkovci": [
        18.65306,
        45.23333
    ],
    "Rešetari": [
        17.46306,
        45.25639
    ],
    "Repušnica": [
        16.73083,
        45.49278
    ],
    "Remetinec": [
        16.32778,
        46.18528
    ],
    "Reka": [
        16.76694,
        46.13028
    ],
    "Ražanac": [
        15.34806,
        44.28194
    ],
    "Raša": [
        14.07889,
        45.08028
    ],
    "Rakitje": [
        15.82222,
        45.79389
    ],
    "Radoboj": [
        15.92361,
        46.16639
    ],
    "Rabac": [
        14.1575,
        45.07944
    ],
    "Punat": [
        14.62889,
        45.01472
    ],
    "Pula": [
        13.84806,
        44.86833
    ],
    "Privlaka": [
        15.11972,
        44.26333
    ],
    "Primošten": [
        15.92722,
        43.58694
    ],
    "Pridraga": [
        15.56667,
        44.16667
    ],
    "Pribislavec": [
        16.4825,
        46.3925
    ],
    "Prelog": [
        16.61556,
        46.335
    ],
    "Preko": [
        15.1875,
        44.08111
    ],
    "Pregrada": [
        15.75083,
        46.16417
    ],
    "Predavac": [
        16.78333,
        45.93583
    ],
    "Postire": [
        16.63222,
        43.37639
    ],
    "Posedarje": [
        15.47667,
        44.21361
    ],
    "Poreč": [
        13.59389,
        45.22583
    ],
    "Poličnik": [
        15.37556,
        44.17806
    ],
    "Polača": [
        15.5175,
        44.01833
    ],
    "Pojatno": [
        15.80056,
        45.905
    ],
    "Podvinje": [
        18.02694,
        45.19028
    ],
    "Podturen": [
        16.54306,
        46.46472
    ],
    "Podstrana": [
        16.58333,
        43.48333
    ],
    "Slatina": [
        17.70278,
        45.70333
    ],
    "Podhum": [
        14.47944,
        45.38722
    ],
    "Jezerce": [
        15.62028,
        44.8825
    ],
    "Pleternica": [
        17.80639,
        45.28861
    ],
    "Plaški": [
        15.36806,
        45.07639
    ],
    "Pitomača": [
        17.22944,
        45.95056
    ],
    "Piškorevci": [
        18.40417,
        45.25528
    ],
    "Pirovac": [
        15.67278,
        43.81917
    ],
    "Petrinja": [
        16.29,
        45.4375
    ],
    "Petrijevci": [
        18.53528,
        45.61278
    ],
    "Petrijanec": [
        16.225,
        46.34917
    ],
    "Peteranec": [
        16.89167,
        46.19222
    ],
    "Peklenica": [
        16.47611,
        46.49528
    ],
    "Pazin": [
        13.93667,
        45.24028
    ],
    "Palovec": [
        16.54778,
        46.38889
    ],
    "Pakrac": [
        17.18889,
        45.43639
    ],
    "Pakoštane": [
        15.50889,
        43.91222
    ],
    "Pag": [
        15.0575,
        44.445
    ],
    "Ozalj": [
        15.46194,
        45.60667
    ],
    "Ovčara": [
        18.5675,
        45.50667
    ],
    "Otok": [
        16.73833,
        43.69139
    ],
    "Otočac": [
        15.2375,
        44.86944
    ],
    "Oštarije": [
        15.27333,
        45.22472
    ],
    "Osijek": [
        18.69389,
        45.55111
    ],
    "Osekovo": [
        16.61667,
        45.51639
    ],
    "Oroslavje": [
        15.91139,
        46.00278
    ],
    "Oriovac": [
        17.76,
        45.16611
    ],
    "Orehovica": [
        16.50694,
        46.33167
    ],
    "Orebić": [
        17.17472,
        42.98556
    ],
    "Orahovica": [
        17.88472,
        45.54
    ],
    "Opuzen": [
        17.56556,
        43.01528
    ],
    "Opatija": [
        14.30833,
        45.33917
    ],
    "Omišalj": [
        14.55639,
        45.20889
    ],
    "Omiš": [
        16.68861,
        43.44472
    ],
    "Okučani": [
        17.20167,
        45.25833
    ],
    "Ogulin": [
        15.22861,
        45.26611
    ],
    "Odra": [
        16,
        45.73333
    ],
    "Obrovac": [
        15.68222,
        44.20056
    ],
    "Nuštar": [
        18.84139,
        45.3325
    ],
    "Novska": [
        16.97694,
        45.34056
    ],
    "Novoselec": [
        16.53639,
        45.6525
    ],
    "Novi Vinodolski": [
        14.78889,
        45.12806
    ],
    "Novigrad": [
        13.55806,
        45.315
    ],
    "Novalja": [
        14.88667,
        44.55778
    ],
    "Nova Gradiška": [
        17.38306,
        45.255
    ],
    "Njivice": [
        14.53861,
        45.15806
    ],
    "Nin": [
        15.18333,
        44.23333
    ],
    "Nijemci": [
        19.03556,
        45.14028
    ],
    "Negoslavci": [
        18.99667,
        45.27944
    ],
    "Nedeljanec": [
        16.28333,
        46.28778
    ],
    "Nedelišće": [
        16.3875,
        46.37583
    ],
    "Našice": [
        18.08778,
        45.48861
    ],
    "Murter": [
        15.60611,
        43.8125
    ],
    "Mravince": [
        16.52194,
        43.53333
    ],
    "Mraclin": [
        16.09556,
        45.66667
    ],
    "Molve": [
        17.03167,
        46.10917
    ],
    "Mokošica": [
        18.09028,
        42.67556
    ],
    "Mirkovci": [
        18.85111,
        45.26972
    ],
    "Mihovljan": [
        15.97222,
        46.13306
    ],
    "Mičevec": [
        16.06667,
        45.75
    ],
    "Metković": [
        17.64833,
        43.05417
    ],
    "Medulin": [
        13.935,
        44.8225
    ],
    "Matulji": [
        14.325,
        45.36167
    ],
    "Martin": [
        18.06667,
        45.49222
    ],
    "Markušica": [
        18.70583,
        45.37389
    ],
    "Marinići": [
        14.39389,
        45.365
    ],
    "Marina": [
        16.45,
        43.35
    ],
    "Marija Bistrica": [
        16.11111,
        46.00611
    ],
    "Marčelji": [
        14.38944,
        45.39611
    ],
    "Marčana": [
        13.95389,
        44.95528
    ],
    "Mali Lošinj": [
        14.46861,
        44.53056
    ],
    "Mala Subotica": [
        16.52893,
        46.37616
    ],
    "Makarska": [
        17.01778,
        43.29694
    ],
    "Mačkovec": [
        16.43361,
        46.42417
    ],
    "Lužani": [
        17.70694,
        45.16806
    ],
    "Lupoglav": [
        16.34639,
        45.79639
    ],
    "Lumbarda": [
        17.16722,
        42.92278
    ],
    "Lukavec": [
        15.99,
        45.70444
    ],
    "Ludbreg": [
        16.61472,
        46.25194
    ],
    "Lučko": [
        15.87028,
        45.76111
    ],
    "Lovran": [
        14.27417,
        45.29194
    ],
    "Lovas": [
        19.17111,
        45.22639
    ],
    "Lopar": [
        14.73028,
        44.8325
    ],
    "Ljupina": [
        17.38278,
        45.2175
    ],
    "Ljubešćica": [
        16.38333,
        46.16667
    ],
    "Lipik": [
        17.15222,
        45.41139
    ],
    "Lepoglava": [
        16.03556,
        46.21056
    ],
    "Lekenik": [
        16.21139,
        45.58556
    ],
    "Legrad": [
        16.85667,
        46.2975
    ],
    "Laslovo": [
        18.69611,
        45.415
    ],
    "Ladimirevci": [
        18.44861,
        45.62556
    ],
    "Labin": [
        14.11972,
        45.095
    ],
    "Kutjevo": [
        17.8825,
        45.42611
    ],
    "Kutina": [
        16.78194,
        45.475
    ],
    "Kuršanec": [
        16.40167,
        46.33028
    ],
    "Kuče": [
        16.145,
        45.67694
    ],
    "Kruševo": [
        15.65,
        44.18333
    ],
    "Kruševica": [
        18.48278,
        45.0775
    ],
    "Krk": [
        14.57306,
        45.02583
    ],
    "Križevci": [
        16.5425,
        46.02194
    ],
    "Križ": [
        16.52333,
        45.665
    ],
    "Krasica": [
        14.55556,
        45.30972
    ],
    "Krapina": [
        15.87889,
        46.16083
    ],
    "Kraljevica": [
        14.5683,
        45.27395
    ],
    "Kotoriba": [
        16.81806,
        46.355
    ],
    "Košute": [
        16.695,
        43.63083
    ],
    "Hrvatska Kostajnica": [
        16.53917,
        45.23167
    ],
    "Koška": [
        18.28583,
        45.54528
    ],
    "Korčula": [
        17.13694,
        42.96222
    ],
    "Koprivnica": [
        16.8275,
        46.16278
    ],
    "Komletinci": [
        18.94917,
        45.14972
    ],
    "Komiža": [
        16.09306,
        43.04306
    ],
    "Komin": [
        17.53694,
        43.04083
    ],
    "Knin": [
        16.2,
        44.04389
    ],
    "Klis": [
        16.51944,
        43.55944
    ],
    "Klenovnik": [
        16.07,
        46.27028
    ],
    "Klana": [
        14.37694,
        45.44694
    ],
    "Kistanje": [
        15.965,
        43.98278
    ],
    "Kerestinec": [
        15.8,
        45.76667
    ],
    "Kastav": [
        14.34861,
        45.37528
    ],
    "Kašina": [
        16,
        45.91667
    ],
    "Karojba": [
        13.82306,
        45.30083
    ],
    "Karlovac": [
        15.54778,
        45.48722
    ],
    "Karlobag": [
        15.07389,
        44.5275
    ],
    "Karanac": [
        18.68444,
        45.76056
    ],
    "Kaptol": [
        17.72611,
        45.43472
    ],
    "Kalinovac": [
        17.11556,
        46.02944
    ],
    "Kali": [
        15.20556,
        44.06278
    ],
    "Josipovac": [
        18.58139,
        45.58278
    ],
    "Ježdovec": [
        15.85,
        45.78333
    ],
    "Jesenice": [
        16.61667,
        43.46667
    ],
    "Jelsa": [
        16.69306,
        43.16139
    ],
    "Jelisavac": [
        18.15611,
        45.52889
    ],
    "Jastrebarsko": [
        15.64861,
        45.66833
    ],
    "Jasenice": [
        18.26917,
        42.59278
    ],
    "Jarmina": [
        18.72917,
        45.31806
    ],
    "Jalžabet": [
        16.475,
        46.26083
    ],
    "Jalkovec": [
        16.31972,
        46.28083
    ],
    "Jakšić": [
        17.76389,
        45.35806
    ],
    "Jakovlje": [
        15.85611,
        45.95139
    ],
    "Jagodnjak": [
        18.57694,
        45.69917
    ],
    "Jadranovo": [
        14.61833,
        45.23111
    ],
    "Jablanovec": [
        15.85361,
        45.87583
    ],
    "Ivanovec": [
        16.47667,
        46.36833
    ],
    "Ivankovo": [
        18.68389,
        45.28861
    ],
    "Ivanec": [
        16.12,
        46.22306
    ],
    "Imotski": [
        17.21667,
        43.44667
    ],
    "Ilok": [
        19.37694,
        45.22222
    ],
    "Ilača": [
        19.09583,
        45.18139
    ],
    "Hvar": [
        16.44278,
        43.1725
    ],
    "Husain": [
        16.81306,
        45.47417
    ],
    "Hrvace": [
        16.615,
        43.76333
    ],
    "Hreljin": [
        14.59917,
        45.2825
    ],
    "Horvati": [
        15.81667,
        45.7
    ],
    "Hodošan": [
        16.64389,
        46.39528
    ],
    "Hlebine": [
        16.96278,
        46.15694
    ],
    "Hercegovac": [
        17.01361,
        45.65861
    ],
    "Gunja": [
        18.85333,
        44.88
    ],
    "Gundinci": [
        18.49139,
        45.15833
    ],
    "Gudovac": [
        16.78083,
        45.88028
    ],
    "Grubišno Polje": [
        17.17268,
        45.70214
    ],
    "Gradište": [
        18.70667,
        45.14806
    ],
    "Gradići": [
        16.05,
        45.7
    ],
    "Gradac": [
        17.81528,
        45.31306
    ],
    "Gračec": [
        16.31667,
        45.83333
    ],
    "Gračac": [
        15.85472,
        44.30056
    ],
    "Gospić": [
        15.37472,
        44.54611
    ],
    "Gorjani": [
        18.37222,
        45.39889
    ],
    "Goričan": [
        16.68083,
        46.38417
    ],
    "Glina": [
        16.08806,
        45.33806
    ],
    "Garešnica": [
        16.94139,
        45.57444
    ],
    "Gardinovec": [
        16.5575,
        46.42694
    ],
    "Garčin": [
        18.18306,
        45.18278
    ],
    "Galovac": [
        15.39333,
        44.07139
    ],
    "Galižana": [
        13.86861,
        44.93167
    ],
    "Gala": [
        16.72694,
        43.715
    ],
    "Feričanci": [
        17.97583,
        45.52889
    ],
    "Ferdinandovac": [
        17.2,
        46.05
    ],
    "Fažana": [
        13.80361,
        44.9275
    ],
    "Ernestinovo": [
        18.65917,
        45.45194
    ],
    "Dvor": [
        16.37083,
        45.07306
    ],
    "Dugopolje": [
        16.60278,
        43.58056
    ],
    "Duće": [
        16.66833,
        43.44278
    ],
    "Dubrovnik": [
        18.09216,
        42.64807
    ],
    "Drnje": [
        16.91694,
        46.20694
    ],
    "Drniš": [
        16.15556,
        43.8625
    ],
    "Drenova": [
        14.43028,
        45.35
    ],
    "Dražice": [
        14.47028,
        45.39083
    ],
    "Donja Brela": [
        16.93417,
        43.36889
    ],
    "Domašinec": [
        16.6,
        46.4325
    ],
    "Dežanovac": [
        17.08667,
        45.57056
    ],
    "Delnice": [
        14.79972,
        45.40083
    ],
    "Davor": [
        17.51639,
        45.11528
    ],
    "Daruvar": [
        17.225,
        45.59056
    ],
    "Darda": [
        18.69972,
        45.62806
    ],
    "Dalj": [
        18.98472,
        45.49
    ],
    "Crikvenica": [
        14.69278,
        45.17722
    ],
    "Cres": [
        14.41246,
        44.96092
    ],
    "Čibača": [
        18.17111,
        42.62889
    ],
    "Cernik": [
        17.38194,
        45.28861
    ],
    "Cerna": [
        18.68944,
        45.18194
    ],
    "Cerić": [
        18.85611,
        45.31139
    ],
    "Čepin": [
        18.56333,
        45.52361
    ],
    "Čeminac": [
        18.6675,
        45.68639
    ],
    "Čazma": [
        16.6139,
        45.74818
    ],
    "Cavtat": [
        18.21806,
        42.58111
    ],
    "Čavle": [
        14.48389,
        45.35194
    ],
    "Čakovec": [
        16.43389,
        46.38444
    ],
    "Čačinci": [
        17.87028,
        45.60389
    ],
    "Buzet": [
        13.96667,
        45.40944
    ],
    "Bukovlje": [
        18.07,
        45.18528
    ],
    "Buje": [
        13.66194,
        45.41
    ],
    "Budaševo": [
        16.43667,
        45.47472
    ],
    "Bršadin": [
        18.91111,
        45.36278
    ],
    "Brnaze": [
        16.64972,
        43.68
    ],
    "Brinje": [
        15.13389,
        45.0025
    ],
    "Bribir": [
        14.76472,
        45.16111
    ],
    "Brezovica": [
        15.88333,
        45.73333
    ],
    "Brezovac": [
        16.84083,
        45.8675
    ],
    "Brezje": [
        16.38889,
        46.41861
    ],
    "Bregana": [
        15.68792,
        45.84013
    ],
    "Brdovec": [
        15.78333,
        45.86778
    ],
    "Brckovljani": [
        16.3,
        45.83333
    ],
    "Bošnjaci": [
        18.75556,
        45.05028
    ],
    "Borovo": [
        18.96694,
        45.37639
    ],
    "Bol": [
        16.655,
        43.26194
    ],
    "Bobota": [
        18.85389,
        45.42111
    ],
    "Blato": [
        17.48222,
        42.7625
    ],
    "Bjelovar": [
        16.84889,
        45.89861
    ],
    "Bizovac": [
        18.45889,
        45.59278
    ],
    "Bistrinci": [
        18.39861,
        45.69167
    ],
    "Biograd na Moru": [
        15.45194,
        43.94333
    ],
    "Bilje": [
        18.74389,
        45.60694
    ],
    "Bilice": [
        17.84111,
        45.23667
    ],
    "Bibinje": [
        15.3,
        44.06667
    ],
    "Beretinec": [
        16.3,
        46.25
    ],
    "Benkovac": [
        15.61278,
        44.03444
    ],
    "Belišće": [
        18.40583,
        45.68028
    ],
    "Beli Manastir": [
        18.60361,
        45.77
    ],
    "Belica": [
        16.51833,
        46.40417
    ],
    "Beletinec": [
        16.31667,
        46.21667
    ],
    "Bedekovčina": [
        15.99639,
        46.04111
    ],
    "Batrina": [
        17.66639,
        45.18944
    ],
    "Batina": [
        18.85,
        45.84611
    ],
    "Baška Voda": [
        16.95028,
        43.35694
    ],
    "Bapska": [
        19.26,
        45.1975
    ],
    "Banjol": [
        14.78333,
        44.75
    ],
    "Bakar": [
        14.53028,
        45.30861
    ],
    "Antunovac": [
        18.675,
        45.49083
    ],
    "Andrijaševci": [
        18.73806,
        45.22472
    ],
    "Jankomir": [
        15.9,
        45.79167
    ],
    "Stenjevec": [
        15.88245,
        45.80846
    ],
    "Bestovje": [
        15.81667,
        45.80833
    ],
    "Novi Zagreb": [
        15.98333,
        45.78333
    ],
    "Brodarica": [
        15.91972,
        43.68
    ],
    "Vukojevci": [
        18.15556,
        45.47833
    ],
    "Lipovljani": [
        16.88972,
        45.39667
    ],
    "Sukošan": [
        15.31556,
        44.04667
    ],
    "Stari Grad": [
        15.06222,
        44.43
    ],
    "Popovača": [
        15.17917,
        44.63917
    ],
    "Kampor": [
        14.71861,
        44.775
    ],
    "Vidovci": [
        17.71472,
        45.3325
    ],
    "Drenovci": [
        18.85361,
        44.91611
    ],
    "Podgora": [
        17.83639,
        42.84861
    ],
    "Kamen": [
        16.51472,
        43.51417
    ],
    "Zmijavci": [
        17.20556,
        43.41083
    ],
    "Greda": [
        16.69361,
        43.61528
    ],
    "Grabovci": [
        17.20111,
        43.49278
    ],
    "Grubine": [
        17.14972,
        43.42278
    ],
    "Korenica": [
        18.16556,
        45.22472
    ],
    "Brijest": [
        18.67194,
        45.52056
    ],
    "Zagreb - Centar": [
        15.97753,
        45.81313
    ]
}