{
    "Záhony": [
        22.17614,
        48.40906
    ],
    "Zagyvarékas": [
        20.13333,
        47.26667
    ],
    "Vésztő": [
        21.26667,
        46.91667
    ],
    "Verpelét": [
        20.23333,
        47.85
    ],
    "Vásárosnamény": [
        22.31325,
        48.12542
    ],
    "Vámospércs": [
        21.9,
        47.53333
    ],
    "Vaja": [
        22.16761,
        48.00574
    ],
    "Újszász": [
        20.08333,
        47.3
    ],
    "Újkígyós": [
        21.03333,
        46.58333
    ],
    "Újfehértó": [
        21.68333,
        47.8
    ],
    "Tyukod": [
        22.5633,
        47.85378
    ],
    "Tuzsér": [
        22.11762,
        48.34407
    ],
    "Túrkeve": [
        20.75,
        47.1
    ],
    "Tunyogmatolcs": [
        22.46667,
        47.96667
    ],
    "Tótkomlós": [
        20.73333,
        46.41667
    ],
    "Tószeg": [
        20.15,
        47.1
    ],
    "Törökszentmiklós": [
        20.41667,
        47.18333
    ],
    "Tornyospálca": [
        22.18333,
        48.26667
    ],
    "Tömörkény": [
        20.04357,
        46.61716
    ],
    "Tolcsva": [
        21.45,
        48.28333
    ],
    "Tokaj": [
        21.41667,
        48.11667
    ],
    "Tiszavasvári": [
        21.35,
        47.96667
    ],
    "Tiszaújváros": [
        21.08333,
        47.93333
    ],
    "Tiszaszentimre": [
        20.73333,
        47.48333
    ],
    "Tiszasüly": [
        20.4,
        47.38333
    ],
    "Tiszaroff": [
        20.45,
        47.4
    ],
    "Tiszapüspöki": [
        20.31667,
        47.21667
    ],
    "Tiszanána": [
        20.53333,
        47.56667
    ],
    "Tiszanagyfalu": [
        21.48333,
        48.1
    ],
    "Tiszalúc": [
        21.07261,
        48.03774
    ],
    "Tiszalök": [
        21.38333,
        48.01667
    ],
    "Tiszakeszi": [
        21,
        47.78333
    ],
    "Tiszakécske": [
        20.10349,
        46.93262
    ],
    "Tiszakarád": [
        21.71667,
        48.2
    ],
    "Tiszafüred": [
        20.76667,
        47.61667
    ],
    "Tiszaföldvár": [
        20.25,
        46.98333
    ],
    "Tiszaeszlár": [
        21.46667,
        48.05
    ],
    "Tiszadob": [
        21.16667,
        48.01667
    ],
    "Tiszadada": [
        21.25,
        48.03333
    ],
    "Tiszacsege": [
        21,
        47.7
    ],
    "Tiszabura": [
        20.46667,
        47.45
    ],
    "Tiszabő": [
        20.48333,
        47.3
    ],
    "Tiszabezdéd": [
        22.15,
        48.36667
    ],
    "Tiszabercel": [
        21.65,
        48.15
    ],
    "Téglás": [
        21.68333,
        47.71667
    ],
    "Tarpa": [
        22.53744,
        48.1048
    ],
    "Tarnaörs": [
        20.05254,
        47.59499
    ],
    "Tarnalelesz": [
        20.18333,
        48.05
    ],
    "Tarcal": [
        21.35,
        48.13333
    ],
    "Tállya": [
        21.23333,
        48.23333
    ],
    "Taktaszada": [
        21.18333,
        48.11667
    ],
    "Taktaharkány": [
        21.13333,
        48.08333
    ],
    "Szolnok": [
        20.2,
        47.18333
    ],
    "Szirmabesenyő": [
        20.8,
        48.15
    ],
    "Szilvásvárad": [
        20.4,
        48.1
    ],
    "Szikszó": [
        20.93333,
        48.2
    ],
    "Szihalom": [
        20.48333,
        47.76667
    ],
    "Szerencs": [
        21.2097,
        48.15993
    ],
    "Szentistván": [
        20.66667,
        47.76667
    ],
    "Szentes": [
        20.27201,
        46.65627
    ],
    "Szendrő": [
        20.73333,
        48.4
    ],
    "Székkutas": [
        20.53333,
        46.5
    ],
    "Szegvár": [
        20.22408,
        46.5874
    ],
    "Szeghalom": [
        21.16667,
        47.03333
    ],
    "Szeged": [
        20.14824,
        46.253
    ],
    "Szatymaz": [
        20.0402,
        46.34306
    ],
    "Szarvas": [
        20.55,
        46.86667
    ],
    "Szamosszeg": [
        22.36582,
        48.04561
    ],
    "Szakoly": [
        21.91667,
        47.76667
    ],
    "Szajol": [
        20.3,
        47.18333
    ],
    "Szabadkígyós": [
        21.1,
        46.61667
    ],
    "Sirok": [
        20.2,
        47.93333
    ],
    "Sátoraljaújhely": [
        21.65871,
        48.39492
    ],
    "Sárrétudvari": [
        21.2,
        47.23333
    ],
    "Sárospatak": [
        21.57383,
        48.3245
    ],
    "Sarkad": [
        21.38333,
        46.75
    ],
    "Sáránd": [
        21.63333,
        47.4
    ],
    "Sándorfalva": [
        20.09889,
        46.36087
    ],
    "Sály": [
        20.66667,
        47.95
    ],
    "Sajóvámos": [
        20.85,
        48.18333
    ],
    "Sajószöged": [
        21,
        47.95
    ],
    "Sajószentpéter": [
        20.71667,
        48.21667
    ],
    "Sajóörös": [
        21.03333,
        47.95
    ],
    "Sajólád": [
        20.9,
        48.05
    ],
    "Sajókaza": [
        20.58333,
        48.28333
    ],
    "Sajóbábony": [
        20.73333,
        48.16667
    ],
    "Rudabánya": [
        20.63333,
        48.38333
    ],
    "Röszke": [
        20.03372,
        46.18796
    ],
    "Ricse": [
        21.97069,
        48.32564
    ],
    "Recsk": [
        20.11667,
        47.93333
    ],
    "Rákócziújfalu": [
        20.26667,
        47.06667
    ],
    "Rákóczifalva": [
        20.23333,
        47.08333
    ],
    "Rakamaz": [
        21.46429,
        48.12372
    ],
    "Putnok": [
        20.43333,
        48.3
    ],
    "Pusztaföldvár": [
        20.8,
        46.53333
    ],
    "Püspökladány": [
        21.11667,
        47.31667
    ],
    "Prügy": [
        21.25,
        48.08333
    ],
    "Poroszló": [
        20.66667,
        47.65
    ],
    "Porcsalma": [
        22.56667,
        47.88333
    ],
    "Polgár": [
        21.11667,
        47.86667
    ],
    "Pocsaj": [
        21.81667,
        47.28333
    ],
    "Petneháza": [
        22.07485,
        48.06084
    ],
    "Pétervására": [
        20.1,
        48.01667
    ],
    "Pátroha": [
        22,
        48.16667
    ],
    "Parád": [
        20.02972,
        47.92324
    ],
    "Ózd": [
        20.3,
        48.21667
    ],
    "Ostoros": [
        20.43333,
        47.86667
    ],
    "Orosháza": [
        20.66667,
        46.56667
    ],
    "Ópusztaszer": [
        20.08722,
        46.48592
    ],
    "Ópályi": [
        22.32617,
        47.99771
    ],
    "Ónod": [
        20.91667,
        48
    ],
    "Onga": [
        20.91667,
        48.11667
    ],
    "Olaszliszka": [
        21.43333,
        48.25
    ],
    "Ököritófülpös": [
        22.5081,
        47.91862
    ],
    "Okány": [
        21.35,
        46.9
    ],
    "Ófehértó": [
        22.05,
        47.93333
    ],
    "Öcsöd": [
        20.4,
        46.9
    ],
    "Nyírvasvári": [
        22.18683,
        47.81667
    ],
    "Nyírtelek": [
        21.63333,
        48.01667
    ],
    "Nyírtass": [
        22.03333,
        48.11667
    ],
    "Nyírpazony": [
        21.8,
        47.98333
    ],
    "Nyírmihálydi": [
        21.96445,
        47.73976
    ],
    "Nyírmeggyes": [
        22.26667,
        47.91667
    ],
    "Nyírmártonfalva": [
        21.9,
        47.58333
    ],
    "Nyírmada": [
        22.2,
        48.06667
    ],
    "Nyírlugos": [
        22.04476,
        47.69315
    ],
    "Nyírkarász": [
        22.10463,
        48.09477
    ],
    "Nyírgyulaj": [
        22.09781,
        47.88622
    ],
    "Nyíregyháza": [
        21.71671,
        47.95539
    ],
    "Nyírcsaholy": [
        22.3363,
        47.90383
    ],
    "Nyírbogdány": [
        21.88242,
        48.05723
    ],
    "Nyírbogát": [
        22.06561,
        47.8034
    ],
    "Nyírbéltek": [
        22.13333,
        47.7
    ],
    "Nyírbátor": [
        22.13333,
        47.83333
    ],
    "Nyíradony": [
        21.91878,
        47.69746
    ],
    "Nyíracsád": [
        21.97208,
        47.6033
    ],
    "Nyírábrány": [
        22.02401,
        47.55311
    ],
    "Nyékládháza": [
        20.83333,
        47.98333
    ],
    "Napkor": [
        21.86763,
        47.93797
    ],
    "Nagyszénás": [
        20.66667,
        46.68333
    ],
    "Nagyrábé": [
        21.33333,
        47.2
    ],
    "Nagykálló": [
        21.84082,
        47.87491
    ],
    "Nagyhalász": [
        21.76104,
        48.13266
    ],
    "Nagyecsed": [
        22.3916,
        47.86547
    ],
    "Nagydobos": [
        22.30424,
        48.05759
    ],
    "Nagycserkesz": [
        21.53333,
        47.96667
    ],
    "Nádudvar": [
        21.16667,
        47.41667
    ],
    "Múcsony": [
        20.68333,
        48.26667
    ],
    "Monostorpályi": [
        21.78333,
        47.4
    ],
    "Monok": [
        21.15052,
        48.21102
    ],
    "Miskolc": [
        20.78333,
        48.1
    ],
    "Mindszent": [
        20.19038,
        46.52362
    ],
    "Mikepércs": [
        21.63333,
        47.45
    ],
    "Mezőzombor": [
        21.26667,
        48.15
    ],
    "Mezőtúr": [
        20.63333,
        47
    ],
    "Mezőkövesd": [
        20.58333,
        47.81667
    ],
    "Mezőkovácsháza": [
        20.91667,
        46.4
    ],
    "Mezőkeresztes": [
        20.7,
        47.83333
    ],
    "Mezőhegyes": [
        20.81667,
        46.31667
    ],
    "Mezőcsát": [
        20.91667,
        47.81667
    ],
    "Mezőberény": [
        21.03333,
        46.81667
    ],
    "Mérk": [
        22.38038,
        47.78824
    ],
    "Méhkerék": [
        21.45,
        46.78333
    ],
    "Megyaszó": [
        21.05,
        48.18333
    ],
    "Medgyesegyháza": [
        21.03333,
        46.5
    ],
    "Mátraderecske": [
        20.08333,
        47.95
    ],
    "Mátészalka": [
        22.32348,
        47.95528
    ],
    "Maroslele": [
        20.35,
        46.26667
    ],
    "Máriapócs": [
        22.02502,
        47.88302
    ],
    "Mándok": [
        22.19107,
        48.32149
    ],
    "Mályi": [
        20.83333,
        48.01667
    ],
    "Makó": [
        20.48333,
        46.21667
    ],
    "Maklár": [
        20.41667,
        47.8
    ],
    "Magyarbánhegyes": [
        20.96667,
        46.45
    ],
    "Mád": [
        21.28208,
        48.19442
    ],
    "Lőkösháza": [
        21.23333,
        46.43333
    ],
    "Levelek": [
        21.98537,
        47.96282
    ],
    "Létavértes": [
        21.9,
        47.38333
    ],
    "Kunszentmárton": [
        20.28879,
        46.83916
    ],
    "Kunmadaras": [
        20.8,
        47.43333
    ],
    "Kunhegyes": [
        20.63333,
        47.36667
    ],
    "Kunágota": [
        21.05,
        46.43333
    ],
    "Kótaj": [
        21.71667,
        48.05
    ],
    "Köröstarcsa": [
        21.03333,
        46.88333
    ],
    "Körösladány": [
        21.08333,
        46.96667
    ],
    "Konyár": [
        21.66667,
        47.31667
    ],
    "Kondoros": [
        20.8,
        46.76667
    ],
    "Kompolt": [
        20.25,
        47.73333
    ],
    "Komádi": [
        21.5,
        47
    ],
    "Kocsord": [
        22.38333,
        47.93912
    ],
    "Kiszombor": [
        20.43333,
        46.18333
    ],
    "Kisvárda": [
        22.08333,
        48.21667
    ],
    "Kisújszállás": [
        20.76667,
        47.21667
    ],
    "Kisléta": [
        22.00393,
        47.84244
    ],
    "Kisköre": [
        20.5,
        47.5
    ],
    "Kevermes": [
        21.18333,
        46.41667
    ],
    "Kétegyháza": [
        21.18333,
        46.53333
    ],
    "Kerecsend": [
        20.35,
        47.8
    ],
    "Kengyel": [
        20.33333,
        47.08333
    ],
    "Kenderes": [
        20.68333,
        47.25
    ],
    "Kemecse": [
        21.80625,
        48.07532
    ],
    "Kék": [
        21.88333,
        48.11667
    ],
    "Kazincbarcika": [
        20.63333,
        48.25
    ],
    "Kaszaper": [
        20.83333,
        46.46667
    ],
    "Karcsa": [
        21.80537,
        48.3113
    ],
    "Karcag": [
        20.93333,
        47.31667
    ],
    "Karácsond": [
        20.03076,
        47.72962
    ],
    "Kántorjánosi": [
        22.15,
        47.93333
    ],
    "Kálmánháza": [
        21.58333,
        47.88333
    ],
    "Kállósemjén": [
        21.93928,
        47.86081
    ],
    "Kál": [
        20.26667,
        47.73333
    ],
    "Kaba": [
        21.28333,
        47.35
    ],
    "Jászszentandrás": [
        20.18333,
        47.58333
    ],
    "Jászladány": [
        20.16667,
        47.36667
    ],
    "Jászkisér": [
        20.21667,
        47.45
    ],
    "Jászkarajenő": [
        20.06667,
        47.05
    ],
    "Jászjákóhalma": [
        19.99086,
        47.52038
    ],
    "Jászdózsa": [
        20.01534,
        47.5661
    ],
    "Jászapáti": [
        20.15,
        47.51667
    ],
    "Jászalsószentgyörgy": [
        20.1,
        47.36667
    ],
    "Járdánháza": [
        20.25,
        48.15
    ],
    "Jánoshida": [
        20.06667,
        47.38333
    ],
    "Izsófalva": [
        20.66667,
        48.3
    ],
    "Ibrány": [
        21.70953,
        48.12329
    ],
    "Hosszúpályi": [
        21.7328,
        47.39303
    ],
    "Hortobágy": [
        21.15108,
        47.58278
    ],
    "Hódmezővásárhely": [
        20.33333,
        46.41667
    ],
    "Hodász": [
        22.20153,
        47.91834
    ],
    "Heves": [
        20.28333,
        47.6
    ],
    "Hernádnémeti": [
        20.98333,
        48.06667
    ],
    "Hejőbába": [
        20.95,
        47.9
    ],
    "Harsány": [
        20.75,
        47.96667
    ],
    "Halmaj": [
        21,
        48.25
    ],
    "Hajdúszovát": [
        21.48333,
        47.38333
    ],
    "Hajdúszoboszló": [
        21.4,
        47.45
    ],
    "Hajdúsámson": [
        21.76667,
        47.6
    ],
    "Hajdúnánás": [
        21.43333,
        47.85
    ],
    "Hajdúhadház": [
        21.66667,
        47.68333
    ],
    "Hajdúdorog": [
        21.5,
        47.81667
    ],
    "Hajdúböszörmény": [
        21.51667,
        47.66667
    ],
    "Hajdúbagos": [
        21.66551,
        47.39295
    ],
    "Gyulaháza": [
        22.11667,
        48.13333
    ],
    "Gyula": [
        21.28333,
        46.65
    ],
    "Gyomaendrőd": [
        20.83333,
        46.93333
    ],
    "Görbeháza": [
        21.23333,
        47.83333
    ],
    "Gönc": [
        21.28333,
        48.46667
    ],
    "Gesztely": [
        20.96667,
        48.1
    ],
    "Gégény": [
        21.95,
        48.15
    ],
    "Gádoros": [
        20.6,
        46.66667
    ],
    "Füzesgyarmat": [
        21.21667,
        47.1
    ],
    "Füzesabony": [
        20.41667,
        47.75
    ],
    "Földes": [
        21.36667,
        47.3
    ],
    "Földeák": [
        20.5,
        46.31667
    ],
    "Fényeslitke": [
        22.10009,
        48.27133
    ],
    "Felsőzsolca": [
        20.86667,
        48.1
    ],
    "Felsőtárkány": [
        20.41667,
        47.96667
    ],
    "Fehérgyarmat": [
        22.51667,
        47.98333
    ],
    "Fegyvernek": [
        20.53333,
        47.26667
    ],
    "Farkaslyuk": [
        20.31667,
        48.18333
    ],
    "Fábiánsebestyén": [
        20.46667,
        46.68333
    ],
    "Erdőtelek": [
        20.31667,
        47.68333
    ],
    "Encsencs": [
        22.11667,
        47.73333
    ],
    "Encs": [
        21.13333,
        48.33333
    ],
    "Emőd": [
        20.81667,
        47.93333
    ],
    "Elek": [
        21.25,
        46.53333
    ],
    "Egyek": [
        20.9,
        47.63333
    ],
    "Egerszalók": [
        20.33333,
        47.86667
    ],
    "Eger": [
        20.37329,
        47.90265
    ],
    "Edelény": [
        20.73333,
        48.3
    ],
    "Ebes": [
        21.5,
        47.46667
    ],
    "Domoszló": [
        20.11667,
        47.83333
    ],
    "Dombrád": [
        21.93333,
        48.23333
    ],
    "Dombegyház": [
        21.13333,
        46.33333
    ],
    "Domaszék": [
        20.01111,
        46.24917
    ],
    "Döge": [
        22.06339,
        48.26246
    ],
    "Doboz": [
        21.25,
        46.73333
    ],
    "Dévaványa": [
        20.96667,
        47.03333
    ],
    "Deszk": [
        20.24322,
        46.21802
    ],
    "Derecske": [
        21.56667,
        47.35
    ],
    "Demecser": [
        21.92624,
        48.11648
    ],
    "Debrecen": [
        21.63333,
        47.53333
    ],
    "Csorvás": [
        20.83333,
        46.63333
    ],
    "Csongrád": [
        20.14242,
        46.71332
    ],
    "Csökmő": [
        21.3,
        47.03333
    ],
    "Cserkeszőlő": [
        20.18701,
        46.8632
    ],
    "Csenger": [
        22.68096,
        47.83582
    ],
    "Csanytelek": [
        20.12342,
        46.595
    ],
    "Csanádpalota": [
        20.73333,
        46.25
    ],
    "Csanádapáca": [
        20.88333,
        46.55
    ],
    "Cigánd": [
        21.89195,
        48.25561
    ],
    "Cibakháza": [
        20.19753,
        46.95976
    ],
    "Buj": [
        21.65,
        48.1
    ],
    "Bucsa": [
        21,
        47.2
    ],
    "Borsodnádasd": [
        20.25,
        48.11667
    ],
    "Boldva": [
        20.8,
        48.21667
    ],
    "Bököny": [
        21.75,
        47.73333
    ],
    "Bogács": [
        20.53333,
        47.9
    ],
    "Bőcs": [
        20.96667,
        48.05
    ],
    "Biharnagybajom": [
        21.23333,
        47.21667
    ],
    "Biharkeresztes": [
        21.71667,
        47.13333
    ],
    "Besenyszög": [
        20.26667,
        47.3
    ],
    "Besenyőtelek": [
        20.43333,
        47.7
    ],
    "Berettyóújfalu": [
        21.55,
        47.21667
    ],
    "Bélapátfalva": [
        20.36667,
        48.05
    ],
    "Békésszentandrás": [
        20.48333,
        46.86667
    ],
    "Békéssámson": [
        20.63333,
        46.41667
    ],
    "Békéscsaba": [
        21.1,
        46.68333
    ],
    "Békés": [
        21.13333,
        46.76667
    ],
    "Bekecs": [
        21.18333,
        48.15
    ],
    "Battonya": [
        21.01667,
        46.28333
    ],
    "Báránd": [
        21.23333,
        47.3
    ],
    "Balmazújváros": [
        21.35,
        47.61667
    ],
    "Balkány": [
        21.86314,
        47.77066
    ],
    "Balástya": [
        20.00816,
        46.42277
    ],
    "Baktalórántháza": [
        22.08333,
        48
    ],
    "Baks": [
        20.10213,
        46.54297
    ],
    "Bagamér": [
        21.989,
        47.44882
    ],
    "Aszaló": [
        20.96667,
        48.21667
    ],
    "Arnót": [
        20.85832,
        48.13058
    ],
    "Arló": [
        20.26667,
        48.18333
    ],
    "Aranyosapáti": [
        22.25916,
        48.20595
    ],
    "Apátfalva": [
        20.58333,
        46.16667
    ],
    "Apagy": [
        21.93539,
        47.9643
    ],
    "Andornaktálya": [
        20.41667,
        47.85
    ],
    "Anarcs": [
        22.11167,
        48.17642
    ],
    "Alsózsolca": [
        20.88046,
        48.06982
    ],
    "Alattyán": [
        20.0422,
        47.42705
    ],
    "Ajak": [
        22.06273,
        48.17664
    ],
    "Abony": [
        20.00476,
        47.1899
    ],
    "Abaújszántó": [
        21.2,
        48.28333
    ],
    "Abasár": [
        20.00324,
        47.79705
    ],
    "Abádszalók": [
        20.6,
        47.46667
    ],
    "Zsombó": [
        19.97464,
        46.32566
    ],
    "Zsámbok": [
        19.61048,
        47.54381
    ],
    "Zsámbék": [
        18.72011,
        47.54814
    ],
    "Zomba": [
        18.56577,
        46.41084
    ],
    "Zirc": [
        17.87373,
        47.26362
    ],
    "Zánka": [
        17.68473,
        46.87146
    ],
    "Zámoly": [
        18.4081,
        47.31667
    ],
    "Zamárdi": [
        17.95366,
        46.88488
    ],
    "Zalaszentgrót": [
        17.07925,
        46.94474
    ],
    "Zalalövő": [
        16.5875,
        46.84802
    ],
    "Zalakomár": [
        17.18094,
        46.53796
    ],
    "Zalaegerszeg": [
        16.84389,
        46.84
    ],
    "Zákányszék": [
        19.88975,
        46.27453
    ],
    "Zagyvaszántó": [
        19.67092,
        47.77703
    ],
    "Vonyarcvashegy": [
        17.31172,
        46.75742
    ],
    "Visegrád": [
        18.9709,
        47.78526
    ],
    "Villány": [
        18.45389,
        45.86889
    ],
    "Veszprém": [
        17.91149,
        47.09327
    ],
    "Vértesszőlős": [
        18.3813,
        47.62106
    ],
    "Verőce": [
        19.03484,
        47.82468
    ],
    "Veresegyház": [
        19.29536,
        47.6459
    ],
    "Vép": [
        16.72248,
        47.23041
    ],
    "Velence": [
        18.65484,
        47.23855
    ],
    "Vecsés": [
        19.28648,
        47.40705
    ],
    "Vasvár": [
        16.79954,
        47.04928
    ],
    "Vaskút": [
        18.98514,
        46.10782
    ],
    "Várpalota": [
        18.13954,
        47.19936
    ],
    "Városföld": [
        19.75668,
        46.81674
    ],
    "Vámosgyörk": [
        19.92924,
        47.68428
    ],
    "Valkó": [
        19.51267,
        47.56391
    ],
    "Vál": [
        18.67931,
        47.36264
    ],
    "Vajszló": [
        17.98406,
        45.85958
    ],
    "Vácszentlászló": [
        19.53771,
        47.574
    ],
    "Vác": [
        19.13612,
        47.77591
    ],
    "Üröm": [
        19.01583,
        47.59674
    ],
    "Úrkút": [
        17.64393,
        47.08505
    ],
    "Úri": [
        19.52762,
        47.41429
    ],
    "Üllő": [
        19.35533,
        47.38771
    ],
    "Üllés": [
        19.84454,
        46.33611
    ],
    "Újszilvás": [
        19.92477,
        47.27477
    ],
    "Újhartyán": [
        19.38638,
        47.21981
    ],
    "Türje": [
        17.10742,
        46.98366
    ],
    "Tura": [
        19.60279,
        47.60924
    ],
    "Törtel": [
        19.93714,
        47.12209
    ],
    "Törökbálint": [
        18.91356,
        47.42931
    ],
    "Tompa": [
        19.5391,
        46.20605
    ],
    "Töltéstava": [
        17.73376,
        47.62609
    ],
    "Tolna": [
        18.78248,
        46.42676
    ],
    "Tököl": [
        18.96249,
        47.32178
    ],
    "Tokod": [
        18.65889,
        47.72277
    ],
    "Tóalmás": [
        19.66657,
        47.50782
    ],
    "Tihany": [
        17.88918,
        46.91369
    ],
    "Tét": [
        17.50802,
        47.51922
    ],
    "Tengelic": [
        18.71117,
        46.52878
    ],
    "Telki": [
        18.82816,
        47.5479
    ],
    "Tázlár": [
        19.51436,
        46.54824
    ],
    "Tatabánya": [
        18.39325,
        47.58494
    ],
    "Tata": [
        18.31838,
        47.65289
    ],
    "Tát": [
        18.64813,
        47.74148
    ],
    "Taszár": [
        17.90594,
        46.37467
    ],
    "Tass": [
        19.02988,
        47.02095
    ],
    "Tárnok": [
        18.84579,
        47.37327
    ],
    "Tarján": [
        18.5107,
        47.61042
    ],
    "Tardos": [
        18.44416,
        47.66192
    ],
    "Tar": [
        19.7461,
        47.95371
    ],
    "Tapolca": [
        17.44117,
        46.88152
    ],
    "Táplánszentkereszt": [
        16.69613,
        47.19496
    ],
    "Tápiószőlős": [
        19.85133,
        47.30248
    ],
    "Tápiószentmárton": [
        19.74648,
        47.3399
    ],
    "Tápiószele": [
        19.87724,
        47.33609
    ],
    "Tápiószecső": [
        19.60923,
        47.45
    ],
    "Sülysáp": [
        19.53369,
        47.45206
    ],
    "Tápióság": [
        19.63047,
        47.402
    ],
    "Tápiógyörgye": [
        19.95276,
        47.33505
    ],
    "Tápióbicske": [
        19.68609,
        47.36096
    ],
    "Tamási": [
        18.28333,
        46.63333
    ],
    "Taksony": [
        19.06694,
        47.32968
    ],
    "Tahitótfalu": [
        19.1,
        47.75
    ],
    "Táborfalva": [
        19.47837,
        47.09942
    ],
    "Tab": [
        18.03201,
        46.73135
    ],
    "Szurdokpüspöki": [
        19.69218,
        47.85923
    ],
    "Szomód": [
        18.34061,
        47.68492
    ],
    "Szombathely": [
        16.62155,
        47.23088
    ],
    "Sződliget": [
        19.14749,
        47.73259
    ],
    "Sződ": [
        19.17046,
        47.72439
    ],
    "Szob": [
        18.8702,
        47.81921
    ],
    "Szigetvár": [
        17.80554,
        46.04865
    ],
    "Szigetújfalu": [
        18.92746,
        47.23417
    ],
    "Szigetszentmiklós": [
        19.04335,
        47.34382
    ],
    "Szigethalom": [
        19.00262,
        47.32228
    ],
    "Szigetcsép": [
        18.97048,
        47.26492
    ],
    "Szentmártonkáta": [
        19.70143,
        47.45419
    ],
    "Szentlőrinckáta": [
        19.75286,
        47.51947
    ],
    "Szentlőrinc": [
        17.98719,
        46.04016
    ],
    "Szentkirályszabadja": [
        17.97052,
        47.0576
    ],
    "Szentkirály": [
        19.91846,
        46.91892
    ],
    "Szentgotthárd": [
        16.27358,
        46.95261
    ],
    "Szentgálpuszta": [
        18.62601,
        46.37479
    ],
    "Szentendre": [
        19.07561,
        47.66943
    ],
    "Szekszárd": [
        18.70905,
        46.35014
    ],
    "Székesfehérvár": [
        18.41034,
        47.18995
    ],
    "Szedres": [
        18.68305,
        46.47551
    ],
    "Szécsény": [
        19.52019,
        48.08057
    ],
    "Százhalombatta": [
        18.92142,
        47.32579
    ],
    "Szászvár": [
        18.37566,
        46.27673
    ],
    "Szárliget": [
        18.4948,
        47.51581
    ],
    "Szany": [
        17.30402,
        47.46423
    ],
    "Szank": [
        19.66103,
        46.55713
    ],
    "Szalkszentmárton": [
        19.01178,
        46.97565
    ],
    "Szada": [
        19.31667,
        47.63333
    ],
    "Szabadszállás": [
        19.22324,
        46.87575
    ],
    "Szabadbattyán": [
        18.36824,
        47.11902
    ],
    "Süttő": [
        18.44873,
        47.75886
    ],
    "Sümeg": [
        17.28209,
        46.97703
    ],
    "Sükösd": [
        18.99524,
        46.28181
    ],
    "Sóskút": [
        18.82247,
        47.40665
    ],
    "Sopron": [
        16.59049,
        47.68501
    ],
    "Soponya": [
        18.45343,
        47.01485
    ],
    "Somoskőújfalu": [
        19.82303,
        48.16374
    ],
    "Somogyvár": [
        17.66289,
        46.5814
    ],
    "Solymár": [
        18.93212,
        47.59246
    ],
    "Soltvadkert": [
        19.39389,
        46.57889
    ],
    "Solt": [
        18.99993,
        46.80067
    ],
    "Siófok": [
        18.058,
        46.90412
    ],
    "Simontornya": [
        18.5549,
        46.75462
    ],
    "Siklós": [
        18.29752,
        45.85499
    ],
    "Seregélyes": [
        18.565,
        47.1105
    ],
    "Sellye": [
        17.84711,
        45.87247
    ],
    "Segesd": [
        17.35132,
        46.34142
    ],
    "Sásd": [
        18.10776,
        46.2552
    ],
    "Sárvár": [
        16.93525,
        47.25395
    ],
    "Sárszentmihály": [
        18.33879,
        47.15321
    ],
    "Sárosd": [
        18.64357,
        47.04273
    ],
    "Sármellék": [
        17.16865,
        46.71221
    ],
    "Sárkeresztúr": [
        18.54391,
        47.0054
    ],
    "Sárisáp": [
        18.67933,
        47.677
    ],
    "Sárbogárd": [
        18.62041,
        46.88692
    ],
    "Salgótarján": [
        19.80303,
        48.09872
    ],
    "Ruzsa": [
        19.74714,
        46.28806
    ],
    "Rózsaszentmárton": [
        19.7421,
        47.782
    ],
    "Romhány": [
        19.25723,
        47.92618
    ],
    "Rimóc": [
        19.5301,
        48.03695
    ],
    "Révfülöp": [
        17.61967,
        46.82573
    ],
    "Rétság": [
        19.1372,
        47.92816
    ],
    "Répcelak": [
        17.01795,
        47.42105
    ],
    "Rajka": [
        17.19821,
        47.99643
    ],
    "Ráckeve": [
        18.94478,
        47.16095
    ],
    "Ráckeresztúr": [
        18.83343,
        47.2736
    ],
    "Rácalmás": [
        18.94056,
        47.02263
    ],
    "Rábapatona": [
        17.48004,
        47.63224
    ],
    "Pusztavám": [
        18.22648,
        47.42948
    ],
    "Pusztaszer": [
        19.98824,
        46.55083
    ],
    "Pusztaszabolcs": [
        18.76704,
        47.13718
    ],
    "Pomáz": [
        19.02784,
        47.64227
    ],
    "Polgárdi": [
        18.302,
        47.06099
    ],
    "Pincehely": [
        18.43935,
        46.68095
    ],
    "Pilisvörösvár": [
        18.90893,
        47.61386
    ],
    "Pilisszentkereszt": [
        18.90503,
        47.69143
    ],
    "Pilisszentiván": [
        18.8994,
        47.60964
    ],
    "Pilisszántó": [
        18.88762,
        47.66909
    ],
    "Pilismarót": [
        18.87539,
        47.78464
    ],
    "Piliscsév": [
        18.81872,
        47.67924
    ],
    "Piliscsaba": [
        18.82886,
        47.63417
    ],
    "Pilisborosjenő": [
        18.99322,
        47.60744
    ],
    "Pilis": [
        19.54848,
        47.28904
    ],
    "Petőfibánya": [
        19.7055,
        47.77942
    ],
    "Pétfürdő": [
        18.11667,
        47.16667
    ],
    "Péteri": [
        19.40981,
        47.39104
    ],
    "Perkáta": [
        18.78734,
        47.04701
    ],
    "Perbál": [
        18.76099,
        47.58957
    ],
    "Pér": [
        17.80632,
        47.61153
    ],
    "Pellérd": [
        18.15403,
        46.03438
    ],
    "Pécsvárad": [
        18.42321,
        46.16033
    ],
    "Pécs": [
        18.23333,
        46.08333
    ],
    "Pécel": [
        19.34162,
        47.48962
    ],
    "Pázmánd": [
        18.65356,
        47.28755
    ],
    "Páty": [
        18.82851,
        47.51709
    ],
    "Pásztó": [
        19.69829,
        47.92019
    ],
    "Parádsasvár": [
        19.97709,
        47.9126
    ],
    "Pápa": [
        17.4674,
        47.33004
    ],
    "Pannonhalma": [
        17.75535,
        47.54946
    ],
    "Pánd": [
        19.63571,
        47.35333
    ],
    "Palotás": [
        19.59618,
        47.79528
    ],
    "Pálmonostora": [
        19.95156,
        46.62417
    ],
    "Paks": [
        18.85962,
        46.62648
    ],
    "Pákozd": [
        18.53306,
        47.21369
    ],
    "Pacsa": [
        17.01401,
        46.71981
    ],
    "Ozora": [
        18.4001,
        46.75133
    ],
    "Öttevény": [
        17.48474,
        47.71946
    ],
    "Ősi": [
        18.18833,
        47.14722
    ],
    "Oroszlány": [
        18.31225,
        47.48671
    ],
    "Örkény": [
        19.43324,
        47.12991
    ],
    "Orgovány": [
        19.47259,
        46.75087
    ],
    "Őrbottyán": [
        19.28239,
        47.68711
    ],
    "Őcsény": [
        18.75749,
        46.3137
    ],
    "Ócsa": [
        19.23057,
        47.29986
    ],
    "Nyúl": [
        17.68904,
        47.59047
    ],
    "Nyergesújfalu": [
        18.55694,
        47.76027
    ],
    "Nyárlőrinc": [
        19.87836,
        46.86017
    ],
    "Nyáregyháza": [
        19.50146,
        47.26175
    ],
    "Neszmély": [
        18.35966,
        47.73585
    ],
    "Németkér": [
        18.76311,
        46.71637
    ],
    "Nemesvámos": [
        17.87477,
        47.05514
    ],
    "Nemesnádudvar": [
        19.05115,
        46.3405
    ],
    "Naszály": [
        18.25751,
        47.70329
    ],
    "dunaújváros": [
        18.93288,
        46.96737
    ],
    "Nagytarcsa": [
        19.28343,
        47.53128
    ],
    "Nagyréde": [
        19.84819,
        47.76543
    ],
    "Nagyoroszi": [
        19.0905,
        48.00503
    ],
    "Nagymaros": [
        18.95984,
        47.7928
    ],
    "Nagymányok": [
        18.45489,
        46.27911
    ],
    "Nagykovácsi": [
        19.01667,
        47.65
    ],
    "Nagykőrös": [
        19.77857,
        47.03419
    ],
    "Nagykáta": [
        19.7441,
        47.41514
    ],
    "Nagykanizsa": [
        16.99104,
        46.45347
    ],
    "Nagyigmánd": [
        18.0813,
        47.64094
    ],
    "Nagydorog": [
        18.65565,
        46.62749
    ],
    "Nagycenk": [
        16.69732,
        47.60435
    ],
    "Nagybaracska": [
        18.9059,
        46.04248
    ],
    "Nagybajom": [
        17.51147,
        46.39232
    ],
    "Nagyatád": [
        17.35788,
        46.22961
    ],
    "Murakeresztúr": [
        16.88177,
        46.36422
    ],
    "Mosonmagyaróvár": [
        17.26994,
        47.86788
    ],
    "Mórahalom": [
        19.8851,
        46.21806
    ],
    "Mór": [
        18.20353,
        47.37787
    ],
    "Monor": [
        19.44734,
        47.35133
    ],
    "Mohács": [
        18.68306,
        45.99306
    ],
    "Mogyoród": [
        19.2407,
        47.59748
    ],
    "Mocsa": [
        18.18505,
        47.66999
    ],
    "Mihályi": [
        17.09507,
        47.51384
    ],
    "Mezőszilas": [
        18.47789,
        46.81109
    ],
    "Mezőfalva": [
        18.77177,
        46.93184
    ],
    "Mende": [
        19.45628,
        47.43132
    ],
    "Mélykút": [
        19.38102,
        46.21509
    ],
    "Mecseknádasd": [
        18.47076,
        46.22468
    ],
    "Mátraverebély": [
        19.78049,
        47.97421
    ],
    "Mátraterenye": [
        19.94762,
        48.03267
    ],
    "Mátranovák": [
        19.98257,
        48.03809
    ],
    "Martonvásár": [
        18.79045,
        47.31601
    ],
    "Marcali": [
        17.41196,
        46.58498
    ],
    "Mány": [
        18.65627,
        47.53352
    ],
    "Mágocs": [
        18.2324,
        46.34998
    ],
    "Maglód": [
        19.36438,
        47.44258
    ],
    "Madocsa": [
        18.95791,
        46.6879
    ],
    "Madaras": [
        19.26121,
        46.0587
    ],
    "Lovasberény": [
        18.55177,
        47.30997
    ],
    "Lőrinci": [
        19.67867,
        47.73295
    ],
    "Litér": [
        18.00454,
        47.10104
    ],
    "Letenye": [
        16.72583,
        46.43301
    ],
    "Lepsény": [
        18.24358,
        46.99036
    ],
    "Lenti": [
        16.53863,
        46.62403
    ],
    "Lengyeltóti": [
        17.64398,
        46.67013
    ],
    "Lébény": [
        17.39076,
        47.73574
    ],
    "Leányfalu": [
        19.08585,
        47.71778
    ],
    "Lánycsók": [
        18.62526,
        46.00543
    ],
    "Lakitelek": [
        19.99504,
        46.87601
    ],
    "Lajosmizse": [
        19.56171,
        47.02133
    ],
    "Lajoskomárom": [
        18.33763,
        46.842
    ],
    "Lábod": [
        17.45419,
        46.20535
    ],
    "Lábatlan": [
        18.49623,
        47.74735
    ],
    "Kunszentmiklós": [
        19.12575,
        47.027
    ],
    "Kunfehértó": [
        19.41454,
        46.36091
    ],
    "Kozármisleny": [
        18.2921,
        46.02967
    ],
    "Kőszeg": [
        16.541,
        47.38922
    ],
    "Kosd": [
        19.17821,
        47.80791
    ],
    "Környe": [
        18.3208,
        47.54668
    ],
    "Körmend": [
        16.60596,
        47.01096
    ],
    "Kóny": [
        17.35717,
        47.63053
    ],
    "Komló": [
        18.26494,
        46.19278
    ],
    "Komárom": [
        18.11913,
        47.74318
    ],
    "Kóka": [
        19.57876,
        47.48552
    ],
    "Kocsér": [
        19.92067,
        47.00165
    ],
    "Kocs": [
        18.21517,
        47.6075
    ],
    "Kistelek": [
        19.97972,
        46.4725
    ],
    "Kisszállás": [
        19.48954,
        46.28009
    ],
    "Kisláng": [
        18.38813,
        46.95744
    ],
    "Kiskunmajsa": [
        19.74,
        46.49028
    ],
    "Kiskunlacháza": [
        19.0093,
        47.18839
    ],
    "Kiskunhalas": [
        19.4848,
        46.43402
    ],
    "Kiskunfélegyháza": [
        19.84458,
        46.71213
    ],
    "Kiskőrös": [
        19.28528,
        46.62139
    ],
    "Kisbér": [
        18.03665,
        47.50289
    ],
    "Kincsesbánya": [
        18.2779,
        47.26444
    ],
    "Kimle": [
        17.36642,
        47.81726
    ],
    "Kéthely": [
        17.39362,
        46.64605
    ],
    "Kesztölc": [
        18.80177,
        47.71266
    ],
    "Keszthely": [
        17.24317,
        46.76812
    ],
    "Kistarcsa": [
        19.26247,
        47.54757
    ],
    "Kerekegyháza": [
        19.47806,
        46.93722
    ],
    "Kelebia": [
        19.61659,
        46.1968
    ],
    "Kecskemét": [
        19.69128,
        46.90618
    ],
    "Kecskéd": [
        18.30939,
        47.52298
    ],
    "Kecel": [
        19.25194,
        46.52528
    ],
    "Kazár": [
        19.86143,
        48.04952
    ],
    "Katymár": [
        19.20935,
        46.03398
    ],
    "Kartal": [
        19.542,
        47.67133
    ],
    "Karancslapujtő": [
        19.73333,
        48.15
    ],
    "Karancskeszi": [
        19.69686,
        48.16353
    ],
    "Karád": [
        17.84136,
        46.69076
    ],
    "Kapuvár": [
        17.02886,
        47.59224
    ],
    "Kaposvár": [
        17.8,
        46.36667
    ],
    "Kaposmérő": [
        17.704,
        46.36167
    ],
    "Kápolnásnyék": [
        18.67564,
        47.24004
    ],
    "Káloz": [
        18.48259,
        46.95464
    ],
    "Kalocsa": [
        18.98583,
        46.52639
    ],
    "Kakucs": [
        19.36467,
        47.242
    ],
    "Kadarkút": [
        17.62014,
        46.23623
    ],
    "Jobbágyi": [
        19.67762,
        47.83238
    ],
    "Jászszentlászló": [
        19.76065,
        46.56685
    ],
    "Jászberény": [
        19.91667,
        47.5
    ],
    "Jászárokszállás": [
        19.98038,
        47.64238
    ],
    "Jánossomorja": [
        17.13603,
        47.78621
    ],
    "Jánosháza": [
        17.16503,
        47.11937
    ],
    "Jánoshalma": [
        19.32583,
        46.29861
    ],
    "Fülöpjakab": [
        19.72132,
        46.74221
    ],
    "Ják": [
        16.58148,
        47.1425
    ],
    "Izsák": [
        19.35172,
        46.80454
    ],
    "Iváncsa": [
        18.8203,
        47.1567
    ],
    "Isaszeg": [
        19.40205,
        47.53011
    ],
    "Iregszemcse": [
        18.18581,
        46.69286
    ],
    "Inárcs": [
        19.327,
        47.262
    ],
    "Iklad": [
        19.4361,
        47.66534
    ],
    "Hosszúhetény": [
        18.35077,
        46.16414
    ],
    "Hort": [
        19.7893,
        47.69081
    ],
    "Hőgyész": [
        18.41841,
        46.49697
    ],
    "Hidas": [
        18.4954,
        46.2568
    ],
    "Hévízgyörk": [
        19.51667,
        47.63333
    ],
    "Hévíz": [
        17.18408,
        46.79031
    ],
    "Hernád": [
        19.43295,
        47.16238
    ],
    "Herend": [
        17.75,
        47.13333
    ],
    "Heréd": [
        19.63314,
        47.70638
    ],
    "Hercegszántó": [
        18.93917,
        45.95
    ],
    "Helvécia": [
        19.62251,
        46.83661
    ],
    "Hatvan": [
        19.68333,
        47.66667
    ],
    "Harta": [
        19.03053,
        46.69846
    ],
    "Harkány": [
        18.23668,
        45.85002
    ],
    "Halásztelek": [
        18.98119,
        47.36173
    ],
    "Halászi": [
        17.32615,
        47.8893
    ],
    "Hajós": [
        19.12056,
        46.39861
    ],
    "Hajmáskér": [
        18.01964,
        47.14513
    ],
    "Győrújbarát": [
        17.64875,
        47.60642
    ],
    "Győrszemere": [
        17.56356,
        47.55256
    ],
    "Győr": [
        17.63512,
        47.68333
    ],
    "Gyönk": [
        18.47694,
        46.55603
    ],
    "Gyöngyöstarján": [
        19.86724,
        47.81369
    ],
    "Gyöngyössolymos": [
        19.93619,
        47.81724
    ],
    "Gyöngyöspata": [
        19.78924,
        47.81505
    ],
    "Gyöngyöshalász": [
        19.92876,
        47.74161
    ],
    "Gyöngyös": [
        19.928,
        47.78257
    ],
    "Gyömrő": [
        19.40133,
        47.42733
    ],
    "Gyenesdiás": [
        17.2866,
        46.77058
    ],
    "Gyál": [
        19.2214,
        47.38449
    ],
    "Gomba": [
        19.53057,
        47.37095
    ],
    "Gödöllő": [
        19.35515,
        47.59657
    ],
    "Göd": [
        19.13417,
        47.68324
    ],
    "Gencsapáti": [
        16.59575,
        47.28496
    ],
    "Gárdony": [
        18.63607,
        47.20942
    ],
    "Gara": [
        19.04278,
        46.03194
    ],
    "Galgamácsa": [
        19.38724,
        47.69562
    ],
    "Galgahévíz": [
        19.56667,
        47.61667
    ],
    "Fülöpszállás": [
        19.23748,
        46.82075
    ],
    "Fót": [
        19.1887,
        47.6177
    ],
    "Forrópuszta": [
        19.66,
        47.45504
    ],
    "Forráskút": [
        19.90973,
        46.36528
    ],
    "Fonyód": [
        17.57945,
        46.75552
    ],
    "Fertőszentmiklós": [
        16.87517,
        47.58996
    ],
    "Fertőrákos": [
        16.6504,
        47.72017
    ],
    "Fertőd": [
        16.87088,
        47.62173
    ],
    "Felsőszentiván": [
        19.18686,
        46.19713
    ],
    "Felsőpakony": [
        19.23698,
        47.34328
    ],
    "Fehérvárcsurgó": [
        18.2646,
        47.29349
    ],
    "Farmos": [
        19.84619,
        47.36067
    ],
    "Farád": [
        17.20024,
        47.60633
    ],
    "Fadd": [
        18.81925,
        46.46476
    ],
    "Etyek": [
        18.75328,
        47.44794
    ],
    "Esztergom": [
        18.74148,
        47.7928
    ],
    "Érsekvadkert": [
        19.20231,
        47.99619
    ],
    "Érsekcsanád": [
        18.98457,
        46.25352
    ],
    "Erdőkertes": [
        19.30786,
        47.67261
    ],
    "Érd": [
        18.9136,
        47.39489
    ],
    "Ercsi": [
        18.89623,
        47.25194
    ],
    "Enying": [
        18.24202,
        46.93046
    ],
    "Előszállás": [
        18.83481,
        46.83094
    ],
    "Ecser": [
        19.3245,
        47.44389
    ],
    "Ecséd": [
        19.76696,
        47.73267
    ],
    "Dusnok": [
        18.96296,
        46.39085
    ],
    "Dunavecse": [
        18.97433,
        46.91407
    ],
    "Dunavarsány": [
        19.06617,
        47.27859
    ],
    "Dunaújváros": [
        18.93333,
        46.98333
    ],
    "Dunaszentgyörgy": [
        18.81771,
        46.52852
    ],
    "Dunaszekcső": [
        18.75865,
        46.08663
    ],
    "Dunapataj": [
        18.99632,
        46.644
    ],
    "Dunakeszi": [
        19.13864,
        47.6364
    ],
    "Dunaharaszti": [
        19.09822,
        47.3545
    ],
    "Dunaföldvár": [
        18.92638,
        46.808
    ],
    "Dunabogdány": [
        19.04125,
        47.79052
    ],
    "Dunaalmás": [
        18.32235,
        47.72868
    ],
    "Dorog": [
        18.7364,
        47.72095
    ],
    "Dömsöd": [
        19.01106,
        47.09005
    ],
    "Domony": [
        19.43229,
        47.65552
    ],
    "Dombóvár": [
        18.13696,
        46.37657
    ],
    "Döbrököz": [
        18.23952,
        46.42178
    ],
    "Diósjenő": [
        19.04317,
        47.93968
    ],
    "Diósd": [
        18.94898,
        47.4095
    ],
    "Devecser": [
        17.43802,
        47.10316
    ],
    "Délegyháza": [
        19.09019,
        47.24135
    ],
    "Dég": [
        18.45042,
        46.86807
    ],
    "Decs": [
        18.76,
        46.28428
    ],
    "Dávod": [
        18.91722,
        45.995
    ],
    "Dány": [
        19.544,
        47.52
    ],
    "Dánszentmiklós": [
        19.54695,
        47.21486
    ],
    "Dabas": [
        19.31091,
        47.18594
    ],
    "Csurgó": [
        17.1006,
        46.25314
    ],
    "Csorna": [
        17.25012,
        47.61155
    ],
    "Csopak": [
        17.91819,
        46.97709
    ],
    "Csömör": [
        19.23333,
        47.55
    ],
    "Csolnok": [
        18.71611,
        47.69116
    ],
    "Csobánka": [
        18.96189,
        47.64637
    ],
    "Csetény": [
        17.99208,
        47.31806
    ],
    "Cserszegtomaj": [
        17.22096,
        46.80165
    ],
    "Csepreg": [
        16.70881,
        47.40098
    ],
    "Csengőd": [
        19.26802,
        46.71543
    ],
    "Csengele": [
        19.86358,
        46.54234
    ],
    "Csemő": [
        19.69092,
        47.11799
    ],
    "Csávoly": [
        19.14667,
        46.18917
    ],
    "Császártöltés": [
        19.18361,
        46.42194
    ],
    "Császár": [
        18.14272,
        47.498
    ],
    "Csány": [
        19.82972,
        47.64829
    ],
    "Csákvár": [
        18.46501,
        47.39184
    ],
    "Csabrendek": [
        17.29108,
        47.01356
    ],
    "Celldömölk": [
        17.15027,
        47.25712
    ],
    "Ceglédbercel": [
        19.66828,
        47.2237
    ],
    "Cegléd": [
        19.79952,
        47.17266
    ],
    "Cece": [
        18.62826,
        46.77056
    ],
    "Bükkösd": [
        17.9882,
        46.10751
    ],
    "Bük": [
        16.75065,
        47.38486
    ],
    "Buják": [
        19.54381,
        47.88352
    ],
    "Bugyi": [
        19.14664,
        47.22748
    ],
    "Bugac": [
        19.68074,
        46.68704
    ],
    "Budapest": [
        19.03991,
        47.49801
    ],
    "Budaörs": [
        18.95845,
        47.46181
    ],
    "Budakeszi": [
        18.92717,
        47.51083
    ],
    "Budakalász": [
        19.05,
        47.61667
    ],
    "Aszód": [
        19.4785,
        47.65174
    ],
    "Bősárkány": [
        17.25,
        47.6882
    ],
    "Bordány": [
        19.92306,
        46.31843
    ],
    "Bonyhád": [
        18.53024,
        46.29921
    ],
    "Bőny": [
        17.86977,
        47.65
    ],
    "Bóly": [
        18.51833,
        45.96722
    ],
    "Boldog": [
        19.68839,
        47.60286
    ],
    "Bölcske": [
        18.96736,
        46.74102
    ],
    "Bokod": [
        18.24743,
        47.49186
    ],
    "Böhönye": [
        17.38036,
        46.41345
    ],
    "Bogyiszló": [
        18.82962,
        46.38638
    ],
    "Bodajk": [
        18.23312,
        47.32352
    ],
    "Bicske": [
        18.64404,
        47.48419
    ],
    "Biatorbágy": [
        18.81892,
        47.4706
    ],
    "Berzence": [
        17.1481,
        46.20908
    ],
    "Berhida": [
        18.12948,
        47.11131
    ],
    "Beremend": [
        18.43263,
        45.79108
    ],
    "Bercel": [
        19.40715,
        47.87057
    ],
    "Beled": [
        17.09294,
        47.46594
    ],
    "Becsehely": [
        16.7771,
        46.44755
    ],
    "Bátya": [
        18.95419,
        46.488
    ],
    "Bátonyterenye": [
        19.84076,
        47.96962
    ],
    "Bátaszék": [
        18.72307,
        46.19373
    ],
    "Báta": [
        18.77027,
        46.12864
    ],
    "Barcs": [
        17.45861,
        45.96
    ],
    "Baracska": [
        18.75854,
        47.28225
    ],
    "Baracs": [
        18.90658,
        46.88202
    ],
    "Ballószög": [
        19.57092,
        46.86216
    ],
    "Balatonszárszó": [
        17.82426,
        46.82946
    ],
    "Balatonszabadi": [
        18.13738,
        46.89398
    ],
    "Balatonlelle": [
        17.69498,
        46.78318
    ],
    "Balatonkenese": [
        18.10671,
        47.04019
    ],
    "Balatonfüred": [
        17.87187,
        46.96188
    ],
    "Balatonföldvár": [
        17.88123,
        46.85255
    ],
    "Balatonfenyves": [
        17.49223,
        46.71542
    ],
    "Balatonboglár": [
        17.64414,
        46.77525
    ],
    "Balatonberény": [
        17.32013,
        46.70702
    ],
    "Balatonalmádi": [
        18.02076,
        47.03526
    ],
    "Balassagyarmat": [
        19.29614,
        48.07296
    ],
    "Bakonyszentlászló": [
        17.80321,
        47.38901
    ],
    "Bakonycsernye": [
        18.07509,
        47.32395
    ],
    "Bajna": [
        18.5972,
        47.654
    ],
    "Baja": [
        18.95639,
        46.17496
    ],
    "Baj": [
        18.3641,
        47.64593
    ],
    "Bag": [
        19.48333,
        47.63333
    ],
    "Badacsonytomaj": [
        17.51385,
        46.80711
    ],
    "Bácsbokod": [
        19.15621,
        46.125
    ],
    "Bácsalmás": [
        19.3326,
        46.12648
    ],
    "Bábolna": [
        17.97798,
        47.64361
    ],
    "Babócsa": [
        17.34332,
        46.04155
    ],
    "Ásványráró": [
        17.49418,
        47.82733
    ],
    "Ásotthalom": [
        19.78334,
        46.19875
    ],
    "Apostag": [
        18.9621,
        46.88208
    ],
    "Apc": [
        19.69429,
        47.79419
    ],
    "Alsónémedi": [
        19.15843,
        47.31524
    ],
    "Almásfüzitő": [
        18.26153,
        47.72752
    ],
    "Albertirsa": [
        19.61686,
        47.24315
    ],
    "Alap": [
        18.68938,
        46.79914
    ],
    "Akasztó": [
        19.20423,
        46.69167
    ],
    "Ajka": [
        17.55892,
        47.10196
    ],
    "Ágfalva": [
        16.51658,
        47.68991
    ],
    "Ágasegyháza": [
        19.45208,
        46.84026
    ],
    "Adony": [
        18.86493,
        47.1194
    ],
    "Ádánd": [
        18.16442,
        46.85931
    ],
    "Adács": [
        19.97696,
        47.6921
    ],
    "Acsa": [
        19.38795,
        47.79425
    ],
    "Ács": [
        18.01131,
        47.71231
    ],
    "Abda": [
        17.54488,
        47.69464
    ],
    "Aba": [
        18.52172,
        47.02907
    ],
    "Tiszaalpár": [
        19.99841,
        46.81279
    ],
    "Budapest XII. kerület": [
        19.01493,
        47.49192
    ],
    "Budapest XI. kerület": [
        19.03605,
        47.47603
    ],
    "Budapest IX. kerület": [
        19.06591,
        47.48299
    ],
    "Budapest VIII. kerület": [
        19.07012,
        47.48919
    ],
    "Budapest VII. kerület": [
        19.06875,
        47.50045
    ],
    "Budapest VI. kerület": [
        19.06583,
        47.50369
    ],
    "Budapest XIV. kerület": [
        19.10789,
        47.5183
    ],
    "Budapest XIII. kerület": [
        19.08068,
        47.52978
    ],
    "Budapest IV. kerület": [
        19.08909,
        47.56182
    ],
    "Budapest XV. kerület": [
        19.11681,
        47.56263
    ],
    "Budapest XVI. kerület": [
        19.17028,
        47.51482
    ],
    "Budapest X. kerület": [
        19.15835,
        47.4791
    ],
    "Budapest XIX. kerület": [
        19.14943,
        47.45293
    ],
    "Budapest XVIII. kerület": [
        19.17595,
        47.44417
    ],
    "Budapest XXIII. kerület": [
        19.11492,
        47.39788
    ],
    "Budapest XXII. kerület": [
        19.04016,
        47.42698
    ],
    "Budapest XXI. kerület": [
        19.07098,
        47.43047
    ],
    "Budapest XX. kerület": [
        19.10093,
        47.43674
    ],
    "Budapest XVII. kerület": [
        19.25388,
        47.47997
    ],
    "Budapest III. kerület": [
        19.04501,
        47.54157
    ],
    "Budapest II. kerület": [
        19.03184,
        47.51291
    ],
    "Budapest I. kerület": [
        19.03961,
        47.49705
    ],
    "Algyő": [
        20.20849,
        46.33472
    ],
    "Szelevény": [
        20.20283,
        46.80259
    ],
    "Kismaros": [
        19.00463,
        47.83742
    ],
    "Héhalom": [
        19.58519,
        47.78017
    ],
    "Mosonszentmiklós": [
        17.42784,
        47.72778
    ],
    "Kerepes": [
        19.28289,
        47.56008
    ],
    "Tiszaszőlős": [
        20.71949,
        47.55707
    ]
}