{
    "Shingū": [
        130.43333,
        33.71667
    ],
    "Atsugi": [
        139.35972,
        35.43889
    ],
    "Akashi": [
        134.98333,
        34.63333
    ],
    "Zushi": [
        139.58556,
        35.29167
    ],
    "Zama": [
        139.38861,
        35.48889
    ],
    "Yuza": [
        139.91667,
        39
    ],
    "Yukuhashi": [
        130.983,
        33.72873
    ],
    "Yūki": [
        139.88333,
        36.3
    ],
    "Yugawara": [
        139.06667,
        35.15
    ],
    "Yoshino-chō": [
        135.85768,
        34.39611
    ],
    "Yoshikawa": [
        139.83944,
        35.88528
    ],
    "Yoshii": [
        138.98333,
        36.25
    ],
    "Yoshida": [
        138.88333,
        37.68333
    ],
    "Yorii": [
        139.2,
        36.11667
    ],
    "Yono": [
        139.63333,
        35.88333
    ],
    "Yonakuni": [
        123,
        24.46667
    ],
    "Yonago": [
        133.33333,
        35.43333
    ],
    "Yokosuka": [
        139.66722,
        35.28361
    ],
    "Yokohama-shi": [
        139.6425,
        35.44778
    ],
    "Yokkaichi": [
        136.61667,
        34.96667
    ],
    "Youkaichi": [
        136.19768,
        35.11626
    ],
    "Yawata": [
        135.7027,
        34.87009
    ],
    "Yatsushiro": [
        130.6,
        32.5
    ],
    "Yatsuo": [
        137.13333,
        36.56667
    ],
    "Yasugichō": [
        133.24224,
        35.42146
    ],
    "Yasu": [
        136.02327,
        35.06801
    ],
    "Yashiro": [
        134.96667,
        34.91667
    ],
    "Yashio-shi": [
        139.83905,
        35.82255
    ],
    "Yao": [
        135.6,
        34.61667
    ],
    "Yanai": [
        132.11667,
        33.96667
    ],
    "Yanagawa": [
        140.6,
        37.85
    ],
    "Yamasaki": [
        134.55,
        35
    ],
    "Yamaguchi-shi": [
        131.47139,
        34.18583
    ],
    "Yamaga": [
        130.68333,
        33.01667
    ],
    "Yaizu": [
        138.33333,
        34.86667
    ],
    "Yaita": [
        139.93333,
        36.8
    ],
    "Warabi": [
        139.70444,
        35.82639
    ],
    "Waki": [
        134.15,
        34.06667
    ],
    "Utsunomiya-shi": [
        139.88361,
        36.56583
    ],
    "Uto": [
        130.66667,
        32.68333
    ],
    "Usuki": [
        131.78778,
        33.10806
    ],
    "Ushibuka": [
        130.02554,
        32.19537
    ],
    "Ureshino": [
        129.98333,
        33.1
    ],
    "Urayasu": [
        139.88861,
        35.67056
    ],
    "Uozu": [
        137.4,
        36.8
    ],
    "Umi": [
        130.5,
        33.56667
    ],
    "Ujiie": [
        139.96667,
        36.68333
    ],
    "Uji": [
        135.8,
        34.88333
    ],
    "Uenohara": [
        139.11667,
        35.61667
    ],
    "Ueno": [
        136.13333,
        34.75
    ],
    "Ueki": [
        130.68333,
        32.9
    ],
    "Ueda": [
        138.26667,
        36.4
    ],
    "Ube": [
        131.25111,
        33.94306
    ],
    "Tsuyama": [
        133.99885,
        35.05215
    ],
    "Tsushima": [
        136.71667,
        35.16667
    ],
    "Tsurusaki": [
        131.68444,
        33.24
    ],
    "Tsuruoka": [
        139.82167,
        38.72167
    ],
    "Tsurugi": [
        136.63333,
        36.45
    ],
    "Tsuruga": [
        136.0558,
        35.64547
    ],
    "Tsuma": [
        131.4,
        32.1
    ],
    "Tsukumi": [
        131.85722,
        33.07056
    ],
    "Tsukawaki": [
        131.15,
        33.26667
    ],
    "Tsuiki": [
        131.03776,
        33.67307
    ],
    "Tsubata": [
        136.73333,
        36.66667
    ],
    "Tsubame": [
        138.93333,
        37.65
    ],
    "Tsu-shi": [
        136.50861,
        34.73028
    ],
    "Toyota": [
        137.15,
        35.08333
    ],
    "Toyoshina": [
        137.90108,
        36.29991
    ],
    "Toyooka": [
        134.82038,
        35.54008
    ],
    "Toyonaka": [
        135.46932,
        34.78244
    ],
    "Toyokawa": [
        137.4,
        34.81667
    ],
    "Toyohashi": [
        137.38333,
        34.76667
    ],
    "Toyohama": [
        136.93425,
        34.70933
    ],
    "Toyama-shi": [
        137.21139,
        36.69528
    ],
    "Tottori": [
        134.23333,
        35.5
    ],
    "Tosu": [
        130.51667,
        33.36667
    ],
    "Tonoshō": [
        134.18333,
        34.48333
    ],
    "Tondabayashi": [
        135.6,
        34.5
    ],
    "Tomioka": [
        138.9,
        36.25
    ],
    "Tomigusuku": [
        127.675,
        26.185
    ],
    "Tokyo": [
        139.69171,
        35.6895
    ],
    "Tokuyama": [
        131.81667,
        34.05
    ],
    "Tokushima-shi": [
        134.55944,
        34.06583
    ],
    "Tokorozawa": [
        139.46903,
        35.79916
    ],
    "Tokoname": [
        136.85,
        34.88333
    ],
    "Toki": [
        137.18333,
        35.35
    ],
    "Tōkamachi": [
        138.76667,
        37.13333
    ],
    "Togitsu": [
        129.85,
        32.83333
    ],
    "Tochio": [
        139,
        37.46667
    ],
    "Tochigi": [
        139.73333,
        36.38333
    ],
    "Toba": [
        136.84186,
        34.4833
    ],
    "Tenri": [
        135.83333,
        34.58333
    ],
    "Tennō": [
        139.96667,
        39.9
    ],
    "Tawaramoto": [
        135.8,
        34.55
    ],
    "Tatsuno": [
        134.55,
        34.86667
    ],
    "Tateyama": [
        139.86667,
        34.98333
    ],
    "Tatebayashi": [
        139.53333,
        36.25
    ],
    "Tarumizu": [
        130.7,
        31.48333
    ],
    "Tarui": [
        136.53333,
        35.36667
    ],
    "Tanushimaru": [
        130.68333,
        33.35
    ],
    "Tanuma": [
        139.58333,
        36.36667
    ],
    "Nishi-Tokyo-shi": [
        139.5383,
        35.72526
    ],
    "Tanashichō": [
        139.53391,
        35.7303
    ],
    "Tanabe": [
        135.36667,
        33.73333
    ],
    "Tamano": [
        133.95,
        34.48333
    ],
    "Tamana": [
        130.56667,
        32.91667
    ],
    "Tamamura": [
        139.11667,
        36.3
    ],
    "Taketoyo": [
        136.91667,
        34.85
    ],
    "Takeo": [
        130.01667,
        33.2
    ],
    "Takehara": [
        132.91667,
        34.33833
    ],
    "Takefu": [
        136.16687,
        35.90393
    ],
    "Takedamachi": [
        131.4,
        32.96667
    ],
    "Takayama": [
        137.25,
        36.13333
    ],
    "Takatsuki": [
        135.61678,
        34.84833
    ],
    "Takasaki": [
        139.01667,
        36.33333
    ],
    "Takarazuka": [
        135.35697,
        34.79936
    ],
    "Takaoka": [
        137.01667,
        36.75
    ],
    "Takanabe": [
        131.5,
        32.13333
    ],
    "Takamatsu-shi": [
        134.04333,
        34.34028
    ],
    "Takaishi": [
        135.43333,
        34.51667
    ],
    "Takahashi": [
        133.61667,
        34.78333
    ],
    "Takahama": [
        136.98333,
        34.91667
    ],
    "Bungo-Takada-shi": [
        131.44506,
        33.5567
    ],
    "Tajimi": [
        137.13333,
        35.31667
    ],
    "Tahara": [
        137.26667,
        34.66667
    ],
    "Tagawa": [
        130.8,
        33.63333
    ],
    "Tadotsu": [
        133.75,
        34.275
    ],
    "Tachikawa": [
        139.41806,
        35.69278
    ],
    "Suzuka": [
        136.58333,
        34.88333
    ],
    "Suzaka": [
        138.31667,
        36.65
    ],
    "Suwa": [
        138.11308,
        36.03799
    ],
    "Susaki": [
        133.29128,
        33.39471
    ],
    "Sumoto": [
        134.9,
        34.35
    ],
    "Sukumo": [
        132.73333,
        32.93333
    ],
    "Suita": [
        135.51567,
        34.76143
    ],
    "Suibara": [
        139.23333,
        37.83333
    ],
    "Sugito": [
        139.72636,
        36.03107
    ],
    "Sueyoshichō-ninokata": [
        131.01667,
        31.65
    ],
    "Sōka": [
        139.80444,
        35.82028
    ],
    "Sōja": [
        133.75,
        34.66667
    ],
    "Sobue": [
        136.71667,
        35.25
    ],
    "Shōbu": [
        139.6,
        36.06667
    ],
    "Shōbara": [
        133.01667,
        34.85
    ],
    "Shizuoka-shi": [
        138.38306,
        34.97694
    ],
    "Shirone": [
        139.01667,
        37.76667
    ],
    "Shiraoka": [
        139.66034,
        36.01839
    ],
    "Shirahama": [
        134.71667,
        34.78333
    ],
    "Shiozawa": [
        138.85,
        37.03333
    ],
    "Shiojiri": [
        137.96667,
        36.1
    ],
    "Shinshiro": [
        137.5,
        34.9
    ],
    "Shin’ichi": [
        133.27297,
        34.55543
    ],
    "Shinagawa-ku": [
        139.73017,
        35.60902
    ],
    "Shimonoseki": [
        130.95,
        33.95
    ],
    "Shimodate": [
        139.98333,
        36.3
    ],
    "Shimoda": [
        138.95,
        34.66667
    ],
    "Shimminatochō": [
        135.2,
        34.18333
    ],
    "Shimminato": [
        137.06667,
        36.78333
    ],
    "Shimada": [
        138.18333,
        34.81667
    ],
    "Shimabara": [
        130.36667,
        32.78333
    ],
    "Shiki": [
        139.58333,
        35.83333
    ],
    "Shiida": [
        131.05797,
        33.65341
    ],
    "Shido": [
        134.17333,
        34.32333
    ],
    "Shibushi": [
        131.105,
        31.46667
    ],
    "Shibukawa": [
        139,
        36.48333
    ],
    "Shibata": [
        139.33333,
        37.95
    ],
    "Seto": [
        137.1,
        35.23333
    ],
    "Setaka": [
        130.46667,
        33.15
    ],
    "Satsumasendai": [
        130.3,
        31.81667
    ],
    "Satte": [
        139.72615,
        36.07254
    ],
    "Sasebo": [
        129.72278,
        33.15917
    ],
    "Sasayama": [
        135.21667,
        35.06667
    ],
    "Sasaguri": [
        130.53333,
        33.61667
    ],
    "Sano": [
        139.58333,
        36.31667
    ],
    "Sanjō": [
        138.95,
        37.61667
    ],
    "Sanda": [
        135.23333,
        34.88333
    ],
    "Sakurai": [
        135.85,
        34.5
    ],
    "Saku": [
        138.48333,
        36.21667
    ],
    "Sakata": [
        139.855,
        38.91667
    ],
    "Sakaiminato": [
        133.23333,
        35.55
    ],
    "Sakaide": [
        133.85,
        34.31667
    ],
    "Sakai": [
        135.46667,
        34.58333
    ],
    "Sakado": [
        139.38889,
        35.95694
    ],
    "Saiki": [
        131.9,
        32.95
    ],
    "Sagara": [
        138.2,
        34.68333
    ],
    "Sagamihara": [
        139.35444,
        35.55306
    ],
    "Saga-shi": [
        130.2988,
        33.24932
    ],
    "Sabae": [
        136.18498,
        35.94647
    ],
    "Ryūō": [
        138.5,
        35.65
    ],
    "Ryōtsu": [
        138.43333,
        38.08333
    ],
    "Ōzu": [
        132.55,
        33.5
    ],
    "Oyama": [
        139.8,
        36.3
    ],
    "Ōyama": [
        138.21667,
        34.6
    ],
    "Owase": [
        136.2,
        34.06667
    ],
    "Ōtsuki": [
        138.93333,
        35.6
    ],
    "Ōtsu-shi": [
        135.86833,
        35.00444
    ],
    "Ōtake": [
        132.21667,
        34.2
    ],
    "Ōta": [
        139.36667,
        36.3
    ],
    "Ōsaka-shi": [
        135.50218,
        34.69374
    ],
    "Onomichi": [
        133.2,
        34.41667
    ],
    "Onoda": [
        131.18361,
        34.00139
    ],
    "Ono": [
        134.93333,
        34.85
    ],
    "Ōno-hara": [
        132.26667,
        34.28333
    ],
    "Ōmuta": [
        130.45,
        33.03333
    ],
    "Ōmura": [
        129.95389,
        32.92139
    ],
    "Ōme": [
        139.24306,
        35.78389
    ],
    "Ōmama": [
        139.28333,
        36.43333
    ],
    "Ōmachi": [
        137.86667,
        36.5
    ],
    "Ōkuchi": [
        130.61667,
        32.06667
    ],
    "Okegawa": [
        139.55722,
        36
    ],
    "Okazaki": [
        137.16667,
        34.95
    ],
    "Okayama-shi": [
        133.935,
        34.66167
    ],
    "Okaya": [
        138.0451,
        36.05659
    ],
    "Ōkawa": [
        130.35,
        33.2
    ],
    "Ojiya": [
        138.8,
        37.3
    ],
    "Ōita-shi": [
        131.6125,
        33.23806
    ],
    "Ōiso": [
        139.30278,
        35.30306
    ],
    "Ōi": [
        139.51998,
        35.85091
    ],
    "Ogōri-shimogō": [
        131.4,
        34.1
    ],
    "Ogawa": [
        139.26667,
        36.05
    ],
    "Ōgaki": [
        136.61667,
        35.35
    ],
    "Odawara": [
        139.15972,
        35.25556
    ],
    "Ōdachō-ōda": [
        132.50846,
        35.19025
    ],
    "Ōbu": [
        136.96667,
        35
    ],
    "Obita": [
        129.88333,
        32.81667
    ],
    "Obama": [
        135.74604,
        35.49576
    ],
    "Nyūzen": [
        137.5,
        36.93333
    ],
    "Numazu": [
        138.86667,
        35.1
    ],
    "Numata": [
        139.05,
        36.63333
    ],
    "Nonoichi": [
        136.61667,
        36.53333
    ],
    "Nōgata": [
        130.73333,
        33.73333
    ],
    "Noda": [
        139.85806,
        35.94111
    ],
    "Nobeoka": [
        131.66667,
        32.58333
    ],
    "Nishiwaki": [
        134.96667,
        34.98333
    ],
    "Nishio": [
        137.05,
        34.86667
    ],
    "Nishinoomote": [
        131,
        30.73333
    ],
    "Nishinomiya": [
        135.33333,
        34.71667
    ],
    "Nirasaki": [
        138.45,
        35.7
    ],
    "Ninomiya": [
        139.25333,
        35.30333
    ],
    "Nikkō": [
        139.61667,
        36.75
    ],
    "Niitsu": [
        139.11667,
        37.8
    ],
    "Niimi": [
        133.46667,
        34.98333
    ],
    "Niihama": [
        133.30522,
        33.96047
    ],
    "Niigata-shi": [
        139.02361,
        37.90222
    ],
    "Nichinan": [
        131.36667,
        31.6
    ],
    "Nerima-ku": [
        139.65,
        35.73333
    ],
    "Naze": [
        129.48333,
        28.36667
    ],
    "Naruto": [
        134.61667,
        34.18333
    ],
    "Nara-shi": [
        135.80485,
        34.68505
    ],
    "Nanao": [
        136.96667,
        37.05
    ],
    "Namerikawa": [
        137.33333,
        36.76667
    ],
    "Nakatsugawa": [
        137.5,
        35.48333
    ],
    "Nakatsu": [
        131.1883,
        33.59811
    ],
    "Nakanojō": [
        138.85,
        36.58333
    ],
    "Nakano": [
        138.36667,
        36.75
    ],
    "Nakamura": [
        132.93333,
        32.98333
    ],
    "Nakama": [
        130.7,
        33.81667
    ],
    "Naha-shi": [
        127.68111,
        26.2125
    ],
    "Nagoya-shi": [
        136.90641,
        35.18147
    ],
    "Nago": [
        127.97611,
        26.58806
    ],
    "Nagasaki-shi": [
        129.87361,
        32.74472
    ],
    "Nagareyama": [
        139.90266,
        35.8563
    ],
    "Nagaoka": [
        138.85,
        37.45
    ],
    "Nagano-shi": [
        138.18111,
        36.65139
    ],
    "Nagahama": [
        136.26667,
        35.38333
    ],
    "Nabari": [
        136.08333,
        34.61667
    ],
    "Musashino": [
        139.55944,
        35.70611
    ],
    "Muroto": [
        134.15,
        33.28333
    ],
    "Muramatsu": [
        139.18333,
        37.68333
    ],
    "Murakami": [
        139.48333,
        38.23333
    ],
    "Mukō": [
        135.70415,
        34.96545
    ],
    "Muikamachi": [
        138.88333,
        37.06667
    ],
    "Morohongō": [
        139.30444,
        35.93556
    ],
    "Moriyama": [
        135.98333,
        35.06667
    ],
    "Moriguchi": [
        135.56667,
        34.73333
    ],
    "Mori": [
        137.93333,
        34.83333
    ],
    "Mizunami": [
        137.25,
        35.36667
    ],
    "Miyoshi": [
        132.85,
        34.8
    ],
    "Miyazu": [
        135.18333,
        35.53333
    ],
    "Miyazaki-shi": [
        131.42389,
        31.91111
    ],
    "Miyakonojō": [
        131.06667,
        31.73333
    ],
    "Miyajima": [
        132.32612,
        34.30183
    ],
    "Miyada": [
        130.66667,
        33.71667
    ],
    "Mitsuke": [
        138.93333,
        37.53333
    ],
    "Mitsukaidō": [
        139.98333,
        36.01667
    ],
    "Mitake": [
        137.13333,
        35.41667
    ],
    "Mitaka-shi": [
        139.55963,
        35.68351
    ],
    "Mishima": [
        138.91667,
        35.11667
    ],
    "Mino": [
        136.91667,
        35.53333
    ],
    "Minami-rinkan": [
        139.45,
        35.48333
    ],
    "Minamata": [
        130.4,
        32.21667
    ],
    "Minakuchi": [
        136.16667,
        34.96667
    ],
    "Mikuni": [
        136.15185,
        36.21706
    ],
    "Miki": [
        134.98333,
        34.8
    ],
    "Mihara": [
        133.08333,
        34.4
    ],
    "Mibu": [
        139.8,
        36.41667
    ],
    "Menuma": [
        139.38333,
        36.21667
    ],
    "Matsutō": [
        136.56667,
        36.51667
    ],
    "Matsuzaka": [
        136.53333,
        34.56667
    ],
    "Matsumoto": [
        137.96667,
        36.23333
    ],
    "Matsue-shi": [
        133.05056,
        35.47222
    ],
    "Matsudo": [
        139.9,
        35.78333
    ],
    "Matsubase": [
        130.66667,
        32.65
    ],
    "Matsubara": [
        135.55,
        34.56667
    ],
    "Masuda": [
        131.85,
        34.66667
    ],
    "Maruoka": [
        136.27029,
        36.1534
    ],
    "Maruko": [
        138.26667,
        36.31667
    ],
    "Marugame": [
        133.78333,
        34.28333
    ],
    "Makurazaki": [
        130.31667,
        31.26667
    ],
    "Maki": [
        138.88333,
        37.75
    ],
    "Maizuru": [
        135.33333,
        35.45
    ],
    "Maebashi-shi": [
        139.06083,
        36.39111
    ],
    "Maebaru": [
        130.2,
        33.55
    ],
    "Machida": [
        139.45083,
        35.54028
    ],
    "Kyoto": [
        135.75385,
        35.02107
    ],
    "Kuwana": [
        136.7,
        35.06667
    ],
    "Kushikino": [
        130.26667,
        31.71667
    ],
    "Kusatsu": [
        135.96667,
        35.01667
    ],
    "Kurume": [
        130.51667,
        33.31667
    ],
    "Kuroda": [
        136.78333,
        35.35
    ],
    "Kurihashi": [
        139.7,
        36.13333
    ],
    "Kure": [
        132.56658,
        34.23222
    ],
    "Kurayoshi": [
        133.81667,
        35.43333
    ],
    "Kurashiki": [
        133.76667,
        34.58333
    ],
    "Kumamoto-shi": [
        130.74167,
        32.78972
    ],
    "Kumagaya": [
        139.38333,
        36.13333
    ],
    "Kukichūō": [
        139.67498,
        36.06739
    ],
    "Kudamatsu": [
        131.86667,
        34
    ],
    "Kozakai-chō": [
        137.35889,
        34.8
    ],
    "Kosugi": [
        137.1,
        36.71667
    ],
    "Koshigaya": [
        139.78333,
        35.88333
    ],
    "Kosai-shi": [
        137.53175,
        34.7184
    ],
    "Kōnosu": [
        139.51684,
        36.06868
    ],
    "Kōnan": [
        136.87042,
        35.33165
    ],
    "Komoro": [
        138.43333,
        36.31667
    ],
    "Komono": [
        136.51667,
        35
    ],
    "Komatsushima": [
        134.58333,
        34
    ],
    "Komatsu": [
        136.45088,
        36.40263
    ],
    "Komaki": [
        136.91667,
        35.28333
    ],
    "Kokubunji": [
        139.47556,
        35.70222
    ],
    "Kokubu-matsuki": [
        130.76667,
        31.73333
    ],
    "Koganei": [
        139.50111,
        35.69139
    ],
    "Koga": [
        130.46667,
        33.73333
    ],
    "Kōfu-shi": [
        138.56833,
        35.66389
    ],
    "Kodama": [
        139.13333,
        36.18333
    ],
    "Kodaira": [
        139.48389,
        35.72639
    ],
    "Kōchi-shi": [
        133.53111,
        33.55972
    ],
    "Kōbe-shi": [
        135.183,
        34.6913
    ],
    "Kobayashi": [
        130.98333,
        31.98333
    ],
    "Kitsuki": [
        131.61667,
        33.41667
    ],
    "Kitakyūshū": [
        130.83333,
        33.83333
    ],
    "Kitakata": [
        139.86667,
        37.65
    ],
    "Kitahama": [
        135.91667,
        35.16667
    ],
    "Kishiwada": [
        135.36667,
        34.46667
    ],
    "Kisarazu": [
        139.9225,
        35.37472
    ],
    "Kisai": [
        139.58333,
        36.1
    ],
    "Kiryū": [
        139.33333,
        36.4
    ],
    "Kikuchi": [
        130.81667,
        32.98333
    ],
    "Kazo": [
        139.6,
        36.11667
    ],
    "Kawasaki": [
        130.81495,
        33.59993
    ],
    "Kawanishi": [
        135.41667,
        34.81667
    ],
    "Kawaguchi": [
        140.1003,
        35.0969
    ],
    "Kawagoe": [
        139.48528,
        35.90861
    ],
    "Katsuyama": [
        136.50101,
        36.06173
    ],
    "Kasukabe": [
        139.74424,
        35.98122
    ],
    "Kasugai": [
        136.97229,
        35.24762
    ],
    "Kashiwazaki": [
        138.55,
        37.36667
    ],
    "Kashiwa": [
        139.96889,
        35.85444
    ],
    "Kashima": [
        130.09056,
        33.10611
    ],
    "Kashihara-shi": [
        135.7929,
        34.50896
    ],
    "Kashihara": [
        135.61667,
        34.58333
    ],
    "Kaseda-shirakame": [
        130.31667,
        31.41667
    ],
    "Kasaoka": [
        133.5,
        34.5
    ],
    "Kasamatsuchō": [
        136.76667,
        35.36667
    ],
    "Kariya": [
        136.98333,
        34.98333
    ],
    "Karatsu": [
        129.96972,
        33.4425
    ],
    "Kanzaki": [
        130.36667,
        33.3
    ],
    "Kanuma": [
        139.73333,
        36.55
    ],
    "Kanoya": [
        130.85,
        31.38333
    ],
    "Kanonji": [
        133.65,
        34.11667
    ],
    "Kannabechō-yahiro": [
        133.41796,
        34.55808
    ],
    "Kanie": [
        136.8,
        35.13333
    ],
    "Kaneko": [
        139,
        36.4
    ],
    "Kanda": [
        130.98333,
        33.78333
    ],
    "Kanazawa-shi": [
        136.62556,
        36.59444
    ],
    "Kanaya": [
        138.13333,
        34.81667
    ],
    "Kamojima": [
        134.35,
        34.06667
    ],
    "Kamogata": [
        133.58333,
        34.53333
    ],
    "Kamo": [
        139.05,
        37.65
    ],
    "Kamirenjaku": [
        139.55665,
        35.70034
    ],
    "Kaminokawa": [
        139.91667,
        36.43333
    ],
    "Kamiichi": [
        137.36667,
        36.7
    ],
    "Kameyama": [
        136.45,
        34.85
    ],
    "Kameoka": [
        135.58333,
        35
    ],
    "Kameda": [
        139.11667,
        37.86667
    ],
    "Kamakura": [
        139.55028,
        35.30889
    ],
    "Kakogawa": [
        134.85,
        34.76667
    ],
    "Kakegawa": [
        138.01667,
        34.76667
    ],
    "Kakamigahara": [
        136.86667,
        35.41667
    ],
    "Kashima-shi": [
        140.64474,
        35.96536
    ],
    "Kajiki": [
        130.66667,
        31.73333
    ],
    "Kaizuka": [
        135.35,
        34.45
    ],
    "Kainan": [
        135.2,
        34.15
    ],
    "Kagoshima-shi": [
        130.55814,
        31.56018
    ],
    "Kadoma": [
        135.58333,
        34.73333
    ],
    "Izumo": [
        132.76667,
        35.36667
    ],
    "Izumiōtsu": [
        135.4,
        34.5
    ],
    "Izumi": [
        130.36667,
        32.08333
    ],
    "Iwatsuki": [
        139.68502,
        35.95225
    ],
    "Iwata": [
        137.85,
        34.7
    ],
    "Iwakura": [
        136.86667,
        35.28333
    ],
    "Iwakuni": [
        132.18333,
        34.15
    ],
    "Iwai": [
        139.9,
        36.05
    ],
    "Iwade": [
        135.31667,
        34.25
    ],
    "Itsukaichi": [
        139.21778,
        35.72528
    ],
    "Itoman": [
        127.66918,
        26.12647
    ],
    "Itoigawa": [
        137.85,
        37.03333
    ],
    "Itō": [
        139.08333,
        34.96667
    ],
    "Itami": [
        135.40126,
        34.78427
    ],
    "Ishiki": [
        137.01667,
        34.8
    ],
    "Ishikawa": [
        140.45,
        37.15
    ],
    "Ishii": [
        134.43333,
        34.06667
    ],
    "Ishige": [
        139.96667,
        36.11667
    ],
    "Ishigaki": [
        124.15717,
        24.34478
    ],
    "Isesaki": [
        139.2,
        36.31667
    ],
    "Isehara": [
        139.30778,
        35.39056
    ],
    "Ise": [
        136.7,
        34.48333
    ],
    "Isawa": [
        138.63333,
        35.65
    ],
    "Isahaya": [
        130.04306,
        32.84111
    ],
    "Inuyama": [
        136.94295,
        35.37995
    ],
    "Ino": [
        133.43333,
        33.55
    ],
    "Innoshima": [
        133.18333,
        34.28333
    ],
    "Inazawa": [
        136.78333,
        35.25
    ],
    "Ina": [
        137.95378,
        35.82756
    ],
    "Imari": [
        129.88333,
        33.26667
    ],
    "Imaichi": [
        139.68333,
        36.71667
    ],
    "Ikoma": [
        135.7,
        34.68333
    ],
    "Ikeda": [
        133.8,
        34.01667
    ],
    "Ijūin": [
        130.4,
        31.61667
    ],
    "Iizuka": [
        130.68333,
        33.63333
    ],
    "Iiyama": [
        138.36667,
        36.85
    ],
    "Iida": [
        137.82074,
        35.51965
    ],
    "Iga": [
        136.13013,
        34.76855
    ],
    "Ichinomiya": [
        136.8,
        35.3
    ],
    "Ichikawa": [
        139.92472,
        35.71972
    ],
    "Ibusuki": [
        130.65,
        31.23333
    ],
    "Ibaraki": [
        135.56828,
        34.81641
    ],
    "Ibara": [
        133.46667,
        34.6
    ],
    "Hotaka": [
        137.88254,
        36.3396
    ],
    "Honjō": [
        139.18333,
        36.23333
    ],
    "Hondo": [
        130.2,
        32.45
    ],
    "Hōfu": [
        131.56667,
        34.05
    ],
    "Hitoyoshi": [
        130.75,
        32.21667
    ],
    "Hita": [
        130.94098,
        33.3213
    ],
    "Hisai": [
        136.46667,
        34.66667
    ],
    "Hiroshima-shi": [
        132.45937,
        34.39627
    ],
    "Hiratsuka": [
        139.34222,
        35.32306
    ],
    "Hiratachō": [
        132.81667,
        35.43333
    ],
    "Hirara": [
        125.30222,
        24.80379
    ],
    "Hirakata": [
        135.64914,
        34.81352
    ],
    "Hirado": [
        129.55247,
        33.36853
    ],
    "Hino": [
        136.25,
        35
    ],
    "Himi": [
        136.98333,
        36.85
    ],
    "Himeji": [
        134.7,
        34.81667
    ],
    "Hikone": [
        136.25,
        35.25
    ],
    "Hiji": [
        131.53333,
        33.36667
    ],
    "Hekinan": [
        136.98333,
        34.88333
    ],
    "Heda": [
        138.76667,
        34.96667
    ],
    "Hayama": [
        139.58333,
        35.26667
    ],
    "Hatsukaichi": [
        132.33333,
        34.35
    ],
    "Hatogaya-honchō": [
        139.7425,
        35.83314
    ],
    "Hashimoto": [
        135.61667,
        34.31667
    ],
    "Hanyū": [
        139.53333,
        36.16667
    ],
    "Hannō": [
        139.31806,
        35.85194
    ],
    "Handa": [
        136.93333,
        34.88333
    ],
    "Hamanoichi": [
        130.73333,
        31.71667
    ],
    "Hamamatsu": [
        137.73333,
        34.7
    ],
    "Hamakita": [
        137.78333,
        34.8
    ],
    "Hamada": [
        132.08333,
        34.88333
    ],
    "Hakui": [
        136.78333,
        36.88333
    ],
    "Hakone": [
        139.03333,
        35.18333
    ],
    "Haibara": [
        135.95,
        34.53333
    ],
    "Hagi": [
        131.41667,
        34.4
    ],
    "Haebaru": [
        127.87194,
        26.33694
    ],
    "Hadano": [
        139.22361,
        35.37111
    ],
    "Hachiōji": [
        139.32389,
        35.65583
    ],
    "Ōmihachiman": [
        136.0976,
        35.12861
    ],
    "Gyōda": [
        139.45,
        36.13333
    ],
    "Gushikawa": [
        127.86735,
        26.35937
    ],
    "Gōtsuchō": [
        132.2257,
        35.00856
    ],
    "Gotemba": [
        138.93333,
        35.3
    ],
    "Gosen": [
        139.16667,
        37.73333
    ],
    "Gose": [
        135.73333,
        34.45
    ],
    "Gojō": [
        135.7,
        34.35
    ],
    "Gōdo": [
        136.6,
        35.41667
    ],
    "Gobō": [
        135.15,
        33.88333
    ],
    "Ginowan": [
        127.76147,
        26.26265
    ],
    "Gifu-shi": [
        136.76039,
        35.42291
    ],
    "Gamagōri": [
        137.23333,
        34.83333
    ],
    "Futtsu": [
        139.81861,
        35.30528
    ],
    "Funabashi": [
        139.98333,
        35.69306
    ],
    "Fukuyama": [
        133.36667,
        34.48333
    ],
    "Fukuroi": [
        137.91667,
        34.75
    ],
    "Fukura": [
        134.71667,
        34.25
    ],
    "Fukuoka-shi": [
        130.41806,
        33.60639
    ],
    "Fukumitsu": [
        136.86667,
        36.55
    ],
    "Fukuma": [
        130.46667,
        33.76667
    ],
    "Fukui-shi": [
        136.22257,
        36.06443
    ],
    "Fukuechō": [
        128.84561,
        32.69732
    ],
    "Fukuchiyama": [
        135.11667,
        35.3
    ],
    "Fukiage": [
        139.45,
        36.1
    ],
    "Fukaya": [
        139.28333,
        36.2
    ],
    "Fujisawa": [
        139.47,
        35.34194
    ],
    "Fujioka": [
        139.08333,
        36.25
    ],
    "Fujinomiya": [
        138.61667,
        35.21667
    ],
    "Fujieda": [
        138.26667,
        34.86667
    ],
    "Fuji": [
        138.68333,
        35.16667
    ],
    "Fuchū": [
        139.48333,
        35.66667
    ],
    "Fuchūchō": [
        133.23513,
        34.5735
    ],
    "Enzan": [
        138.73333,
        35.7
    ],
    "Daitō": [
        135.61667,
        34.7
    ],
    "Chōfugaoka": [
        139.54837,
        35.65924
    ],
    "Chiryū": [
        137.03333,
        35
    ],
    "Chino": [
        138.15428,
        35.9944
    ],
    "Chikushino-shi": [
        130.5156,
        33.49631
    ],
    "Chigasaki": [
        139.40389,
        35.32611
    ],
    "Chichibu": [
        139.07639,
        35.99028
    ],
    "Chatan": [
        127.77028,
        26.30944
    ],
    "Beppu": [
        131.49751,
        33.27945
    ],
    "Ayabe": [
        135.25,
        35.3
    ],
    "Atami": [
        139.06861,
        35.08944
    ],
    "Ashiya": [
        135.30264,
        34.72807
    ],
    "Ashikaga": [
        139.45,
        36.33333
    ],
    "Arai": [
        138.25,
        37.01667
    ],
    "Annaka": [
        138.9,
        36.31667
    ],
    "Anjō": [
        137.08054,
        34.95828
    ],
    "Anan": [
        134.65,
        33.91667
    ],
    "Amagi": [
        130.65,
        33.41667
    ],
    "Amagasaki": [
        135.41667,
        34.71667
    ],
    "Akune": [
        130.2,
        32.01667
    ],
    "Akō": [
        134.4,
        34.75
    ],
    "Aki": [
        133.9,
        33.5
    ],
    "Aioi-shi": [
        134.46806,
        34.80361
    ],
    "Ageoshimo": [
        139.61382,
        35.97145
    ],
    "Okinawa": [
        127.80139,
        26.33583
    ],
    "Kushima": [
        131.2421,
        31.48621
    ],
    "Hikari": [
        131.95,
        33.955
    ],
    "Kaita": [
        132.55,
        34.36667
    ],
    "Nagato": [
        131.2,
        34.38333
    ],
    "Hasuda": [
        139.6534,
        35.97134
    ],
    "Kamifukuoka": [
        139.51393,
        35.87076
    ],
    "Sayama": [
        139.41212,
        35.85295
    ],
    "Fussa": [
        139.32361,
        35.73667
    ],
    "Kunitachi": [
        139.435,
        35.67444
    ],
    "Asaka": [
        139.60194,
        35.80472
    ],
    "Wako": [
        139.62333,
        35.78944
    ],
    "Shimotoda": [
        139.6856,
        35.81251
    ],
    "Komae": [
        139.57444,
        35.63639
    ],
    "Kimitsu": [
        139.89111,
        35.32528
    ],
    "Miura": [
        139.61917,
        35.14
    ],
    "Wakayama-shi": [
        135.1675,
        34.22611
    ],
    "Iyo": [
        132.70139,
        33.75139
    ],
    "Uwajima": [
        132.56001,
        33.22375
    ],
    "Saijō": [
        133.18333,
        33.91667
    ],
    "Matsuyama-shi": [
        132.76574,
        33.83916
    ],
    "Masaki-chō": [
        132.71124,
        33.78757
    ],
    "Kawanoe": [
        133.56667,
        34.01667
    ],
    "Hōjō": [
        132.77767,
        33.97661
    ],
    "Yuzawa": [
        140.5,
        39.16667
    ],
    "Yotsukaidō": [
        140.16667,
        35.65
    ],
    "Yonezawa": [
        140.11667,
        37.91667
    ],
    "Yokotemachi": [
        140.55034,
        39.31691
    ],
    "Yōkaichiba": [
        140.55,
        35.7
    ],
    "Yamoto": [
        141.21487,
        38.42738
    ],
    "Yamagata-shi": [
        140.36333,
        38.24056
    ],
    "Yamada": [
        141.95,
        39.46667
    ],
    "Yachimata": [
        140.31667,
        35.65
    ],
    "Watari": [
        140.85111,
        38.035
    ],
    "Wakuya": [
        141.13333,
        38.53333
    ],
    "Ushiku": [
        140.13333,
        35.96667
    ],
    "Tsukuba": [
        140.1,
        36.2
    ],
    "Toride": [
        140.08333,
        35.9
    ],
    "Tōno": [
        141.53333,
        39.31667
    ],
    "Tomobe": [
        140.3,
        36.35
    ],
    "Tomiya": [
        140.88611,
        38.39306
    ],
    "Tōgane": [
        140.36667,
        35.55
    ],
    "Tendō": [
        140.36972,
        38.35361
    ],
    "Takahata": [
        140.19111,
        38.0025
    ],
    "Takahagi": [
        140.71667,
        36.71667
    ],
    "Sukagawa": [
        140.38333,
        37.28333
    ],
    "Shizukuishi": [
        140.98442,
        39.69414
    ],
    "Shisui": [
        140.26667,
        35.71667
    ],
    "Shiroishi": [
        140.61833,
        38.00333
    ],
    "Shiroi": [
        140.06667,
        35.8
    ],
    "Shiogama": [
        141.03333,
        38.31667
    ],
    "Shinjō": [
        140.30083,
        38.75861
    ],
    "Sendai-shi": [
        140.87194,
        38.26889
    ],
    "Sawara": [
        140.5,
        35.88333
    ],
    "Sakura": [
        140.23333,
        35.71667
    ],
    "Sagae": [
        140.2725,
        38.3725
    ],
    "Ryūgasaki": [
        140.18333,
        35.9
    ],
    "Rifu": [
        140.97444,
        38.32361
    ],
    "Ōtsuchi": [
        141.9,
        39.36667
    ],
    "Ōtawara": [
        140.03333,
        36.86667
    ],
    "Onagawa Chō": [
        141.43269,
        38.44491
    ],
    "Ōmiya": [
        140.41667,
        36.55
    ],
    "Omigawa": [
        140.61667,
        35.85
    ],
    "Ōmagari": [
        140.48333,
        39.45
    ],
    "Okunoya": [
        140.41667,
        36.28333
    ],
    "Ōkawara": [
        140.73361,
        38.05
    ],
    "Ōhara": [
        140.38333,
        35.25
    ],
    "Ōfunato": [
        141.71667,
        39.07167
    ],
    "Obanazawa": [
        140.40194,
        38.60333
    ],
    "Ōarai": [
        140.6,
        36.31667
    ],
    "Ōami": [
        140.31667,
        35.51667
    ],
    "Nihommatsu": [
        140.43333,
        37.58333
    ],
    "Narutō": [
        140.41667,
        35.6
    ],
    "Narita": [
        140.31667,
        35.78333
    ],
    "Narashino": [
        140.03333,
        35.68333
    ],
    "Namie": [
        141,
        37.48333
    ],
    "Naka": [
        140.16667,
        36.05
    ],
    "Nagai": [
        140.035,
        38.10361
    ],
    "Motomiya": [
        140.4,
        37.51667
    ],
    "Motegi": [
        140.18333,
        36.51667
    ],
    "Moriya": [
        140,
        35.93333
    ],
    "Morioka-shi": [
        141.1525,
        39.70361
    ],
    "Mooka": [
        140.01667,
        36.43333
    ],
    "Mobara": [
        140.3,
        35.41667
    ],
    "Mizusawa": [
        141.13333,
        39.13333
    ],
    "Miyako": [
        141.9525,
        39.63667
    ],
    "Mito-shi": [
        140.44667,
        36.34139
    ],
    "Miharu": [
        140.48333,
        37.43333
    ],
    "Matsushima": [
        141.06105,
        38.37357
    ],
    "Mashiko": [
        140.1,
        36.46667
    ],
    "Marumori": [
        140.76667,
        37.91667
    ],
    "Makabe": [
        140.1,
        36.26667
    ],
    "Kuroiso": [
        140.05,
        36.96667
    ],
    "Kōriyama": [
        140.38333,
        37.4
    ],
    "Kogota": [
        141.05,
        38.55
    ],
    "Kitakami": [
        141.11667,
        39.28333
    ],
    "Kitaibaraki": [
        140.75,
        36.78333
    ],
    "Katsuura": [
        140.31388,
        35.14297
    ],
    "Katsuta": [
        140.53333,
        36.38333
    ],
    "Katori-shi": [
        140.49943,
        35.89767
    ],
    "Kasama": [
        140.26667,
        36.38333
    ],
    "Karasuyama": [
        140.15,
        36.65
    ],
    "Kaminoyama": [
        140.27361,
        38.15389
    ],
    "Kamaishi": [
        141.88333,
        39.26667
    ],
    "Kakunodatemachi": [
        140.56724,
        39.58926
    ],
    "Kakuda": [
        140.78333,
        37.96667
    ],
    "Iwase": [
        140.1,
        36.35
    ],
    "Iwanuma": [
        140.85944,
        38.10472
    ],
    "Iwaki": [
        140.88333,
        37.05
    ],
    "Itako": [
        140.55,
        35.93333
    ],
    "Ishioka": [
        140.26667,
        36.18333
    ],
    "Ishinomaki": [
        141.3,
        38.41667
    ],
    "Inawashiro": [
        140.11667,
        37.56667
    ],
    "Ichinoseki": [
        141.13333,
        38.91667
    ],
    "Ichihara": [
        140.08333,
        35.51667
    ],
    "Hobara": [
        140.55,
        37.81667
    ],
    "Hitachi": [
        140.65,
        36.6
    ],
    "Higashine": [
        140.40056,
        38.43889
    ],
    "Hasaki": [
        140.83333,
        35.73333
    ],
    "Hanamaki": [
        141.11667,
        39.38333
    ],
    "Furukawa": [
        140.95556,
        38.57167
    ],
    "Funehiki": [
        140.58333,
        37.43333
    ],
    "Funaishikawa": [
        140.56667,
        36.46667
    ],
    "Fukushima-shi": [
        140.46778,
        37.75
    ],
    "Fujishiro": [
        140.11667,
        35.91667
    ],
    "Edosaki": [
        140.31667,
        35.95
    ],
    "Daigo": [
        140.35,
        36.76667
    ],
    "Chiba": [
        140.12333,
        35.60472
    ],
    "Asahi": [
        136.12455,
        35.97259
    ],
    "Ami": [
        140.2,
        36.03333
    ],
    "Akita": [
        140.11667,
        39.71667
    ],
    "Abiko": [
        140.01667,
        35.86667
    ],
    "Akita Shi": [
        140.10333,
        39.71806
    ],
    "Yuzhno-Kuril’sk": [
        145.86146,
        44.02734
    ],
    "Otrada": [
        145.86454,
        44.06832
    ],
    "Kuril’sk": [
        147.87766,
        45.22686
    ],
    "Bihoro": [
        144.10444,
        43.82278
    ],
    "Wakkanai": [
        141.67389,
        45.40944
    ],
    "Utashinai": [
        142.05,
        43.51667
    ],
    "Tomakomai": [
        141.60333,
        42.63694
    ],
    "Tōbetsu": [
        141.51694,
        43.21694
    ],
    "Mutsu": [
        141.21694,
        41.28944
    ],
    "Takikawa": [
        141.90639,
        43.55278
    ],
    "Takanosu": [
        140.36944,
        40.22194
    ],
    "Sunagawa": [
        141.90556,
        43.48639
    ],
    "Shizunai": [
        142.36694,
        42.33389
    ],
    "Shiraoi": [
        141.35,
        42.55
    ],
    "Shimo-furano": [
        142.38333,
        43.35
    ],
    "Shibetsu": [
        145.13197,
        43.65899
    ],
    "Sapporo": [
        141.34694,
        43.06417
    ],
    "Rumoi": [
        141.64278,
        43.93444
    ],
    "Otofuke": [
        143.20028,
        42.99167
    ],
    "Otaru": [
        141.00222,
        43.18944
    ],
    "Ōdate": [
        140.55756,
        40.27178
    ],
    "Obihiro": [
        143.20444,
        42.91722
    ],
    "Noshiro": [
        140.02417,
        40.20389
    ],
    "Nemuro": [
        145.575,
        43.32361
    ],
    "Nayoro": [
        142.45778,
        44.35056
    ],
    "Nanae": [
        140.68333,
        41.88333
    ],
    "Namioka": [
        140.59048,
        40.71069
    ],
    "Muroran": [
        140.98806,
        42.31722
    ],
    "Mombetsu": [
        143.3525,
        44.3525
    ],
    "Misawa": [
        141.38969,
        40.68682
    ],
    "Yoichi": [
        140.77028,
        43.20389
    ],
    "Makubetsu": [
        141.82111,
        45.37139
    ],
    "Kushiro": [
        144.37472,
        42.975
    ],
    "Kuroishi": [
        140.58354,
        40.64581
    ],
    "Shimokizukuri": [
        140.37539,
        40.81609
    ],
    "Kitami": [
        143.89083,
        43.80306
    ],
    "Kamikawa": [
        142.77111,
        43.84
    ],
    "Kamiiso": [
        140.65,
        41.81667
    ],
    "Iwanai": [
        140.50889,
        42.97444
    ],
    "Iwamizawa": [
        141.75972,
        43.20028
    ],
    "Ishikari": [
        141.35389,
        43.23972
    ],
    "Ichinohe": [
        141.28986,
        40.21965
    ],
    "Kitahiroshima": [
        141.56722,
        42.97583
    ],
    "Hirosaki": [
        140.4725,
        40.59306
    ],
    "Kazuno": [
        140.78722,
        40.18361
    ],
    "Hakodate": [
        140.73667,
        41.77583
    ],
    "Hachinohe": [
        141.5,
        40.5
    ],
    "Fukagawa": [
        142.03917,
        43.70806
    ],
    "Ebetsu": [
        141.55056,
        43.10806
    ],
    "Date": [
        140.86806,
        42.46806
    ],
    "Chitose": [
        141.65222,
        42.81944
    ],
    "Bibai": [
        141.85861,
        43.32472
    ],
    "Ashibetsu": [
        142.18556,
        43.50972
    ],
    "Asahikawa": [
        142.37028,
        43.76778
    ],
    "Aomori Shi": [
        140.74,
        40.82444
    ],
    "Akabira": [
        142.05306,
        43.55139
    ],
    "Abashiri": [
        144.26971,
        44.02127
    ],
    "Goshogawara": [
        140.44139,
        40.80444
    ],
    "Kōya": [
        135.62244,
        34.21294
    ],
    "Edogawa-ku": [
        139.88333,
        35.7
    ],
    "Kōtō-ku": [
        139.81667,
        35.66667
    ],
    "Kihoku-chō": [
        132.68343,
        33.25592
    ],
    "Nanto-shi": [
        136.91162,
        36.56922
    ],
    "Kawage": [
        136.54645,
        34.80447
    ],
    "Neyagawa": [
        135.62759,
        34.76615
    ],
    "Hitachi-Naka": [
        140.53479,
        36.39659
    ],
    "Inashiki": [
        140.32356,
        35.95633
    ],
    "Oyabe": [
        136.85,
        36.66667
    ],
    "Akiruno-shi": [
        139.29415,
        35.72878
    ],
    "Ōnojō": [
        130.47861,
        33.53567
    ],
    "Kamagaya-shi": [
        140.00075,
        35.77674
    ],
    "Aisai": [
        136.73222,
        35.1635
    ],
    "Minokamo": [
        137.02166,
        35.48199
    ],
    "Gujō": [
        136.95852,
        35.73691
    ],
    "Jōetsu": [
        138.23642,
        37.14828
    ],
    "Shinjuku": [
        139.70355,
        35.69384
    ],
    "Shibuya-ku": [
        139.69821,
        35.66404
    ],
    "Saitama": [
        139.65657,
        35.90807
    ],
    "Niseko Town": [
        140.66903,
        42.77871
    ],
    "Higashimurayama-shi": [
        139.46852,
        35.75459
    ],
    "Kunisaki-shi": [
        131.73157,
        33.56543
    ],
    "Fujikawaguchiko": [
        138.68832,
        35.48933
    ],
    "Rishiri Town": [
        141.19629,
        45.15928
    ],
    "Kamigyō-ku": [
        135.75666,
        35.02954
    ],
    "Buzen": [
        131.13002,
        33.61153
    ],
    "Yoshitomi": [
        131.17599,
        33.60247
    ],
    "Ikata-chō": [
        132.35417,
        33.48833
    ],
    "Uchimaru": [
        141.49267,
        40.51437
    ],
    "Inuotose": [
        141.32662,
        40.60176
    ],
    "Furudate": [
        141.30553,
        40.52934
    ],
    "Adachi-ku": [
        139.79509,
        35.7788
    ],
    "Arakawa-ku": [
        139.78333,
        35.73333
    ],
    "Bunkyō-ku": [
        139.74729,
        35.71745
    ],
    "Chiyoda-ku": [
        139.75363,
        35.69402
    ],
    "Chūō-ku": [
        139.78333,
        35.68333
    ],
    "Itabashi-ku": [
        139.70927,
        35.75118
    ],
    "Katsushika-ku": [
        139.85,
        35.73333
    ],
    "Kita-ku": [
        139.73348,
        35.75264
    ],
    "Meguro-ku": [
        139.69817,
        35.64146
    ],
    "Minato-ku": [
        139.7516,
        35.65807
    ],
    "Nakano-ku": [
        139.66384,
        35.7074
    ],
    "Ōta-ku": [
        139.71605,
        35.56126
    ],
    "Suginami-ku": [
        139.63644,
        35.69957
    ],
    "Sumida-ku": [
        139.8015,
        35.71072
    ],
    "Taitō-ku": [
        139.78,
        35.71261
    ],
    "Toshima-ku": [
        139.7154,
        35.73246
    ],
    "Sendai": [
        140.8667,
        38.25759
    ]
}