{
    "Uyenchi Somon": [
        92.01667,
        46.05
    ],
    "Uujim": [
        89.61667,
        48.9
    ],
    "Urdgol": [
        92.65,
        47.83333
    ],
    "Uliastay": [
        96.84444,
        47.74167
    ],
    "Ulaantolgoy": [
        92.78333,
        46.68333
    ],
    "Ulaangom": [
        92.06667,
        49.98111
    ],
    "Tsetserleg": [
        101.45417,
        47.475
    ],
    "Tsetsegnuur": [
        93.26667,
        46.6
    ],
    "Tsenher": [
        92.11667,
        46.91667
    ],
    "Tseel": [
        95.86667,
        45.56667
    ],
    "Tsalgar": [
        93.26667,
        49.71667
    ],
    "Tsahir": [
        98.85167,
        48.07972
    ],
    "Tsagaantüngi": [
        90.45,
        49.05
    ],
    "Tsagaan-Olom": [
        96.52588,
        46.71327
    ],
    "Tsagaanchuluut": [
        96.67145,
        47.11196
    ],
    "Tosontsengel": [
        98.28389,
        48.75667
    ],
    "Tooromt": [
        93.58333,
        50.46667
    ],
    "Tolbo": [
        90.28333,
        48.41667
    ],
    "Tögrög": [
        94.81544,
        45.82976
    ],
    "Vlaa Vula": [
        99.23333,
        50.68333
    ],
    "Tegsh": [
        95.99974,
        48.75132
    ],
    "Taygan": [
        97.36633,
        46.35356
    ],
    "Talshand": [
        97.98333,
        45.33333
    ],
    "Tahilt": [
        96.6457,
        45.3466
    ],
    "Shiree": [
        103.4,
        45.85
    ],
    "Sharga": [
        102.08925,
        49.04192
    ],
    "Sharbulag": [
        93.1,
        48.81667
    ],
    "Sayn-Ust": [
        94.52448,
        47.35732
    ],
    "Sangiyn Dalay": [
        105.13796,
        42.84199
    ],
    "Rashaant": [
        106.2,
        45.3
    ],
    "Oygon": [
        96.54339,
        48.98562
    ],
    "Telmin Suma": [
        97.61861,
        48.64278
    ],
    "Orgil": [
        105.31769,
        48.4538
    ],
    "Ölgiy": [
        89.9625,
        48.96833
    ],
    "Nuga": [
        95.11667,
        48.31667
    ],
    "Nogoonnuur": [
        90.24204,
        49.61627
    ],
    "Naranbulag": [
        113.37427,
        49.2436
    ],
    "Namir": [
        91.71782,
        49.10641
    ],
    "Tsagaanhayrhan": [
        94.23333,
        49.4
    ],
    "Mandal": [
        106.74076,
        48.37062
    ],
    "Jargalant": [
        104.40803,
        49.12915
    ],
    "Ider": [
        99.87389,
        48.77278
    ],
    "Hunt": [
        99.46667,
        47.86667
    ],
    "Hungiy": [
        94.29428,
        48.51672
    ],
    "Höviyn Am": [
        98.5714,
        47.23123
    ],
    "Höshööt": [
        102.55686,
        48.1009
    ],
    "Holboo": [
        95.43257,
        48.58876
    ],
    "Höhtolgoy": [
        90.91015,
        49.28001
    ],
    "Hödrögö": [
        96.96259,
        48.87284
    ],
    "Havtsal": [
        91.66667,
        50.1
    ],
    "Har-Us": [
        91.43333,
        48.48333
    ],
    "Harmod": [
        91.60641,
        50.3413
    ],
    "Harhiraa": [
        91.90424,
        49.77849
    ],
    "Haliun": [
        96.16239,
        45.9296
    ],
    "Halban": [
        97.7409,
        49.52877
    ],
    "Erdenet": [
        104.08333,
        49.03333
    ],
    "Dzüyl": [
        93.90409,
        46.30686
    ],
    "Dzuunmod": [
        106.95278,
        47.70694
    ],
    "Dzüünhövöö": [
        92.4024,
        50.60977
    ],
    "Dzür": [
        95.79323,
        49.65796
    ],
    "Dzöölön": [
        99.67226,
        51.10719
    ],
    "Dzel": [
        93.78582,
        49.90713
    ],
    "Dzalaa": [
        99.26667,
        44.53333
    ],
    "Dzag": [
        99.16689,
        46.94229
    ],
    "Dzadgay": [
        99.59862,
        46.21061
    ],
    "Duut": [
        91.63333,
        47.51667
    ],
    "Khovd": [
        91.64194,
        48.00556
    ],
    "Tsagaannuur": [
        99.34444,
        51.35639
    ],
    "Delgermörön": [
        98.28712,
        46.40946
    ],
    "Darvi": [
        93.61673,
        46.93678
    ],
    "Chihertey": [
        89.51557,
        48.30272
    ],
    "Chandmanĭ": [
        110.46667,
        45.53333
    ],
    "Buyant": [
        110.83333,
        46.25
    ],
    "Buyanbat": [
        95.92532,
        46.97838
    ],
    "Bürenhayrhan": [
        91.56667,
        46.08333
    ],
    "Bulgan": [
        103.54288,
        44.09745
    ],
    "Bugat": [
        103.66583,
        49.06667
    ],
    "Buga": [
        95.0005,
        47.65013
    ],
    "Altay sumu": [
        92.28333,
        45.8
    ],
    "Bilüü": [
        89.43798,
        49.04372
    ],
    "Bayshint": [
        104.81667,
        47.41667
    ],
    "Bayan-Uhaa": [
        98.79181,
        48.71906
    ],
    "Bayansayr": [
        99.43314,
        45.55529
    ],
    "Bayan-Ovoo": [
        111.63333,
        49.01667
    ],
    "Bayanhoshuu": [
        100.1433,
        46.70197
    ],
    "Bayangol": [
        94.36449,
        45.55655
    ],
    "Bayanbulag": [
        109.91667,
        47.86667
    ],
    "Bayan": [
        110.16667,
        46.25
    ],
    "Baruunturuun": [
        94.40414,
        49.65963
    ],
    "Balgatay": [
        97.15,
        46.9
    ],
    "Altraga": [
        98.97205,
        50.1791
    ],
    "Altay": [
        96.3592,
        49.70317
    ],
    "Altai": [
        96.25833,
        46.37222
    ],
    "Altanteel": [
        92.84374,
        47.11044
    ],
    "Altanbulag": [
        106.4,
        47.7
    ],
    "Altan": [
        95.71667,
        48.11667
    ],
    "Aldar": [
        96.53687,
        47.64226
    ],
    "Horgo": [
        99.87556,
        48.16
    ],
    "Üydzen": [
        106.86985,
        44.08216
    ],
    "Uubulan": [
        101.93424,
        48.60885
    ],
    "Urt": [
        101.04813,
        43.23245
    ],
    "Uldz": [
        111.99463,
        48.69028
    ],
    "Ulaan-Uul": [
        111.23333,
        44.33333
    ],
    "Ulaanjirem": [
        105.56667,
        45.05
    ],
    "Ulaanhudag": [
        104.5,
        47.33333
    ],
    "Ulaanhad": [
        105.55321,
        47.94993
    ],
    "Ulaan-Ereg": [
        109.75,
        46.9
    ],
    "Ulaandel": [
        113.577,
        46.36446
    ],
    "Ulaanbaatar": [
        106.88324,
        47.90771
    ],
    "Turt": [
        100.66257,
        51.50725
    ],
    "Tsul-Ulaan": [
        104.5,
        47.83333
    ],
    "Tsoohor": [
        104.07417,
        43.30657
    ],
    "Tsomog": [
        109.06667,
        45.91667
    ],
    "Tsengel": [
        100.88944,
        49.47833
    ],
    "Tsant": [
        106.71667,
        46.18333
    ],
    "Tsagaan-Ovoo": [
        105.75594,
        45.50719
    ],
    "Tsagaandörvölj": [
        109.31826,
        45.79817
    ],
    "Tsagaanders": [
        114.36667,
        48.05
    ],
    "Naran-mandokhu Somon": [
        108.25,
        44.4
    ],
    "Teshig": [
        102.66123,
        49.94669
    ],
    "Teel": [
        100.50917,
        48.04639
    ],
    "Tavin": [
        105.73517,
        46.39194
    ],
    "Tavanbulag": [
        101.90815,
        47.38185
    ],
    "Dashinchilling": [
        104.05,
        47.85
    ],
    "Suugaant": [
        107.04546,
        45.53257
    ],
    "Sümiyn Bulag": [
        114.88333,
        49.13333
    ],
    "Sühbaatar": [
        106.20778,
        50.23139
    ],
    "Sört": [
        104.38196,
        49.31751
    ],
    "Shireet": [
        112.35563,
        45.72727
    ],
    "Sharïngol": [
        106.43005,
        49.23733
    ],
    "Sharhulsan": [
        104.05,
        44.65
    ],
    "Sergelen": [
        111.81667,
        46.2
    ],
    "Senj": [
        110.76667,
        44.71667
    ],
    "Selenge": [
        101.46667,
        49.43333
    ],
    "Saynshand": [
        110.11631,
        44.88239
    ],
    "Övt": [
        102.25,
        46.81667
    ],
    "Ovoot": [
        113.84977,
        45.30423
    ],
    "Orhontuul": [
        104.97583,
        48.94972
    ],
    "Örgön": [
        100.39135,
        44.73637
    ],
    "Onon": [
        110.6,
        48.61667
    ],
    "Ongon": [
        103.78389,
        46.98259
    ],
    "Ongi": [
        103.9,
        45.45
    ],
    "Öndörhoshuu": [
        113.93333,
        48
    ],
    "Undurkhaan": [
        110.65556,
        47.31944
    ],
    "Öldziyt": [
        109.01667,
        44.68333
    ],
    "Ögöömör": [
        104.48067,
        43.78336
    ],
    "Nüden": [
        110.46667,
        43.58333
    ],
    "Nomgon": [
        105.66582,
        49.2001
    ],
    "Nart": [
        105.38833,
        49.145
    ],
    "Murun-kuren": [
        100.1625,
        49.63417
    ],
    "Mörön": [
        110.31647,
        47.38254
    ],
    "Mönhbulag": [
        103.51667,
        46.75
    ],
    "Modot": [
        109.05,
        47.75
    ],
    "Mayhan": [
        103.83951,
        46.09121
    ],
    "Mardzad": [
        102.05,
        45.95
    ],
    "Manhan": [
        100.04306,
        50.12139
    ],
    "Mandalgovi": [
        106.27083,
        45.7625
    ],
    "Dzüünkharaa": [
        106.73333,
        48.63333
    ],
    "Maanĭt": [
        107.53333,
        47.25
    ],
    "Sujji": [
        105.25,
        47.86667
    ],
    "Javhlant": [
        112.11667,
        47.78333
    ],
    "Javarthushuu": [
        112.73333,
        49.15
    ],
    "Ingettolgoy": [
        103.97417,
        49.46167
    ],
    "Ihsüüj": [
        106.29152,
        48.2257
    ],
    "Ihbulag": [
        107.2,
        43.2
    ],
    "Huurch": [
        105.42,
        50.10361
    ],
    "Hutag": [
        102.69333,
        49.395
    ],
    "Hüremt": [
        102.44554,
        46.30241
    ],
    "Hulstay": [
        114.86667,
        48.43333
    ],
    "Hujirt": [
        104.58333,
        46.6
    ],
    "Khujirt": [
        102.76903,
        46.89704
    ],
    "Noyon Suma": [
        102.13194,
        43.17361
    ],
    "Khuvsget": [
        109.63806,
        43.60639
    ],
    "Hovd": [
        102.17491,
        44.67024
    ],
    "Hotont": [
        102.46794,
        47.36278
    ],
    "Horiult": [
        100.76667,
        45.2
    ],
    "Tsagaan-Owoo": [
        113.43333,
        48.4
    ],
    "Bayan Uula Sumu": [
        101.4,
        45.16667
    ],
    "Hoolt": [
        102.98333,
        45.53333
    ],
    "Hongor": [
        105.89674,
        49.23012
    ],
    "Undur Sume": [
        100.92778,
        50.47278
    ],
    "Höhbürd": [
        100.44834,
        46.28575
    ],
    "Herlen": [
        110.56667,
        47.3
    ],
    "Haylaastay": [
        113.41667,
        46.9
    ],
    "Havirga": [
        113.08333,
        45.66667
    ],
    "Hatavch": [
        112.95,
        46.16667
    ],
    "Hatansuudal": [
        100.82788,
        44.54595
    ],
    "Hashaat": [
        104.80511,
        45.24323
    ],
    "Orhon": [
        106.13639,
        49.8325
    ],
    "Harhorin": [
        102.82379,
        47.19753
    ],
    "Haraat": [
        107.65,
        46.41667
    ],
    "Hanhöhiy": [
        112.13333,
        47.61667
    ],
    "Hajuu-Us": [
        107.48955,
        46.04988
    ],
    "Erhet": [
        102.9812,
        48.27394
    ],
    "Ergel": [
        109.13333,
        43.15
    ],
    "Ereencav": [
        115.72526,
        49.8807
    ],
    "Erdenetsogt": [
        106.11866,
        42.97238
    ],
    "Eg-Uur": [
        101.57528,
        50.10944
    ],
    "Enhtal": [
        105.37361,
        49.2475
    ],
    "Eg": [
        110.18333,
        48.68333
    ],
    "Dzüünharaa": [
        106.45786,
        48.85229
    ],
    "Dzüünbulag": [
        112.18333,
        46.38333
    ],
    "Dzogsool": [
        107.15,
        46.8
    ],
    "Dzelter": [
        105.04583,
        50.31556
    ],
    "Dzegstey": [
        102.54999,
        47.66805
    ],
    "Dzaanhoshuu": [
        100.87801,
        47.49331
    ],
    "Dund-Urt": [
        105.9219,
        48.03791
    ],
    "Dundbürd": [
        111.49784,
        47.9459
    ],
    "Doloon": [
        105.32078,
        44.42446
    ],
    "Delgerhaan": [
        106.18578,
        50.08578
    ],
    "Dashbalbar": [
        114.40287,
        49.54571
    ],
    "Darhan": [
        109.41667,
        46.61667
    ],
    "Dalay": [
        103.51284,
        43.46787
    ],
    "Dalandzadgad": [
        104.425,
        43.57083
    ],
    "Choyr": [
        108.36111,
        46.36111
    ],
    "Choybalsan": [
        114.5,
        48.06667
    ],
    "Chonogol": [
        115.36667,
        45.9
    ],
    "Burgaltay": [
        104.74348,
        49.265
    ],
    "Bumbat": [
        104.11777,
        46.49674
    ],
    "Bulagtay": [
        107.51616,
        49.77594
    ],
    "Bulagiyn Denj": [
        101.11576,
        47.31869
    ],
    "Bulag": [
        108.48333,
        48.2
    ],
    "Bugant": [
        106.85,
        49.58333
    ],
    "Bornuur": [
        106.26667,
        48.46667
    ],
    "Böhöt": [
        108.28245,
        45.23223
    ],
    "Bodĭ": [
        100.574,
        45.41171
    ],
    "Bayasgalant": [
        112.05,
        46.98333
    ],
    "Bayan-Ulaan": [
        102.59428,
        46.52178
    ],
    "Bayantsagaan": [
        100.76,
        48.73167
    ],
    "Bayantöhöm": [
        105.05,
        46.91667
    ],
    "Bayanhongor": [
        100.71806,
        46.19444
    ],
    "Bayandelger": [
        108.11062,
        47.72732
    ],
    "Bayanbaraat": [
        106.25,
        46.86667
    ],
    "Bat-Öldziyt": [
        104.77318,
        48.21552
    ],
    "Baruun-Urt": [
        113.27917,
        46.68056
    ],
    "Baruunsuu": [
        105.75577,
        43.65595
    ],
    "Hushaat": [
        105.61667,
        49.5
    ],
    "Badrah": [
        101.98972,
        49.61833
    ],
    "Avraga": [
        109.18968,
        47.17851
    ],
    "Avdzaga": [
        103.51667,
        47.63333
    ],
    "Arvayheer": [
        102.775,
        46.26389
    ],
    "Arhust": [
        107.88334,
        47.79425
    ],
    "Arguut": [
        102.42056,
        45.46278
    ],
    "Argatay": [
        107.98333,
        45.76667
    ],
    "Argalant": [
        105.89584,
        47.94211
    ],
    "Ar-Asgat": [
        105.41194,
        48.26222
    ],
    "Amardalay": [
        106.37426,
        46.12572
    ],
    "Altan-Ovoo": [
        101.75503,
        47.44742
    ],
    "Asgat": [
        96.79944,
        49.51082
    ],
    "Ulaanshiveet": [
        103.85659,
        47.28948
    ],
    "Sümber": [
        118.51014,
        47.65858
    ],
    "Bayantal": [
        108.35804,
        46.62134
    ],
    "Shiveegovi": [
        108.68306,
        46.09081
    ],
    "Höshigiyn-Ar": [
        106.96333,
        47.55717
    ],
    "Зуунмод": [
        106.95276,
        47.70693
    ],
    "Kharkhorin": [
        102.81349,
        47.19245
    ]
}