{
    "Zuru": [
        5.22879,
        11.42406
    ],
    "Zungeru": [
        6.15583,
        9.81278
    ],
    "Zaria": [
        7.7227,
        11.11128
    ],
    "Zango": [
        8.48765,
        13.05151
    ],
    "Zalanga": [
        10.17647,
        10.61432
    ],
    "Zaki Biam": [
        9.61667,
        7.51667
    ],
    "Zadawa": [
        10.3672,
        11.4496
    ],
    "Yuli": [
        10.27444,
        9.69889
    ],
    "Yola": [
        12.48333,
        9.2
    ],
    "Yenagoa": [
        6.26417,
        4.92472
    ],
    "Yelwa": [
        9.63333,
        8.83333
    ],
    "Yashikera": [
        3.4,
        9.76667
    ],
    "Yandev": [
        9.05,
        7.36667
    ],
    "Yanda Bayo": [
        10.7459,
        11.5071
    ],
    "Yamrat": [
        9.82604,
        10.11161
    ],
    "Yajiwa": [
        12.7236,
        11.38385
    ],
    "Wuyo": [
        11.69678,
        10.38522
    ],
    "Wurno": [
        5.42326,
        13.28777
    ],
    "Wukari": [
        9.78333,
        7.85
    ],
    "Wudil": [
        8.84505,
        11.81067
    ],
    "Wawa": [
        4.41917,
        9.90222
    ],
    "Wasagu": [
        5.79536,
        11.3764
    ],
    "Warri": [
        5.75,
        5.51667
    ],
    "Wamba": [
        8.6,
        8.93333
    ],
    "Wagini": [
        7.19579,
        12.68781
    ],
    "Vom": [
        8.78333,
        9.73333
    ],
    "Uyo": [
        7.9335,
        5.05127
    ],
    "Uruobo-Okija": [
        6.84312,
        5.90016
    ],
    "Uromi": [
        6.33333,
        6.7
    ],
    "Umunede": [
        6.31161,
        6.26374
    ],
    "Umuahia": [
        7.48959,
        5.52627
    ],
    "Ukata": [
        5.82494,
        10.83122
    ],
    "Ughelli": [
        6.00743,
        5.48986
    ],
    "Ugep": [
        8.0812,
        5.8086
    ],
    "Uga": [
        7.0793,
        5.93576
    ],
    "Udi": [
        7.4258,
        6.3144
    ],
    "Ubiaja": [
        6.38687,
        6.65504
    ],
    "Uba": [
        13.22139,
        10.45306
    ],
    "Toungo": [
        12.05,
        8.11667
    ],
    "Tokombere": [
        13.48581,
        11.22713
    ],
    "Tegina": [
        6.1906,
        10.0706
    ],
    "Tambawel": [
        4.64692,
        12.40386
    ],
    "Talata Mafara": [
        6.05971,
        12.57317
    ],
    "Takum": [
        9.98333,
        7.26667
    ],
    "Takai": [
        9.11667,
        11.58333
    ],
    "Suya": [
        3.18333,
        9.46667
    ],
    "Suleja": [
        7.17933,
        9.18052
    ],
    "Sokoto": [
        5.23902,
        13.06092
    ],
    "Soba": [
        8.05749,
        10.98134
    ],
    "Siluko": [
        5.1609,
        6.53858
    ],
    "Shinkafe": [
        6.51046,
        13.07534
    ],
    "Shani": [
        12.06198,
        10.21617
    ],
    "Shanga": [
        4.57878,
        11.21062
    ],
    "Saki": [
        3.38333,
        8.66667
    ],
    "Shagamu": [
        3.64776,
        6.84323
    ],
    "Shaffa": [
        12.33315,
        10.50673
    ],
    "Sauri": [
        6.78374,
        11.72655
    ],
    "Sapele": [
        5.67666,
        5.89405
    ],
    "Samamiya": [
        9.63989,
        11.34873
    ],
    "Sade": [
        10.6732,
        11.3595
    ],
    "Runka": [
        7.30918,
        12.44788
    ],
    "Ruma": [
        7.23469,
        12.8626
    ],
    "Riti": [
        9.61667,
        7.91667
    ],
    "Ringim": [
        9.16192,
        12.15482
    ],
    "Rijau": [
        5.25068,
        11.10298
    ],
    "Rano": [
        8.57464,
        11.54912
    ],
    "Rahama": [
        8.68279,
        10.41403
    ],
    "Rabah": [
        5.50741,
        13.12133
    ],
    "Potiskum": [
        11.0694,
        11.7091
    ],
    "Port Harcourt": [
        7.0134,
        4.77742
    ],
    "Pindiga": [
        10.93333,
        9.98333
    ],
    "Pategi": [
        5.75,
        8.73333
    ],
    "Patani": [
        6.19238,
        5.22724
    ],
    "Panyam": [
        9.21667,
        9.41667
    ],
    "Pankshin": [
        9.45,
        9.33333
    ],
    "Ozubulu": [
        6.84904,
        5.95666
    ],
    "Oyo": [
        3.93333,
        7.85
    ],
    "Oyan": [
        4.76667,
        8.05
    ],
    "Owode": [
        3.50511,
        6.94864
    ],
    "Owo": [
        5.58681,
        7.1962
    ],
    "Owerri": [
        7.03041,
        5.48333
    ],
    "Otukpa": [
        7.64989,
        7.08921
    ],
    "Otan Aiyegbaju": [
        4.8,
        7.95
    ],
    "Osogbo": [
        4.56667,
        7.76667
    ],
    "Orodo": [
        7.03333,
        5.61667
    ],
    "Orlu": [
        7.03495,
        5.79464
    ],
    "Orita Eruwa": [
        3.43333,
        7.55
    ],
    "Orerokpe": [
        5.88956,
        5.63506
    ],
    "Ore": [
        4.87748,
        6.74569
    ],
    "Opi": [
        7.4365,
        6.7814
    ],
    "Onitsha": [
        6.78845,
        6.14543
    ],
    "Ondo": [
        4.83333,
        7.1
    ],
    "Omuo-Ekiti": [
        5.72227,
        7.75833
    ],
    "Omu Aran": [
        5.1,
        8.13333
    ],
    "Omoku": [
        6.65321,
        5.3435
    ],
    "Olupona": [
        4.18333,
        7.6
    ],
    "Okuta": [
        3.18333,
        9.21667
    ],
    "Okrika": [
        7.08488,
        4.74159
    ],
    "Okigwi": [
        7.35989,
        5.83523
    ],
    "Oke Mesi": [
        4.91667,
        7.81667
    ],
    "Oke Ila": [
        4.98333,
        7.95
    ],
    "Oke Iho": [
        3.35,
        8.03333
    ],
    "Ohafia-Ifigh": [
        7.81191,
        5.61455
    ],
    "Ogwashi-Uku": [
        6.52429,
        6.17818
    ],
    "Oguta": [
        6.81026,
        5.7089
    ],
    "Ogurugu": [
        6.95053,
        6.78558
    ],
    "Ogoja": [
        8.79764,
        6.65471
    ],
    "Ogaminan": [
        6.22476,
        7.59464
    ],
    "Offa": [
        4.71667,
        8.15
    ],
    "Ode": [
        5.7117,
        7.7899
    ],
    "Ochobo": [
        7.9769,
        7.183
    ],
    "Obudu": [
        9.17157,
        6.66737
    ],
    "Obubra": [
        8.32904,
        6.07525
    ],
    "Obonoma": [
        6.79307,
        4.70844
    ],
    "Obolo-Eke (1)": [
        7.63333,
        6.88333
    ],
    "Obiaruku Quarters": [
        6.15257,
        5.84671
    ],
    "Numan": [
        12.03333,
        9.46667
    ],
    "Nsukka": [
        7.39577,
        6.85783
    ],
    "Nnewi": [
        6.91478,
        6.01986
    ],
    "Nkwerre": [
        7.10627,
        5.75555
    ],
    "Nkpor": [
        6.84458,
        6.15164
    ],
    "Nguru": [
        10.4526,
        12.8791
    ],
    "Ngurore": [
        12.23333,
        9.28333
    ],
    "Ngala": [
        14.18052,
        12.33772
    ],
    "New Shagunnu": [
        4.4688,
        10.33957
    ],
    "Nassarawa": [
        7.72417,
        8.52944
    ],
    "Nafada": [
        11.3327,
        11.0956
    ],
    "Mutum Biyu": [
        10.76667,
        8.63333
    ],
    "Musawa": [
        7.6698,
        12.12717
    ],
    "Mubi": [
        13.26436,
        10.26761
    ],
    "Moriki": [
        6.48754,
        12.87405
    ],
    "Mongonu": [
        13.60792,
        12.67863
    ],
    "Mokwa": [
        5.05,
        9.28333
    ],
    "Modakeke": [
        4.26667,
        7.38333
    ],
    "Misau": [
        10.4703,
        11.3163
    ],
    "Miringa": [
        12.14626,
        10.73115
    ],
    "Minna": [
        6.55694,
        9.61389
    ],
    "Mekkaw": [
        2.85,
        7.45
    ],
    "Mayo Belwa": [
        12.05,
        9.05
    ],
    "Matsena": [
        10.04924,
        13.13639
    ],
    "Mashi": [
        7.95293,
        12.97844
    ],
    "Maru": [
        6.40569,
        12.33417
    ],
    "Marte": [
        13.8293,
        12.36532
    ],
    "Mando": [
        6.56667,
        10.71667
    ],
    "Malumfashi": [
        7.62175,
        11.78529
    ],
    "Malummaduri": [
        9.95729,
        12.565
    ],
    "Makurdi": [
        8.5121,
        7.7411
    ],
    "Makoko": [
        3.38778,
        6.49611
    ],
    "Maiyema": [
        4.36766,
        12.08411
    ],
    "Maiduguri": [
        13.16027,
        11.84644
    ],
    "Mahuta": [
        4.98436,
        11.55254
    ],
    "Magumeri": [
        12.8274,
        12.1131
    ],
    "Madara": [
        10.4479,
        11.7798
    ],
    "Madala": [
        7.21333,
        9.10444
    ],
    "Madagali": [
        13.63121,
        10.89018
    ],
    "Lokoja": [
        6.743,
        7.80236
    ],
    "Lere": [
        9.33833,
        9.70889
    ],
    "Lau": [
        11.28333,
        9.21667
    ],
    "Lapai": [
        6.56667,
        9.05
    ],
    "Langtang": [
        9.78333,
        9.13333
    ],
    "Lame": [
        9.23955,
        10.44154
    ],
    "Lalupon": [
        4.06667,
        7.46667
    ],
    "Lagos": [
        3.39583,
        6.45306
    ],
    "Lafiagi": [
        5.41667,
        8.86667
    ],
    "Lafia": [
        8.51667,
        8.48333
    ],
    "Kwolla": [
        9.28333,
        8.93333
    ],
    "Kwatarkwashi": [
        6.82196,
        12.14082
    ],
    "Kwali": [
        7.005,
        8.86722
    ],
    "Kwale": [
        6.43741,
        5.70632
    ],
    "Kuta": [
        6.71667,
        9.86667
    ],
    "Kusheriki": [
        6.44222,
        10.53283
    ],
    "Kura": [
        8.43033,
        11.76969
    ],
    "Kumo": [
        11.21217,
        10.04469
    ],
    "Kumagunnam": [
        10.63423,
        13.15514
    ],
    "Kukawa": [
        13.56058,
        12.92342
    ],
    "Kuje": [
        7.24306,
        8.89639
    ],
    "Kujama": [
        7.63678,
        10.45418
    ],
    "Koton Karifi": [
        6.8,
        8.1
    ],
    "Kontagora": [
        5.46949,
        10.39989
    ],
    "Konkwesso": [
        4.09835,
        10.84686
    ],
    "Konduga": [
        13.42133,
        11.65583
    ],
    "Kiyawa": [
        9.6125,
        11.78278
    ],
    "Kishi": [
        3.85,
        9.08333
    ],
    "Kibiya": [
        8.66227,
        11.52629
    ],
    "Kende": [
        4.2603,
        11.51966
    ],
    "Keffin Hausa": [
        9.90798,
        12.23753
    ],
    "Keffi": [
        7.87361,
        8.84861
    ],
    "Kazaure": [
        8.41615,
        12.65131
    ],
    "Kaura Namoda": [
        6.57791,
        12.58979
    ],
    "Katsina Ala": [
        9.28333,
        7.16667
    ],
    "Katsina": [
        7.60063,
        12.98943
    ],
    "Katagum": [
        10.3527,
        12.2867
    ],
    "Kari": [
        10.561,
        11.2471
    ],
    "Kano": [
        8.51672,
        12.00012
    ],
    "Kankara": [
        7.41267,
        11.93016
    ],
    "Kamba": [
        3.65761,
        11.84864
    ],
    "Kaltungo": [
        11.30889,
        9.81417
    ],
    "Kajuru": [
        7.68924,
        10.31921
    ],
    "Kaingiwa": [
        3.81867,
        12.55208
    ],
    "Kaiama": [
        3.94806,
        9.6225
    ],
    "Kagoro": [
        8.38333,
        9.6
    ],
    "Kafarati": [
        11.09567,
        10.38304
    ],
    "Kafachan": [
        8.3,
        9.58333
    ],
    "Kaduna": [
        7.43828,
        10.52224
    ],
    "Kachia": [
        7.95,
        9.86667
    ],
    "Kabba": [
        6.0731,
        7.82873
    ],
    "Jos": [
        8.9,
        9.91667
    ],
    "Jimeta": [
        12.46667,
        9.28333
    ],
    "Jikamshi": [
        7.77424,
        12.17328
    ],
    "Jibiya": [
        7.2225,
        13.09778
    ],
    "Jega": [
        4.37917,
        12.2175
    ],
    "Jebba": [
        4.83333,
        9.13333
    ],
    "Jalingo": [
        11.36667,
        8.88333
    ],
    "Jajere": [
        11.44426,
        11.97969
    ],
    "Iwo": [
        4.18333,
        7.63333
    ],
    "Itu": [
        7.98475,
        5.2004
    ],
    "Isieke": [
        8.03524,
        6.37831
    ],
    "Ise-Ekiti": [
        5.4281,
        7.4632
    ],
    "Isara": [
        3.68185,
        6.99281
    ],
    "Isanlu Itedoijowa": [
        5.83333,
        8.26667
    ],
    "Ipoti": [
        5.07692,
        7.87377
    ],
    "Iperu": [
        3.66557,
        6.91002
    ],
    "Inisa": [
        4.33333,
        7.85
    ],
    "Ilorin": [
        4.55,
        8.5
    ],
    "Ilobu": [
        4.48333,
        7.83333
    ],
    "Illushi": [
        6.63076,
        6.6667
    ],
    "Illela": [
        5.29752,
        13.72918
    ],
    "Ilesa": [
        4.73333,
        7.61667
    ],
    "Ilaro": [
        3.0205,
        6.88653
    ],
    "Ilare": [
        5.11333,
        7.35067
    ],
    "Ila Orangun": [
        4.9,
        8.01667
    ],
    "Ikot-Ekpene": [
        7.71082,
        5.17938
    ],
    "Ikom": [
        8.70632,
        5.96669
    ],
    "Ikirun": [
        4.66667,
        7.91667
    ],
    "Ikire": [
        4.18333,
        7.35
    ],
    "Ikerre": [
        5.23225,
        7.49133
    ],
    "Ikem": [
        7.71685,
        6.77903
    ],
    "Ikeja": [
        3.33748,
        6.59422
    ],
    "Ikang": [
        8.5316,
        4.78978
    ],
    "Ijero-Ekiti": [
        5.0742,
        7.8139
    ],
    "Ijebu-Ode": [
        3.91588,
        6.81609
    ],
    "Ijebu Ijesha": [
        4.81667,
        7.68333
    ],
    "Ijebu-Igbo": [
        4.00329,
        6.9798
    ],
    "Ijebu-Ife": [
        4.03386,
        6.77837
    ],
    "Ihuo": [
        7.1,
        5.56667
    ],
    "Ihiala": [
        6.86026,
        5.85377
    ],
    "Igede-Ekiti": [
        5.13205,
        7.66676
    ],
    "Igbo-Ukwu": [
        7.02654,
        6.01669
    ],
    "Igbor": [
        8.6098,
        7.4527
    ],
    "Igbo Ora": [
        3.28333,
        7.43333
    ],
    "Igboho": [
        3.75,
        8.83333
    ],
    "Igbeti": [
        4.13333,
        8.75
    ],
    "Igbara-Odo": [
        5.06258,
        7.50251
    ],
    "Igarra": [
        6.0878,
        7.2827
    ],
    "Igabi": [
        7.77493,
        10.78887
    ],
    "Ifon": [
        5.77603,
        6.92412
    ],
    "Ifo": [
        3.19575,
        6.81437
    ],
    "Ifaki": [
        5.24852,
        7.78942
    ],
    "Idi Iroko": [
        2.73333,
        6.63333
    ],
    "Idanre": [
        5.1159,
        7.1127
    ],
    "Idah": [
        6.73415,
        7.10651
    ],
    "Icheu": [
        6.7718,
        7.7067
    ],
    "Ibi": [
        9.75,
        8.18333
    ],
    "Ibeto": [
        5.14502,
        10.48536
    ],
    "Ibadan": [
        3.89639,
        7.38778
    ],
    "Hunkuyi": [
        7.65118,
        11.26676
    ],
    "Holma": [
        13.05667,
        9.90083
    ],
    "Hinna": [
        11.49905,
        10.30426
    ],
    "Hadejia": [
        10.0444,
        12.4498
    ],
    "Gwoza": [
        13.71298,
        11.10359
    ],
    "Gwio Kura": [
        11.0682,
        12.6753
    ],
    "Gwasero": [
        3.5,
        9.48333
    ],
    "Gwarzo": [
        7.9346,
        11.91521
    ],
    "Gwaram": [
        10.28572,
        10.23295
    ],
    "Gwandu": [
        4.64227,
        12.49382
    ],
    "Gwadabawa": [
        5.23664,
        13.35612
    ],
    "Gusau": [
        6.66135,
        12.16278
    ],
    "Gummi": [
        5.10809,
        12.14358
    ],
    "Gumel": [
        9.39119,
        12.62791
    ],
    "Gulma": [
        4.35545,
        12.64231
    ],
    "Gujba": [
        11.9367,
        11.5032
    ],
    "Goronyo": [
        5.67632,
        13.44232
    ],
    "Gorgoram": [
        10.7039,
        12.6398
    ],
    "Gora": [
        7.6653,
        11.91294
    ],
    "Goniri": [
        12.31444,
        11.48333
    ],
    "Little Gombi": [
        12.7399,
        10.16138
    ],
    "Gombe": [
        11.16729,
        10.28969
    ],
    "Gembu": [
        11.26667,
        6.7
    ],
    "Geidam": [
        11.9304,
        12.897
    ],
    "Gbongan": [
        4.35,
        7.46667
    ],
    "Gaya": [
        8.99714,
        11.86136
    ],
    "Gassol": [
        10.46667,
        8.53333
    ],
    "Gashua": [
        11.0482,
        12.871
    ],
    "Garko": [
        11.16458,
        10.17506
    ],
    "Ganye": [
        12.06667,
        8.43333
    ],
    "Gandi": [
        5.74337,
        12.96358
    ],
    "Gambaru": [
        14.21731,
        12.37066
    ],
    "Gamawa": [
        10.5396,
        12.1343
    ],
    "Gakem": [
        8.98813,
        6.76578
    ],
    "Gagarawa": [
        9.5277,
        12.40741
    ],
    "Gabarin": [
        10.4441,
        11.1093
    ],
    "Funtua": [
        7.30813,
        11.52325
    ],
    "Fiditi": [
        3.91722,
        7.71361
    ],
    "Ezza Ohu": [
        8.0862,
        6.4373
    ],
    "Etinan": [
        7.85252,
        4.84262
    ],
    "Ete": [
        7.45,
        7.05
    ],
    "Esuk Oron": [
        8.25341,
        4.80293
    ],
    "Epe": [
        3.98336,
        6.58412
    ],
    "Enugu-Ukwu": [
        7.01156,
        6.17851
    ],
    "Enugu-Ezike": [
        7.457,
        6.9825
    ],
    "Enugu": [
        7.4943,
        6.4402
    ],
    "Emure-Ekiti": [
        5.45932,
        7.43614
    ],
    "Elele": [
        6.81411,
        5.1009
    ],
    "Ekpoma": [
        6.139,
        6.74206
    ],
    "Eket": [
        7.92092,
        4.64122
    ],
    "Ejirin": [
        3.90019,
        6.61423
    ],
    "Ejigbo": [
        4.31667,
        7.9
    ],
    "Eha Amufu": [
        7.75961,
        6.65915
    ],
    "Egbe": [
        5.51667,
        8.21667
    ],
    "Effon Alaiye": [
        4.91667,
        7.65
    ],
    "Effium": [
        8.05925,
        6.62917
    ],
    "Ebute Ikorodu": [
        3.48818,
        6.60086
    ],
    "Dutsin Ma": [
        7.49805,
        12.45167
    ],
    "Dutsen Wai": [
        8.199,
        10.85009
    ],
    "Dutse": [
        9.33921,
        11.7594
    ],
    "Duku": [
        4.90727,
        11.2361
    ],
    "Dukku": [
        10.77167,
        10.82306
    ],
    "Doma": [
        8.35,
        8.38333
    ],
    "Disina": [
        9.91903,
        11.48135
    ],
    "Dindima": [
        10.15132,
        10.22629
    ],
    "Dikwa": [
        13.91646,
        12.02396
    ],
    "Dengi": [
        9.95,
        9.36667
    ],
    "Dekina": [
        7.02218,
        7.69475
    ],
    "Deba Habe": [
        11.38586,
        10.20864
    ],
    "Daura": [
        11.4085,
        11.5538
    ],
    "Darazo": [
        10.41179,
        10.99375
    ],
    "Dapchi": [
        11.4944,
        12.4904
    ],
    "Dan Sadau": [
        6.4952,
        11.29621
    ],
    "Dankama": [
        7.79492,
        13.29782
    ],
    "Dankalwa": [
        12.1867,
        11.7443
    ],
    "Danja": [
        7.56249,
        11.37643
    ],
    "Dan Gora": [
        8.15224,
        11.53485
    ],
    "Dange": [
        5.34705,
        12.85128
    ],
    "Damboa": [
        12.75758,
        11.15604
    ],
    "Dambarta": [
        8.51541,
        12.43303
    ],
    "Damaturu": [
        11.9608,
        11.747
    ],
    "Damasak": [
        12.4952,
        13.09771
    ],
    "Dakingari": [
        4.06046,
        11.64511
    ],
    "Dadiya": [
        11.43333,
        9.61667
    ],
    "Dabai": [
        5.20625,
        11.47652
    ],
    "Chafe": [
        6.92232,
        11.95527
    ],
    "Calabar": [
        8.322,
        4.9517
    ],
    "Burutu": [
        5.50758,
        5.35091
    ],
    "Burumburum": [
        8.72341,
        11.39106
    ],
    "Bunza": [
        4.02111,
        12.08444
    ],
    "Bununu Kasa": [
        9.66278,
        9.86806
    ],
    "Bununu Dass": [
        9.51667,
        10
    ],
    "Bukuru": [
        8.86667,
        9.8
    ],
    "Buguma": [
        6.86345,
        4.73407
    ],
    "Buga": [
        7.34139,
        8.49056
    ],
    "Brass": [
        6.24176,
        4.31506
    ],
    "Bornu Yassu": [
        12.5552,
        12.2774
    ],
    "Bori": [
        7.36201,
        4.67366
    ],
    "Bopo": [
        7.8664,
        7.6565
    ],
    "Bonny": [
        7.16808,
        4.4522
    ],
    "Bomadi": [
        5.92516,
        5.15931
    ],
    "Bokkos": [
        9,
        9.3
    ],
    "Bokani": [
        5.2,
        9.43333
    ],
    "Boju": [
        7.91119,
        7.37834
    ],
    "Boi": [
        9.49528,
        9.56833
    ],
    "Bode Sadu": [
        4.78333,
        8.93333
    ],
    "Biu": [
        12.19458,
        10.61285
    ],
    "Birniwa": [
        10.2348,
        12.7903
    ],
    "Birnin Kudu": [
        9.4984,
        11.44588
    ],
    "Birnin Kebbi": [
        4.1975,
        12.45389
    ],
    "Sofo-Birnin-Gwari": [
        6.78036,
        11.01537
    ],
    "Bin Yauri": [
        4.81135,
        10.7823
    ],
    "Binji": [
        4.90955,
        13.22277
    ],
    "Biliri": [
        11.22528,
        9.86472
    ],
    "Bida": [
        6.01667,
        9.08333
    ],
    "Benisheik": [
        12.4909,
        11.8072
    ],
    "Benin City": [
        5.62749,
        6.33504
    ],
    "Bende": [
        7.63676,
        5.55718
    ],
    "Bena": [
        5.93472,
        11.28444
    ],
    "Beli": [
        10.97187,
        7.85868
    ],
    "Bebeji": [
        8.26217,
        11.66726
    ],
    "Bauchi": [
        9.84327,
        10.31344
    ],
    "Batsari": [
        7.24472,
        12.75147
    ],
    "Baro": [
        6.41667,
        8.6
    ],
    "Bara": [
        10.72884,
        10.37444
    ],
    "Bama": [
        13.68558,
        11.5221
    ],
    "Bakori": [
        7.42425,
        11.55445
    ],
    "Baissa": [
        10.63333,
        7.23333
    ],
    "Bagudo": [
        4.22958,
        11.40329
    ],
    "Bugana": [
        7.58361,
        7.99917
    ],
    "Badeggi": [
        6.15,
        9.05
    ],
    "Badagry": [
        2.88333,
        6.41667
    ],
    "Babura": [
        9.01583,
        12.77305
    ],
    "Babana": [
        3.81495,
        10.42949
    ],
    "Azare": [
        10.1948,
        11.6765
    ],
    "Awka": [
        7.07411,
        6.21009
    ],
    "Awgu": [
        7.4786,
        6.0742
    ],
    "Auna": [
        4.72318,
        10.18805
    ],
    "Auchi": [
        6.26667,
        7.06667
    ],
    "Asaba": [
        6.73187,
        6.19824
    ],
    "Arochukwu": [
        7.91404,
        5.38979
    ],
    "Argungu": [
        4.52687,
        12.74334
    ],
    "Araomoko Ekiti": [
        5.04474,
        7.70927
    ],
    "Apomu": [
        4.18333,
        7.33333
    ],
    "Ankpa": [
        7.6253,
        7.37058
    ],
    "Anka": [
        5.92427,
        12.11381
    ],
    "Anchau": [
        8.39155,
        10.95967
    ],
    "Amper": [
        9.7,
        9.35
    ],
    "Amassoma": [
        6.10972,
        4.96917
    ],
    "Amaigbo": [
        7.83829,
        5.78917
    ],
    "Amagunze": [
        7.6539,
        6.3267
    ],
    "Aliade": [
        8.487,
        7.2964
    ],
    "Alapa": [
        4.38333,
        8.61667
    ],
    "Akwanga": [
        8.38333,
        8.91667
    ],
    "Akure": [
        5.19312,
        7.25256
    ],
    "Aku": [
        7.3167,
        6.7081
    ],
    "Akko": [
        10.9732,
        10.28899
    ],
    "Ake-Eze": [
        7.67615,
        5.91677
    ],
    "Akankpa": [
        8.1898,
        5.1264
    ],
    "Ajasse Ipo": [
        4.81667,
        8.23333
    ],
    "Ajaokuta": [
        6.65497,
        7.56229
    ],
    "Ahoada": [
        6.65353,
        5.07395
    ],
    "Agulu": [
        7.0724,
        6.11
    ],
    "Ago Are": [
        3.41667,
        8.5
    ],
    "Agenebode": [
        6.6966,
        7.106
    ],
    "Agbor": [
        6.19337,
        6.25183
    ],
    "Agbabu": [
        4.8343,
        6.58862
    ],
    "Agaie": [
        6.31667,
        9.01667
    ],
    "Afikpo": [
        7.93735,
        5.89312
    ],
    "Adoru": [
        7.16268,
        6.97661
    ],
    "Ado Odo": [
        2.93333,
        6.6
    ],
    "Ado-Ekiti": [
        5.2215,
        7.621
    ],
    "Adani": [
        7.01117,
        6.73971
    ],
    "Abuja": [
        7.49508,
        9.05785
    ],
    "Abraka": [
        6.10473,
        5.79023
    ],
    "Abocho": [
        6.9863,
        7.5677
    ],
    "Abeokuta": [
        3.35,
        7.15
    ],
    "Abakaliki": [
        8.11691,
        6.31625
    ],
    "Abak": [
        7.79171,
        4.9797
    ],
    "Aba": [
        7.36667,
        5.10658
    ],
    "Degema Hulk": [
        6.752,
        4.76254
    ]
}