{
    "Zwolle": [
        6.09444,
        52.5125
    ],
    "Zwijndrecht": [
        4.63333,
        51.8175
    ],
    "Zwartebroek": [
        5.50417,
        52.17917
    ],
    "De Westereen": [
        6.0363,
        53.25731
    ],
    "Zutphen": [
        6.20139,
        52.13833
    ],
    "Zundert": [
        4.65556,
        51.47167
    ],
    "Zuidlaren": [
        6.68194,
        53.09417
    ],
    "Zuidhorn": [
        6.40278,
        53.24667
    ],
    "Zoetermeer": [
        4.49306,
        52.0575
    ],
    "Zijtaart": [
        5.54167,
        51.5925
    ],
    "Zevenaar": [
        6.07083,
        51.93
    ],
    "Zetten": [
        5.71389,
        51.92833
    ],
    "Zelhem": [
        6.34861,
        52.00667
    ],
    "Zeist": [
        5.23333,
        52.09
    ],
    "Zeewolde": [
        5.54167,
        52.33
    ],
    "Zeeland": [
        5.67639,
        51.6975
    ],
    "Zandvoort": [
        4.53409,
        52.37487
    ],
    "Zaltbommel": [
        5.24444,
        51.81
    ],
    "Zaanstad": [
        4.81356,
        52.45313
    ],
    "Zaandam": [
        4.82643,
        52.43854
    ],
    "Zaamslag": [
        3.9125,
        51.3125
    ],
    "Yerseke": [
        4.05,
        51.4925
    ],
    "Wâlterswâld": [
        6.03333,
        53.3
    ],
    "Woudsend": [
        5.62843,
        52.94357
    ],
    "Woudrichem": [
        5.00139,
        51.815
    ],
    "Woudenberg": [
        5.41667,
        52.08083
    ],
    "Workum": [
        5.4471,
        52.97969
    ],
    "Wommels": [
        5.58749,
        53.10883
    ],
    "Wolvega": [
        5.99691,
        52.87545
    ],
    "Wolfheze": [
        5.79028,
        52.00333
    ],
    "Woerden": [
        4.88333,
        52.085
    ],
    "Woensdrecht": [
        4.30355,
        51.42897
    ],
    "Wisch": [
        6.41705,
        51.92648
    ],
    "Wirdum": [
        5.80387,
        53.14893
    ],
    "Winterswijk": [
        6.71944,
        51.9725
    ],
    "Winsum": [
        5.63359,
        53.1519
    ],
    "Winschoten": [
        7.03472,
        53.14417
    ],
    "Wilp": [
        6.15,
        52.21833
    ],
    "Willemstad": [
        4.43889,
        51.69167
    ],
    "Wijk bij Duurstede": [
        5.34167,
        51.97417
    ],
    "Wijhe": [
        6.13472,
        52.38667
    ],
    "Wijchen": [
        5.725,
        51.80917
    ],
    "Wierden": [
        6.59306,
        52.35917
    ],
    "West-Terschelling": [
        5.21482,
        53.35911
    ],
    "Westervoort": [
        5.97222,
        51.95583
    ],
    "Westerhaar-Vriezenveensewijk": [
        6.62361,
        52.45583
    ],
    "Westdorpe": [
        3.82639,
        51.2325
    ],
    "Werkendam": [
        4.89444,
        51.81
    ],
    "Wellerlooi": [
        6.13611,
        51.53417
    ],
    "Welberg": [
        4.33056,
        51.57667
    ],
    "Wekerom": [
        5.71389,
        52.1125
    ],
    "Weesp": [
        5.04167,
        52.3075
    ],
    "Weert": [
        5.70694,
        51.25167
    ],
    "Wassenaar": [
        4.40278,
        52.14583
    ],
    "Waspik": [
        4.94444,
        51.68667
    ],
    "Warten": [
        5.9,
        53.15
    ],
    "Warnsveld": [
        6.23056,
        52.1375
    ],
    "Wergea": [
        5.84404,
        53.15145
    ],
    "Wanneperveen": [
        6.12222,
        52.705
    ],
    "Wageningen": [
        5.66667,
        51.97
    ],
    "Waddinxveen": [
        4.65139,
        52.045
    ],
    "Waalwijk": [
        5.07083,
        51.6825
    ],
    "Waalre": [
        5.44444,
        51.38667
    ],
    "Vught": [
        5.2875,
        51.65333
    ],
    "Vroomshoop": [
        6.56528,
        52.46083
    ],
    "Vriezenveen": [
        6.62222,
        52.40833
    ],
    "Vries": [
        6.57778,
        53.07417
    ],
    "Vreeland": [
        5.03194,
        52.23
    ],
    "Voorthuizen": [
        5.60556,
        52.18667
    ],
    "Voorst": [
        6.14167,
        52.17
    ],
    "Voorschoten": [
        4.44861,
        52.1275
    ],
    "Voorhout": [
        4.48472,
        52.22167
    ],
    "Voorburg": [
        4.35972,
        52.07417
    ],
    "Vollenhove": [
        5.95417,
        52.68083
    ],
    "Volkel": [
        5.65417,
        51.6425
    ],
    "Volendam": [
        5.07083,
        52.495
    ],
    "Voerendaal": [
        5.92978,
        50.88327
    ],
    "Vlodrop": [
        6.07639,
        51.13333
    ],
    "Vlist": [
        4.81944,
        51.98
    ],
    "Vlissingen": [
        3.57361,
        51.4425
    ],
    "Vlagtwedde": [
        7.10833,
        53.0275
    ],
    "Vlaardingen": [
        4.34167,
        51.9125
    ],
    "Vianen": [
        5.09167,
        51.9925
    ],
    "Venray": [
        5.975,
        51.525
    ],
    "Venlo": [
        6.16806,
        51.37
    ],
    "Velsen-Zuid": [
        4.65,
        52.46
    ],
    "Velp": [
        5.97361,
        51.995
    ],
    "Veldhoven": [
        5.40278,
        51.41833
    ],
    "Veghel": [
        5.54861,
        51.61667
    ],
    "Veere": [
        3.66667,
        51.54833
    ],
    "Feanwâlden": [
        5.98832,
        53.23558
    ],
    "Veenendaal": [
        5.55891,
        52.02863
    ],
    "Veendam": [
        6.87917,
        53.10667
    ],
    "Varsseveld": [
        6.45833,
        51.94333
    ],
    "Valkenswaard": [
        5.45972,
        51.35083
    ],
    "Valkenburg": [
        5.83056,
        50.86417
    ],
    "Valburg": [
        5.79028,
        51.91167
    ],
    "Vaassen": [
        5.96667,
        52.28583
    ],
    "Vaals": [
        6.01806,
        50.77083
    ],
    "Utrecht": [
        5.12222,
        52.09083
    ],
    "Urmond": [
        5.77222,
        50.99083
    ],
    "Urk": [
        5.60139,
        52.6625
    ],
    "Ulrum": [
        6.33333,
        53.35917
    ],
    "Uithoorn": [
        4.82639,
        52.2375
    ],
    "Uitgeest": [
        4.70972,
        52.52917
    ],
    "Uden": [
        5.61944,
        51.66083
    ],
    "Uddel": [
        5.78056,
        52.25917
    ],
    "Ubachsberg": [
        5.94861,
        50.85333
    ],
    "Tzummarum": [
        5.54612,
        53.23733
    ],
    "Tzum": [
        5.56277,
        53.15899
    ],
    "Tynaarlo": [
        6.61667,
        53.0775
    ],
    "Twijzelerheide": [
        6.04591,
        53.24015
    ],
    "Twijzel": [
        6.08952,
        53.23152
    ],
    "Twello": [
        6.10278,
        52.23667
    ],
    "Tuk": [
        6.09444,
        52.79667
    ],
    "Tubbergen": [
        6.78472,
        52.4075
    ],
    "Tongelre": [
        5.51978,
        51.44889
    ],
    "Tilburg": [
        5.0913,
        51.55551
    ],
    "Tijnje": [
        5.99193,
        53.03058
    ],
    "Tytsjerk": [
        5.90961,
        53.21343
    ],
    "Tiel": [
        5.42917,
        51.88667
    ],
    "Tholen": [
        4.22083,
        51.53167
    ],
    "'t Hofke": [
        5.51926,
        51.44943
    ],
    "Terschuur": [
        5.51667,
        52.165
    ],
    "Terneuzen": [
        3.82778,
        51.33583
    ],
    "Ternaard": [
        5.96523,
        53.38203
    ],
    "Tegelen": [
        6.13611,
        51.34417
    ],
    "Surhuizum": [
        6.17981,
        53.20475
    ],
    "Surhuisterveen": [
        6.17031,
        53.18477
    ],
    "Sumar": [
        6,
        53.18333
    ],
    "Stroe": [
        5.69167,
        52.18583
    ],
    "Strijen": [
        4.55083,
        51.74521
    ],
    "Stiens": [
        5.75769,
        53.26234
    ],
    "Stein": [
        5.76667,
        50.96917
    ],
    "Steggerda": [
        6.07548,
        52.85734
    ],
    "Steenwijkerwold": [
        6.06389,
        52.80417
    ],
    "Steenwijk": [
        6.12083,
        52.7875
    ],
    "Steenbergen": [
        4.31944,
        51.58417
    ],
    "Staphorst": [
        6.21111,
        52.645
    ],
    "Stadskanaal": [
        6.9504,
        52.98947
    ],
    "Spijkenisse": [
        4.32917,
        51.845
    ],
    "Spankeren": [
        6.1125,
        52.05833
    ],
    "Spakenburg": [
        5.36667,
        52.25
    ],
    "Son": [
        5.49282,
        51.51136
    ],
    "Someren": [
        5.71111,
        51.385
    ],
    "Soest": [
        5.29167,
        52.17333
    ],
    "Sneek": [
        5.6589,
        53.03297
    ],
    "Sluiskil": [
        3.83611,
        51.27833
    ],
    "Sluis": [
        3.38611,
        51.30833
    ],
    "Slochteren": [
        6.80547,
        53.22078
    ],
    "Sliedrecht": [
        4.77639,
        51.82083
    ],
    "Sleen": [
        6.80278,
        52.77167
    ],
    "Sittard": [
        5.86944,
        50.99833
    ],
    "Sint-Oedenrode": [
        5.45972,
        51.5675
    ],
    "Sint Odiliënberg": [
        6,
        51.14333
    ],
    "Sint Nicolaasga": [
        5.74242,
        52.92293
    ],
    "Sint-Michielsgestel": [
        5.35278,
        51.64167
    ],
    "Sint Jansklooster": [
        6.00556,
        52.6775
    ],
    "Sint Jacobiparochie": [
        5.60354,
        53.27291
    ],
    "Sint Anthonis": [
        5.88194,
        51.62667
    ],
    "Sint Annaparochie": [
        5.65727,
        53.2762
    ],
    "Simpelveld": [
        5.98194,
        50.83417
    ],
    "Sibbe": [
        5.82639,
        50.84417
    ],
    "'s-Hertogenbosch": [
        5.30417,
        51.69917
    ],
    "s-Heerenberg": [
        6.25877,
        51.8767
    ],
    "'s-Gravenzande": [
        4.16528,
        52.00167
    ],
    "'s Gravenmoer": [
        4.94076,
        51.65594
    ],
    "The Hague": [
        4.29861,
        52.07667
    ],
    "Sexbierum": [
        5.48402,
        53.21823
    ],
    "Sellingen": [
        7.15139,
        52.94583
    ],
    "Schoonhoven": [
        4.84861,
        51.9475
    ],
    "Schoonebeek": [
        6.88472,
        52.6625
    ],
    "Schinveld": [
        5.97917,
        50.96917
    ],
    "Schin op Geul": [
        5.86944,
        50.85417
    ],
    "Schinnen": [
        5.88889,
        50.94333
    ],
    "Schijndel": [
        5.43194,
        51.6225
    ],
    "Schiermonnikoog": [
        6.15209,
        53.48026
    ],
    "Schiedam": [
        4.38889,
        51.91917
    ],
    "Scheveningen": [
        4.27557,
        52.10461
    ],
    "Scharnegoutum": [
        5.67822,
        53.06051
    ],
    "Scharendijke": [
        3.84306,
        51.73583
    ],
    "Schalkhaar": [
        6.19444,
        52.26833
    ],
    "Schaijk": [
        5.63194,
        51.74583
    ],
    "Schagen": [
        4.79861,
        52.7875
    ],
    "Sas van Gent": [
        3.79861,
        51.2275
    ],
    "Sassenheim": [
        4.52222,
        52.225
    ],
    "Sappemeer": [
        6.79028,
        53.16417
    ],
    "Ruinen": [
        6.35417,
        52.7625
    ],
    "Rucphen": [
        4.55833,
        51.53167
    ],
    "Rozendaal": [
        5.9625,
        52.00583
    ],
    "Rottevalle": [
        6.10411,
        53.14523
    ],
    "Rotterdam": [
        4.47917,
        51.9225
    ],
    "Roosendaal": [
        4.46528,
        51.53083
    ],
    "Reduzum": [
        5.78765,
        53.11775
    ],
    "Roermond": [
        5.9875,
        51.19417
    ],
    "Rinsumageast": [
        5.94931,
        53.29695
    ],
    "Rijswijk": [
        4.32501,
        52.03634
    ],
    "Rijnsburg": [
        4.44167,
        52.19
    ],
    "Ridderkerk": [
        4.60278,
        51.8725
    ],
    "Rhoon": [
        4.42222,
        51.8575
    ],
    "Rhenen": [
        5.56806,
        51.95917
    ],
    "Rheden": [
        6.02917,
        52.005
    ],
    "Reuver": [
        6.07778,
        51.28417
    ],
    "Renkum": [
        5.73333,
        51.97667
    ],
    "Renesse": [
        3.775,
        51.7325
    ],
    "Reeuwijk": [
        4.725,
        52.04667
    ],
    "Reek": [
        5.68194,
        51.74583
    ],
    "Randwijk": [
        5.70833,
        51.95333
    ],
    "Raalte": [
        6.275,
        52.38583
    ],
    "Putten": [
        5.60694,
        52.25917
    ],
    "Puth": [
        5.87361,
        50.95417
    ],
    "Purmerend": [
        4.95972,
        52.505
    ],
    "Posterholt": [
        6.03472,
        51.12333
    ],
    "Poeldijk": [
        4.21944,
        52.02417
    ],
    "Pijnacker": [
        4.42946,
        52.01954
    ],
    "Papendrecht": [
        4.6875,
        51.83167
    ],
    "Overberg": [
        5.49444,
        52.04
    ],
    "Oud-Loosdrecht": [
        5.08056,
        52.20667
    ],
    "Oude Wetering": [
        4.64444,
        52.21417
    ],
    "Oudewater": [
        4.86806,
        52.025
    ],
    "Oudeschoot": [
        5.95579,
        52.93343
    ],
    "Ouderkerk aan de Amstel": [
        4.90746,
        52.29504
    ],
    "Oude Pekela": [
        7.00972,
        53.10417
    ],
    "Oudemirdum": [
        5.53544,
        52.85019
    ],
    "Oudehaske": [
        5.87095,
        52.95709
    ],
    "Oudega": [
        5.99888,
        53.12504
    ],
    "Ouddorp": [
        3.93472,
        51.81167
    ],
    "Oud-Beijerland": [
        4.4125,
        51.82417
    ],
    "Otterlo": [
        5.77222,
        52.1
    ],
    "Oss": [
        5.51806,
        51.765
    ],
    "Oranjewoud": [
        5.95038,
        52.94579
    ],
    "Opperdoes": [
        5.07534,
        52.75915
    ],
    "Oppenhuizen": [
        5.69495,
        53.01194
    ],
    "Opmeer": [
        4.94444,
        52.70667
    ],
    "Opeinde": [
        6.05656,
        53.1341
    ],
    "Oost-Vlieland": [
        5.07431,
        53.29703
    ],
    "Oosterpark": [
        6.5853,
        53.2237
    ],
    "Eastermar": [
        6.05999,
        53.17466
    ],
    "Oosterhout": [
        4.85972,
        51.645
    ],
    "Oosterbeek": [
        5.84583,
        51.98583
    ],
    "Oostelbeers": [
        5.26897,
        51.47171
    ],
    "Olst": [
        6.10972,
        52.3375
    ],
    "Oldenzaal": [
        6.92917,
        52.31333
    ],
    "Oldemarkt": [
        5.975,
        52.82083
    ],
    "Oldehove": [
        6.39583,
        53.30333
    ],
    "Oldebroek": [
        5.90139,
        52.445
    ],
    "Aldeboarn": [
        5.9,
        53.05
    ],
    "Oisterwijk": [
        5.18889,
        51.57917
    ],
    "Oirschot": [
        5.31389,
        51.505
    ],
    "Oirsbeek": [
        5.90833,
        50.95083
    ],
    "Offenbeek": [
        6.095,
        51.28225
    ],
    "Oerle": [
        5.37163,
        51.42255
    ],
    "Oentsjerk": [
        5.9,
        53.25
    ],
    "Oene": [
        6.04861,
        52.34417
    ],
    "Oegstgeest": [
        4.46944,
        52.18
    ],
    "Odiliapeel": [
        5.70556,
        51.64333
    ],
    "Nuth": [
        5.88611,
        50.9175
    ],
    "Nunspeet": [
        5.78611,
        52.37917
    ],
    "Nuenen": [
        5.55278,
        51.47
    ],
    "Noordwolde": [
        6.14153,
        52.88964
    ],
    "Noordwijkerhout": [
        4.49306,
        52.26167
    ],
    "Noordwijk-Binnen": [
        4.44474,
        52.234
    ],
    "Noordhorn": [
        6.39583,
        53.26167
    ],
    "Noardburgum": [
        6.00523,
        53.22135
    ],
    "Nijmegen": [
        5.85278,
        51.8425
    ],
    "Nijkerk": [
        5.48611,
        52.22
    ],
    "Nieuw-Vossemeer": [
        4.21806,
        51.59
    ],
    "Nieuw-Lotbroek": [
        5.92798,
        50.91283
    ],
    "Nieuw-Loosdrecht": [
        5.13889,
        52.19917
    ],
    "Nieuw-Lekkerland": [
        4.68653,
        51.88915
    ],
    "Nieuwkoop": [
        4.77639,
        52.15083
    ],
    "Nieuw-Helvoet": [
        4.12897,
        51.83843
    ],
    "Nieuwenhoorn": [
        4.14306,
        51.85417
    ],
    "Nieuwehorne": [
        6.06342,
        52.95113
    ],
    "Nieuwegein": [
        5.08056,
        52.02917
    ],
    "Nes": [
        5.85223,
        53.05207
    ],
    "Neerijnen": [
        5.28194,
        51.83167
    ],
    "Neede": [
        6.61389,
        52.13417
    ],
    "Nederweert": [
        5.74861,
        51.28583
    ],
    "Nederhemert-Noord": [
        5.17305,
        51.76322
    ],
    "Nederhemert": [
        5.16817,
        51.76518
    ],
    "Neder-Hardinxveld": [
        4.8549,
        51.82879
    ],
    "Naarden": [
        5.1625,
        52.29583
    ],
    "Naaldwijk": [
        4.20972,
        51.99417
    ],
    "Montfort": [
        5.94861,
        51.12583
    ],
    "Montfoort": [
        4.95278,
        52.04583
    ],
    "Monster": [
        4.175,
        52.02583
    ],
    "Monnickendam": [
        5.0375,
        52.45833
    ],
    "Minnertsga": [
        5.59513,
        53.25104
    ],
    "Mijnsheerenland": [
        4.4875,
        51.79667
    ],
    "Mijdrecht": [
        4.8625,
        52.20667
    ],
    "Mierlo": [
        5.61944,
        51.44
    ],
    "Middelharnis": [
        4.16528,
        51.7575
    ],
    "Middelburg": [
        3.61389,
        51.5
    ],
    "Middelbeers": [
        5.25,
        51.46667
    ],
    "Merkelbeek": [
        5.94069,
        50.95389
    ],
    "Meppel": [
        6.19444,
        52.69583
    ],
    "Menaam": [
        5.66124,
        53.21797
    ],
    "Melick": [
        6.01667,
        51.15917
    ],
    "Meerssen": [
        5.75,
        50.8875
    ],
    "Medemblik": [
        5.10556,
        52.77167
    ],
    "Marsum": [
        5.72637,
        53.2105
    ],
    "Marrum": [
        5.80198,
        53.32277
    ],
    "Markelo": [
        6.49861,
        52.235
    ],
    "Mariarade": [
        5.92738,
        50.92906
    ],
    "Mariaheide": [
        5.58056,
        51.63333
    ],
    "Margraten": [
        5.82083,
        50.82083
    ],
    "Mantgum": [
        5.71924,
        53.12865
    ],
    "Makkum": [
        5.40231,
        53.05458
    ],
    "Magele": [
        6.52083,
        52.46917
    ],
    "Made": [
        4.79306,
        51.67667
    ],
    "Maastricht": [
        5.68889,
        50.84833
    ],
    "Maassluis": [
        4.25,
        51.92333
    ],
    "Maasdijk": [
        4.21389,
        51.95917
    ],
    "Maasbree": [
        6.04861,
        51.3575
    ],
    "Maasbracht": [
        5.88627,
        51.13929
    ],
    "Maarssen": [
        5.04167,
        52.13917
    ],
    "Maarsbergen": [
        5.40556,
        52.05833
    ],
    "Maarn": [
        5.37083,
        52.06417
    ],
    "Lunteren": [
        5.62222,
        52.085
    ],
    "Losser": [
        7.00417,
        52.26083
    ],
    "Lopik": [
        4.94861,
        51.9725
    ],
    "Loosbroek": [
        5.50694,
        51.67833
    ],
    "Loon op Zand": [
        5.075,
        51.6275
    ],
    "Loenen": [
        6.01944,
        52.1175
    ],
    "Lochem": [
        6.41111,
        52.15917
    ],
    "Lisse": [
        4.55694,
        52.26
    ],
    "Lindenholt": [
        5.7934,
        51.8327
    ],
    "Limbricht": [
        5.8375,
        51.01167
    ],
    "Liesveld": [
        4.83194,
        51.9325
    ],
    "Lienden": [
        5.51806,
        51.94833
    ],
    "Lichtenvoorde": [
        6.56667,
        51.98667
    ],
    "Leusden": [
        5.43194,
        52.1325
    ],
    "Lepelstraat": [
        4.27639,
        51.54833
    ],
    "Lemmer": [
        5.70912,
        52.84618
    ],
    "Lelystad": [
        5.475,
        52.50833
    ],
    "Leimuiden": [
        4.66944,
        52.22417
    ],
    "Leiderdorp": [
        4.52917,
        52.15833
    ],
    "Leiden": [
        4.49306,
        52.15833
    ],
    "Leeuwen": [
        5.99862,
        51.21032
    ],
    "Leeuwarden": [
        5.80859,
        53.20139
    ],
    "Leesten": [
        6.23217,
        52.1279
    ],
    "Leersum": [
        5.42778,
        52.01167
    ],
    "Leerdam": [
        5.09167,
        51.89333
    ],
    "Leek": [
        6.37639,
        53.1625
    ],
    "Laren": [
        6.36528,
        52.19417
    ],
    "Landsmeer": [
        4.91528,
        52.43083
    ],
    "Kwintsheul": [
        4.25556,
        52.01333
    ],
    "Kunrade": [
        5.93107,
        50.87769
    ],
    "Kruisland": [
        4.40972,
        51.56917
    ],
    "Krimpen aan den IJssel": [
        4.60278,
        51.91667
    ],
    "Koudum": [
        5.44834,
        52.91551
    ],
    "Kortenhoef": [
        5.10694,
        52.23917
    ],
    "Korrewegwijk": [
        6.56804,
        53.23235
    ],
    "Kootwijkerbroek": [
        5.66944,
        52.15083
    ],
    "Kootstertille": [
        6.09209,
        53.21261
    ],
    "Koningsbosch": [
        5.95833,
        51.05167
    ],
    "Kollumerzwaag": [
        6.07544,
        53.26224
    ],
    "Kollum": [
        6.15293,
        53.27695
    ],
    "Koewacht": [
        3.97361,
        51.22833
    ],
    "Klundert": [
        4.53461,
        51.66297
    ],
    "Klimmen": [
        5.88056,
        50.87583
    ],
    "Klazienaveen": [
        6.99028,
        52.72417
    ],
    "Kerkrade": [
        6.0625,
        50.86583
    ],
    "Marken": [
        5.10278,
        52.45833
    ],
    "Keldonk": [
        5.58472,
        51.58667
    ],
    "Katwijk aan Zee": [
        4.39861,
        52.20333
    ],
    "Katwijk aan den Rijn": [
        4.42222,
        52.19417
    ],
    "Kampen": [
        5.91111,
        52.555
    ],
    "Joure": [
        5.80301,
        52.9657
    ],
    "Jirnsum": [
        5.79254,
        53.07753
    ],
    "IJsselstein": [
        5.04306,
        52.02
    ],
    "IJlst": [
        5.62312,
        53.01009
    ],
    "Hulst": [
        4.05278,
        51.28
    ],
    "Huizen": [
        5.24167,
        52.29917
    ],
    "Huizum": [
        5.81119,
        53.1917
    ],
    "Houthem": [
        5.79306,
        50.8725
    ],
    "Houten": [
        5.16806,
        52.02833
    ],
    "Horst": [
        5.58194,
        52.30833
    ],
    "Hoorn": [
        5.05972,
        52.6425
    ],
    "Hoogland": [
        5.37361,
        52.1825
    ],
    "Hoogezand": [
        6.76111,
        53.16167
    ],
    "Hoogeveen": [
        6.47639,
        52.7225
    ],
    "Hoofddorp": [
        4.68889,
        52.3025
    ],
    "Honselersdijk": [
        4.22441,
        52.00665
    ],
    "Holwerd": [
        5.90073,
        53.36815
    ],
    "Hollum": [
        5.63805,
        53.4394
    ],
    "Hoge Vucht": [
        4.7915,
        51.60794
    ],
    "Hoensbroek": [
        5.92528,
        50.92387
    ],
    "Hoek van Holland": [
        4.13333,
        51.9775
    ],
    "Hilversum": [
        5.17639,
        52.22333
    ],
    "Hilvarenbeek": [
        5.1375,
        51.48583
    ],
    "Hillegom": [
        4.58333,
        52.29083
    ],
    "Heythuysen": [
        5.89861,
        51.25
    ],
    "Heusden": [
        5.13889,
        51.73417
    ],
    "Heteren": [
        5.75556,
        51.95667
    ],
    "Herveld": [
        5.75417,
        51.90583
    ],
    "Herkenbosch": [
        6.06389,
        51.15333
    ],
    "Hengevelde": [
        6.63611,
        52.19917
    ],
    "Hengelo": [
        6.30972,
        52.05083
    ],
    "Hendrik-Ido-Ambacht": [
        4.63889,
        51.84417
    ],
    "Helmond": [
        5.66111,
        51.48167
    ],
    "Hellevoetsluis": [
        4.13333,
        51.83333
    ],
    "Heino": [
        6.23282,
        52.43661
    ],
    "Heinenoord": [
        4.47659,
        51.82602
    ],
    "Heiloo": [
        4.68815,
        52.60252
    ],
    "Heeze": [
        5.57145,
        51.3828
    ],
    "Heesch": [
        5.52672,
        51.73362
    ],
    "Heerlen": [
        5.98154,
        50.88365
    ],
    "Heerjansdam": [
        4.56389,
        51.83583
    ],
    "Heerhugowaard": [
        4.84862,
        52.67144
    ],
    "Heerewaarden": [
        5.393,
        51.81769
    ],
    "Heerenveen": [
        5.91854,
        52.95929
    ],
    "Heerde": [
        6.04016,
        52.38723
    ],
    "Heer": [
        5.72989,
        50.83836
    ],
    "Heemstede": [
        4.62301,
        52.34992
    ],
    "Heemskerk": [
        4.67165,
        52.51108
    ],
    "Heelsum": [
        5.75833,
        51.98417
    ],
    "Heeg": [
        5.61075,
        52.9686
    ],
    "Hedel": [
        5.26134,
        51.74802
    ],
    "Havelte": [
        6.24015,
        52.76941
    ],
    "Hattem": [
        6.06389,
        52.475
    ],
    "Hasselt": [
        6.09527,
        52.59267
    ],
    "Harskamp": [
        5.75278,
        52.13
    ],
    "Harlingen": [
        5.42244,
        53.17477
    ],
    "Harkema": [
        6.13333,
        53.18333
    ],
    "Harfsen": [
        6.29722,
        52.2075
    ],
    "Harenkarspel": [
        4.77682,
        52.73416
    ],
    "Haren": [
        6.60931,
        53.17209
    ],
    "Harderwijk": [
        5.62083,
        52.34167
    ],
    "Hardenberg": [
        6.61944,
        52.57583
    ],
    "Hurdegaryp": [
        5.94137,
        53.21333
    ],
    "Halsteren": [
        4.26785,
        51.52834
    ],
    "Hallum": [
        5.78379,
        53.30657
    ],
    "Halfweg": [
        4.92778,
        52.52417
    ],
    "Haelen": [
        5.95694,
        51.23583
    ],
    "Haastrecht": [
        4.77639,
        52.00074
    ],
    "Haarlem": [
        4.63683,
        52.38084
    ],
    "Haaren": [
        5.22222,
        51.6025
    ],
    "Haamstede": [
        3.74299,
        51.69682
    ],
    "Haaksbergen": [
        6.73889,
        52.15667
    ],
    "Grou": [
        5.83745,
        53.09456
    ],
    "Grootegast": [
        6.27361,
        53.2125
    ],
    "Groningen": [
        6.56667,
        53.21917
    ],
    "Groesbeek": [
        5.93611,
        51.77667
    ],
    "Grijpskerk": [
        6.30833,
        53.2625
    ],
    "Grave": [
        5.73882,
        51.75902
    ],
    "Goutum": [
        5.8037,
        53.17734
    ],
    "Gouda": [
        4.70833,
        52.01667
    ],
    "Gorssel": [
        6.20139,
        52.20167
    ],
    "Gorredijk": [
        6.06402,
        53.00659
    ],
    "Gorinchem": [
        4.97243,
        51.83652
    ],
    "Goor": [
        6.58611,
        52.23333
    ],
    "Goirle": [
        5.06667,
        51.52083
    ],
    "Goes": [
        3.88889,
        51.50417
    ],
    "Goedereede": [
        3.98056,
        51.8175
    ],
    "Giethoorn": [
        6.07917,
        52.74
    ],
    "Giessenburg": [
        4.89028,
        51.85083
    ],
    "Gytsjerk": [
        5.89502,
        53.24293
    ],
    "Gennep": [
        5.97361,
        51.69833
    ],
    "Gendringen": [
        6.37639,
        51.87333
    ],
    "Geldrop": [
        5.55972,
        51.42167
    ],
    "Geldermalsen": [
        5.28889,
        51.88083
    ],
    "Geffen": [
        5.46389,
        51.74
    ],
    "Geertruidenberg": [
        4.85694,
        51.70167
    ],
    "Garyp": [
        5.96667,
        53.16667
    ],
    "Garderen": [
        5.71389,
        52.23083
    ],
    "Franeker": [
        5.54123,
        53.18546
    ],
    "Ferwert": [
        5.82533,
        53.33784
    ],
    "Erp": [
        5.60694,
        51.6
    ],
    "Ermelo": [
        5.62222,
        52.29833
    ],
    "Epse": [
        6.2,
        52.225
    ],
    "Epe": [
        5.98333,
        52.3475
    ],
    "Enschede": [
        6.89583,
        52.21833
    ],
    "Ens": [
        5.82778,
        52.63667
    ],
    "Enkhuizen": [
        5.29167,
        52.70333
    ],
    "Emst": [
        5.97361,
        52.31583
    ],
    "Emmer-Compascuum": [
        7.04722,
        52.81167
    ],
    "Emmen": [
        6.90694,
        52.77917
    ],
    "Emmeloord": [
        5.74861,
        52.71083
    ],
    "Elst": [
        5.84167,
        51.91917
    ],
    "Elsloo": [
        5.77083,
        50.94917
    ],
    "Ellecom": [
        6.0875,
        52.0325
    ],
    "Elburg": [
        5.84306,
        52.4475
    ],
    "Eindhoven": [
        5.47778,
        51.44083
    ],
    "Eijsden": [
        5.7177,
        50.78
    ],
    "Eibergen": [
        6.64861,
        52.1
    ],
    "Egmond aan Zee": [
        4.62705,
        52.6204
    ],
    "Eersel": [
        5.31806,
        51.3575
    ],
    "Eerde": [
        5.49861,
        51.60417
    ],
    "Eerbeek": [
        6.05833,
        52.105
    ],
    "Eefde": [
        6.225,
        52.16667
    ],
    "Ederveen": [
        5.57778,
        52.06333
    ],
    "Ede": [
        5.65833,
        52.03333
    ],
    "Edam": [
        5.04805,
        52.51215
    ],
    "Echtenerbrug": [
        5.82147,
        52.87141
    ],
    "Dwingeloo": [
        6.36944,
        52.83417
    ],
    "Duivendrecht": [
        4.93964,
        52.32941
    ],
    "Duiven": [
        6.01389,
        51.94667
    ],
    "Druten": [
        5.60556,
        51.88833
    ],
    "Dronten": [
        5.71806,
        52.525
    ],
    "Dronryp": [
        5.65,
        53.2
    ],
    "Drogeham": [
        6.11183,
        53.20213
    ],
    "Drimmelen": [
        4.80417,
        51.70667
    ],
    "Driemond": [
        5.01667,
        52.30583
    ],
    "Driel": [
        5.81389,
        51.95917
    ],
    "Driebergen-Rijsenburg": [
        5.28056,
        52.05333
    ],
    "Drachtstercompagnie": [
        6.14153,
        53.13462
    ],
    "Drachten": [
        6.0989,
        53.11254
    ],
    "Dordrecht": [
        4.67361,
        51.81
    ],
    "Doorwerth": [
        5.79722,
        51.97917
    ],
    "Doorn": [
        5.34571,
        52.03343
    ],
    "Dongen": [
        4.93889,
        51.62667
    ],
    "Dokkum": [
        5.99698,
        53.32224
    ],
    "Doetinchem": [
        6.28889,
        51.965
    ],
    "Doesburg": [
        6.13889,
        52.0125
    ],
    "Doenrade": [
        5.90694,
        50.9675
    ],
    "Dirksland": [
        4.1,
        51.74917
    ],
    "Dinteloord": [
        4.36944,
        51.635
    ],
    "Dieren": [
        6.1,
        52.0525
    ],
    "Diepenheim": [
        6.55556,
        52.2
    ],
    "Diemen": [
        4.96256,
        52.33964
    ],
    "Deventer": [
        6.16389,
        52.255
    ],
    "De Steeg": [
        6.06111,
        52.02
    ],
    "Den Oever": [
        5.03079,
        52.93353
    ],
    "Den Helder": [
        4.75933,
        52.95988
    ],
    "Den Ham": [
        6.49583,
        52.46583
    ],
    "Den Burg": [
        4.79722,
        53.05417
    ],
    "De Lier": [
        4.24861,
        51.975
    ],
    "Delfzijl": [
        6.91806,
        53.33
    ],
    "Delft": [
        4.35556,
        52.00667
    ],
    "Delfshaven": [
        4.45315,
        51.90488
    ],
    "Delden": [
        6.71111,
        52.26
    ],
    "Deinum": [
        5.72431,
        53.19182
    ],
    "De Horst": [
        5.96806,
        51.77417
    ],
    "De Doornakkers": [
        5.50887,
        51.43844
    ],
    "De Bilt": [
        5.18056,
        52.11
    ],
    "Damwâld": [
        5.99785,
        53.29046
    ],
    "Dalfsen": [
        6.25694,
        52.51167
    ],
    "Dalen": [
        6.75556,
        52.69917
    ],
    "Culemborg": [
        5.22778,
        51.955
    ],
    "Cuijk": [
        5.87917,
        51.73083
    ],
    "Cranendonck": [
        5.58889,
        51.30417
    ],
    "Coevorden": [
        6.74046,
        52.66103
    ],
    "Castricum": [
        4.66944,
        52.54833
    ],
    "Capelle-West": [
        4.56667,
        51.91667
    ],
    "Capelle aan den IJssel": [
        4.57778,
        51.92917
    ],
    "Bussum": [
        5.16111,
        52.27333
    ],
    "Burgh": [
        3.73333,
        51.68917
    ],
    "Bunschoten": [
        5.37884,
        52.24304
    ],
    "Bunnik": [
        5.19861,
        52.06667
    ],
    "Buitenpost": [
        6.14483,
        53.25166
    ],
    "Brunssum": [
        5.97083,
        50.94667
    ],
    "Brummen": [
        6.15556,
        52.09
    ],
    "Bruinisse": [
        4.09444,
        51.66167
    ],
    "Broeksterwâld": [
        5.99648,
        53.27466
    ],
    "Broek op Langedijk": [
        4.80556,
        52.67417
    ],
    "Broek in Waterland": [
        4.99583,
        52.43417
    ],
    "Broekhem": [
        5.82069,
        50.87119
    ],
    "Britsum": [
        5.78576,
        53.25428
    ],
    "Brielle": [
        4.1625,
        51.90167
    ],
    "Breukelen": [
        5.00139,
        52.17417
    ],
    "Breugel": [
        5.51111,
        51.5175
    ],
    "Bredeweg": [
        5.94189,
        51.76019
    ],
    "Bredevoort": [
        6.62083,
        51.94167
    ],
    "Breda": [
        4.77596,
        51.58656
    ],
    "Boxtel": [
        5.32917,
        51.59083
    ],
    "Boxmeer": [
        5.94722,
        51.64667
    ],
    "Boven-Hardinxveld": [
        4.88194,
        51.82333
    ],
    "Boskoop": [
        4.65556,
        52.075
    ],
    "Boskamp": [
        6.12778,
        52.33083
    ],
    "Borssele": [
        3.73472,
        51.42333
    ],
    "Borne": [
        6.7482,
        52.30136
    ],
    "Born": [
        5.80972,
        51.03167
    ],
    "Borger": [
        6.79306,
        52.92333
    ],
    "Borculo": [
        6.52222,
        52.11583
    ],
    "Boornbergum": [
        6.04578,
        53.08284
    ],
    "Bolsward": [
        5.53176,
        53.06554
    ],
    "Boelenslaan": [
        6.14479,
        53.1617
    ],
    "Boekel": [
        5.675,
        51.60333
    ],
    "Bodegraven": [
        4.75,
        52.0825
    ],
    "Blokzijl": [
        5.96111,
        52.72667
    ],
    "Bloemendaal": [
        4.62222,
        52.4025
    ],
    "Bleiswijk": [
        4.53194,
        52.01083
    ],
    "Blaricum": [
        5.24167,
        52.2725
    ],
    "Bladel": [
        5.22083,
        51.36833
    ],
    "Burdaard": [
        5.87897,
        53.29421
    ],
    "Bilgaard": [
        5.79574,
        53.2155
    ],
    "Biddinghuizen": [
        5.69306,
        52.455
    ],
    "Beverwijk": [
        4.65694,
        52.48333
    ],
    "Beuningen": [
        5.76667,
        51.86083
    ],
    "Best": [
        5.39028,
        51.5075
    ],
    "Berltsum": [
        5.65101,
        53.2437
    ],
    "Burgum": [
        5.99009,
        53.19243
    ],
    "Bergschenhoek": [
        4.49861,
        51.99
    ],
    "Berghem": [
        5.56827,
        51.76991
    ],
    "Bergharen": [
        5.66944,
        51.85083
    ],
    "Bergeijk": [
        5.35833,
        51.31917
    ],
    "Bergen op Zoom": [
        4.29167,
        51.495
    ],
    "Berg en Dal": [
        5.91667,
        51.82167
    ],
    "Berg": [
        5.78333,
        50.86167
    ],
    "Benthuizen": [
        4.54444,
        52.0775
    ],
    "Bennekom": [
        5.67639,
        51.99833
    ],
    "Bennebroek": [
        4.59861,
        52.32083
    ],
    "Beesel": [
        6.03889,
        51.26833
    ],
    "Beekbergen": [
        5.96389,
        52.16
    ],
    "Beek": [
        5.79722,
        50.94083
    ],
    "Bedum": [
        6.60278,
        53.30083
    ],
    "Barneveld": [
        5.58472,
        52.14
    ],
    "Barendrecht": [
        4.53472,
        51.85667
    ],
    "Barchem": [
        6.44306,
        52.12417
    ],
    "Balk": [
        5.57964,
        52.89756
    ],
    "Baarn": [
        5.2875,
        52.21167
    ],
    "Baarle-Nassau": [
        4.92917,
        51.4475
    ],
    "Baak": [
        6.22778,
        52.0775
    ],
    "Axel": [
        3.90833,
        51.26667
    ],
    "Augustinusga": [
        6.1617,
        53.21785
    ],
    "Asten": [
        5.74861,
        51.40417
    ],
    "Assen": [
        6.5625,
        52.99667
    ],
    "Arnhem": [
        5.91111,
        51.98
    ],
    "Arcen": [
        6.18056,
        51.47667
    ],
    "Appingedam": [
        6.85833,
        53.32167
    ],
    "Apeldoorn": [
        5.96944,
        52.21
    ],
    "Anloo": [
        6.70139,
        53.04417
    ],
    "Anjum": [
        6.12698,
        53.37475
    ],
    "Andelst": [
        5.72917,
        51.90833
    ],
    "Amsterdam": [
        4.88969,
        52.37403
    ],
    "Amstenrade": [
        5.92361,
        50.93917
    ],
    "Amstelveen": [
        4.86389,
        52.30083
    ],
    "Amersfoort": [
        5.3875,
        52.155
    ],
    "Amerongen": [
        5.45972,
        52.0025
    ],
    "Alphen aan den Rijn": [
        4.65546,
        52.12917
    ],
    "Almkerk": [
        4.95972,
        51.77083
    ],
    "Almere Stad": [
        5.21413,
        52.37025
    ],
    "Almen": [
        6.3,
        52.15833
    ],
    "Almelo": [
        6.6625,
        52.35667
    ],
    "Alkmaar": [
        4.74861,
        52.63167
    ],
    "Alblasserdam": [
        4.66111,
        51.86583
    ],
    "Akkrum": [
        5.83087,
        53.05024
    ],
    "Aduard": [
        6.45972,
        53.25667
    ],
    "Aalten": [
        6.58056,
        51.925
    ],
    "Aalsmeer": [
        4.75972,
        52.25917
    ],
    "Aalburg": [
        5.13156,
        51.75482
    ],
    "Camminghaburen": [
        5.84318,
        53.20973
    ],
    "Amsterdam-Zuidoost": [
        4.97222,
        52.3075
    ],
    "Jubbega": [
        6.12183,
        53.00396
    ],
    "Meerhoven": [
        5.41102,
        51.44267
    ],
    "De Knipe": [
        5.97116,
        52.96829
    ],
    "Lunetten": [
        5.13474,
        52.06178
    ],
    "Aarle-Rixtel": [
        5.63839,
        51.50976
    ],
    "Kelpen-Oler": [
        5.82602,
        51.21817
    ],
    "Muschberg en Geestenberg": [
        5.52329,
        51.44384
    ],
    "Villapark": [
        5.49385,
        51.44144
    ],
    "Lakerlopen": [
        5.50106,
        51.43791
    ],
    "Berkel en Rodenrijs": [
        4.47865,
        51.99313
    ],
    "Ypenburg": [
        4.36981,
        52.04098
    ],
    "Oranjewijk": [
        4.65374,
        52.04922
    ],
    "Vondelwijk": [
        4.65314,
        52.05497
    ],
    "Groenswaard": [
        4.64541,
        52.05154
    ],
    "Randenbroek": [
        5.4012,
        52.14863
    ],
    "Hoogkamp": [
        5.88026,
        51.9963
    ],
    "Gulden Bodem": [
        5.8908,
        51.99428
    ],
    "Sterrenberg": [
        5.88387,
        51.9935
    ],
    "Burgemeesterswijk": [
        5.89597,
        51.98943
    ],
    "'s-Gravenland": [
        4.55315,
        51.92336
    ],
    "Spechtenkamp": [
        5.01758,
        52.13926
    ]
}