{
    "Aceitunas": [
        -67.0649,
        18.44328
    ],
    "Adjuntas": [
        -66.72369,
        18.16379
    ],
    "Aguada": [
        -67.18824,
        18.37939
    ],
    "Aguadilla": [
        -67.15407,
        18.42745
    ],
    "Aguas Buenas": [
        -66.10294,
        18.2569
    ],
    "Aguas Claras": [
        -65.6535,
        18.25273
    ],
    "Aguilita": [
        -66.53462,
        18.0233
    ],
    "Aibonito": [
        -66.266,
        18.13996
    ],
    "Añasco": [
        -67.13962,
        18.28273
    ],
    "Animas": [
        -66.6349,
        18.4455
    ],
    "Antón Ruiz": [
        -65.8085,
        18.18524
    ],
    "Arecibo": [
        -66.71573,
        18.47244
    ],
    "Arroyo": [
        -66.06128,
        17.9658
    ],
    "Bairoa": [
        -66.04044,
        18.25912
    ],
    "Bajadero": [
        -66.68323,
        18.42661
    ],
    "Bajandas": [
        -65.78155,
        18.15774
    ],
    "Barahona": [
        -66.44545,
        18.35134
    ],
    "Barceloneta": [
        -66.53851,
        18.4505
    ],
    "Barranquitas": [
        -66.30628,
        18.18662
    ],
    "Bartolo": [
        -65.8385,
        18.36134
    ],
    "Bayamón": [
        -66.15572,
        18.39856
    ],
    "Bayamon": [
        -66.11322,
        18.17774
    ],
    "Benitez": [
        -65.87905,
        18.27357
    ],
    "Boquerón": [
        -67.16907,
        18.02691
    ],
    "Boqueron": [
        -65.8485,
        18.20746
    ],
    "Brenas": [
        -66.341,
        18.46717
    ],
    "Buena Vista": [
        -66.05183,
        17.99635
    ],
    "Bufalo": [
        -66.57323,
        18.41828
    ],
    "Caban": [
        -67.13601,
        18.44328
    ],
    "Cabo Rojo": [
        -67.14573,
        18.08663
    ],
    "Cacao": [
        -66.93712,
        18.43661
    ],
    "Caguas": [
        -66.0485,
        18.23412
    ],
    "Campanilla": [
        -66.23683,
        18.42134
    ],
    "Campo Rico": [
        -65.89794,
        18.33717
    ],
    "Camuy": [
        -66.8449,
        18.48383
    ],
    "Candelaria": [
        -66.20878,
        18.40411
    ],
    "Candelaria Arenas": [
        -66.21739,
        18.41717
    ],
    "Candelero Arriba": [
        -65.83683,
        18.10191
    ],
    "Canovanas": [
        -65.89934,
        18.3751
    ],
    "Capitanejo": [
        -66.49462,
        17.99135
    ],
    "Carolina": [
        -65.95739,
        18.38078
    ],
    "Carrizales": [
        -66.7899,
        18.48189
    ],
    "Cataño": [
        -66.11822,
        18.44134
    ],
    "Cayey": [
        -66.166,
        18.11191
    ],
    "Cayuco": [
        -66.73934,
        18.29106
    ],
    "Ceiba": [
        -66.35073,
        18.44634
    ],
    "Celada": [
        -65.966,
        18.27162
    ],
    "Central Aguirre": [
        -66.22294,
        17.95358
    ],
    "Ciales": [
        -66.46878,
        18.33606
    ],
    "Cidra": [
        -66.16128,
        18.17579
    ],
    "Coamo": [
        -66.35795,
        18.07996
    ],
    "Coco": [
        -66.25933,
        18.00719
    ],
    "Comerío": [
        -66.226,
        18.21801
    ],
    "Comunas": [
        -65.84377,
        18.08719
    ],
    "Coquí": [
        -66.22711,
        17.97413
    ],
    "Corazón": [
        -66.08489,
        17.99274
    ],
    "Corcovado": [
        -66.77629,
        18.45856
    ],
    "Corozal": [
        -66.31684,
        18.34106
    ],
    "Coto Laurel": [
        -66.55128,
        18.04969
    ],
    "Coto Norte": [
        -66.43989,
        18.43078
    ],
    "Culebra": [
        -65.30099,
        18.30301
    ],
    "Daguao": [
        -65.68322,
        18.22635
    ],
    "Dorado": [
        -66.26767,
        18.45883
    ],
    "Duque": [
        -65.75044,
        18.2394
    ],
    "El Mangó": [
        -65.87961,
        18.23412
    ],
    "El Negro": [
        -65.85127,
        18.03747
    ],
    "El Ojo": [
        -66.39156,
        18.00385
    ],
    "Emajagua": [
        -65.88266,
        18.00052
    ],
    "Esperanza": [
        -65.47071,
        18.09719
    ],
    "Espino": [
        -67.11935,
        18.27634
    ],
    "Estancias de Florida": [
        -66.56962,
        18.36662
    ],
    "Fajardo": [
        -65.65238,
        18.32579
    ],
    "Florida": [
        -66.56128,
        18.36245
    ],
    "Franquez": [
        -66.42767,
        18.34023
    ],
    "Fuig": [
        -66.91601,
        17.98774
    ],
    "G. L. Garcia": [
        -66.10405,
        18.12746
    ],
    "Galateo": [
        -66.25878,
        18.36245
    ],
    "Garrochales": [
        -66.56628,
        18.45356
    ],
    "Guánica": [
        -66.90795,
        17.97163
    ],
    "Guayabal": [
        -66.50128,
        18.08135
    ],
    "Guayama": [
        -66.11378,
        17.98413
    ],
    "Guayanilla": [
        -66.79184,
        18.01913
    ],
    "Guaynabo": [
        -66.111,
        18.35745
    ],
    "Gurabo": [
        -65.97294,
        18.2544
    ],
    "H. Rivera Colon": [
        -66.27378,
        18.34773
    ],
    "Hatillo": [
        -66.82545,
        18.48633
    ],
    "Hato Candal": [
        -65.78711,
        18.37439
    ],
    "Hormigueros": [
        -67.1274,
        18.13968
    ],
    "Imbery": [
        -66.55239,
        18.43689
    ],
    "Indios": [
        -66.81934,
        17.99413
    ],
    "Ingenio": [
        -66.226,
        18.44217
    ],
    "Humacao": [
        -65.82738,
        18.14968
    ],
    "Isabel Segunda": [
        -65.44266,
        18.14913
    ],
    "Isabela": [
        -67.02435,
        18.50078
    ],
    "Jagual": [
        -65.99544,
        18.16163
    ],
    "Jauca": [
        -66.36572,
        17.96913
    ],
    "Jayuya": [
        -66.59156,
        18.21857
    ],
    "Jobos": [
        -66.16544,
        17.95524
    ],
    "Juana Díaz": [
        -66.50656,
        18.05246
    ],
    "Juncal": [
        -66.91907,
        18.31384
    ],
    "Juncos": [
        -65.921,
        18.22746
    ],
    "La Alianza": [
        -66.6024,
        18.39745
    ],
    "La Dolores": [
        -65.85572,
        18.3755
    ],
    "La Fermina": [
        -65.8535,
        18.17551
    ],
    "La Luisa": [
        -66.50989,
        18.44884
    ],
    "La Parguera": [
        -67.04657,
        17.97497
    ],
    "La Playa": [
        -67.18685,
        18.28745
    ],
    "La Plena": [
        -66.20461,
        18.04663
    ],
    "Lajas": [
        -67.05934,
        18.04996
    ],
    "Lamboglia": [
        -65.98572,
        17.98136
    ],
    "Lares": [
        -66.87712,
        18.29467
    ],
    "Las Marias": [
        -67.14629,
        18.29328
    ],
    "Las Marías": [
        -66.99212,
        18.2519
    ],
    "Las Ochenta": [
        -66.31795,
        17.98469
    ],
    "Las Ollas": [
        -66.42434,
        18.03302
    ],
    "Las Piedras": [
        -65.86627,
        18.18301
    ],
    "Levittown": [
        -66.18156,
        18.44995
    ],
    "Liborio Negron Torres": [
        -66.9424,
        18.04302
    ],
    "Lluveras": [
        -66.90462,
        18.0383
    ],
    "Loíza": [
        -65.88016,
        18.43134
    ],
    "Los Llanos": [
        -66.40573,
        18.05524
    ],
    "Luis Llorens Torres": [
        -66.52684,
        18.05691
    ],
    "Luis M. Cintron": [
        -65.63849,
        18.29968
    ],
    "Luquillo": [
        -65.71655,
        18.37245
    ],
    "Luyando": [
        -67.1574,
        18.36439
    ],
    "Magas Arriba": [
        -66.76906,
        18.01746
    ],
    "Manatí": [
        -66.49212,
        18.42745
    ],
    "Maria Antonia": [
        -66.88934,
        17.9783
    ],
    "Mariano Colón": [
        -66.33239,
        18.0233
    ],
    "Maricao": [
        -66.9799,
        18.18079
    ],
    "Martorell": [
        -65.89822,
        18.07607
    ],
    "Maunabo": [
        -65.89933,
        18.00719
    ],
    "Miranda": [
        -66.38378,
        18.38662
    ],
    "Moca": [
        -67.11324,
        18.39467
    ],
    "Monserrate": [
        -66.35961,
        18.43661
    ],
    "Monte Grande": [
        -67.1074,
        18.08746
    ],
    "Mora": [
        -67.03268,
        18.463
    ],
    "Morovis": [
        -66.40656,
        18.32578
    ],
    "Mucarabones": [
        -66.216,
        18.39078
    ],
    "Mayagüez": [
        -67.13962,
        18.20107
    ],
    "Naguabo": [
        -65.73488,
        18.21162
    ],
    "Naranjito": [
        -66.24489,
        18.30079
    ],
    "Olimpo": [
        -66.10822,
        18.00191
    ],
    "Orocovis": [
        -66.391,
        18.2269
    ],
    "Pájaros": [
        -66.21683,
        18.36856
    ],
    "Palmarejo": [
        -67.07684,
        18.04024
    ],
    "Palmas": [
        -66.02544,
        17.98719
    ],
    "Palmer": [
        -65.77405,
        18.37051
    ],
    "Palo Seco": [
        -65.93683,
        18.00747
    ],
    "Palomas": [
        -66.87323,
        18.01358
    ],
    "Parcelas La Milagrosa": [
        -66.18822,
        18.17079
    ],
    "Parcelas Nuevas": [
        -66.17239,
        18.14024
    ],
    "Parcelas Peñuelas": [
        -66.34128,
        17.99885
    ],
    "Pastos": [
        -66.25878,
        18.11774
    ],
    "Patillas": [
        -66.01572,
        18.00635
    ],
    "Peña Pobre": [
        -65.82211,
        18.21551
    ],
    "Peñuelas": [
        -66.72156,
        18.05635
    ],
    "Piedra Gorda": [
        -66.88768,
        18.43411
    ],
    "Playa Fortuna": [
        -65.74516,
        18.37967
    ],
    "Playita": [
        -65.90738,
        18.04469
    ],
    "Playita Cortada": [
        -66.43906,
        17.98497
    ],
    "Pole Ojea": [
        -67.18518,
        17.97496
    ],
    "Ponce": [
        -66.61406,
        18.01108
    ],
    "Potala Pastillo": [
        -66.49656,
        17.99135
    ],
    "Pueblito del Rio": [
        -65.86294,
        18.22801
    ],
    "Puerto Real": [
        -67.18712,
        18.07496
    ],
    "Punta Santiago": [
        -65.74822,
        18.16635
    ],
    "Quebrada": [
        -66.83212,
        18.35662
    ],
    "Quebradillas": [
        -66.93851,
        18.47383
    ],
    "Rafael Capo": [
        -66.78212,
        18.40717
    ],
    "Rafael Gonzalez": [
        -66.78684,
        18.42745
    ],
    "Rafael Hernandez": [
        -67.07907,
        18.47133
    ],
    "Ramos": [
        -65.71266,
        18.33967
    ],
    "Rincón": [
        -67.2499,
        18.34023
    ],
    "Río Blanco": [
        -65.7885,
        18.21829
    ],
    "Río Cañas Abajo": [
        -66.46767,
        18.0383
    ],
    "Río Grande": [
        -65.83127,
        18.38023
    ],
    "Río Lajas": [
        -66.26767,
        18.39467
    ],
    "Rosa Sanchez": [
        -65.9135,
        18.06163
    ],
    "Sabana": [
        -66.3585,
        18.46078
    ],
    "Sabana Eneas": [
        -67.08101,
        18.08607
    ],
    "Sabana Grande": [
        -66.96045,
        18.07774
    ],
    "Sabana Hoyos": [
        -66.61378,
        18.43384
    ],
    "Sabana Seca": [
        -66.18461,
        18.42689
    ],
    "Salinas": [
        -66.29795,
        17.97747
    ],
    "San Antonio": [
        -66.94962,
        18.45161
    ],
    "San Germán": [
        -67.0449,
        18.08163
    ],
    "San Isidro": [
        -65.88544,
        18.39217
    ],
    "San José": [
        -66.25572,
        18.39828
    ],
    "San Juan": [
        -66.10572,
        18.46633
    ],
    "San Lorenzo": [
        -65.961,
        18.1894
    ],
    "San Sebastián": [
        -66.99018,
        18.33662
    ],
    "Santa Barbara": [
        -65.91878,
        18.39356
    ],
    "Santa Clara": [
        -66.12878,
        18.21857
    ],
    "Santa Isabel": [
        -66.40489,
        17.96608
    ],
    "Santo Domingo": [
        -66.7524,
        18.0633
    ],
    "Stella": [
        -67.24685,
        18.32189
    ],
    "Suárez": [
        -65.8535,
        18.43022
    ],
    "Sumidero": [
        -66.12878,
        18.21857
    ],
    "Tallaboa": [
        -66.71629,
        17.99497
    ],
    "Tallaboa Alta": [
        -66.70017,
        18.05107
    ],
    "Tierras Nuevas Poniente": [
        -66.4885,
        18.46189
    ],
    "Toa Alta": [
        -66.24822,
        18.38828
    ],
    "Toa Baja": [
        -66.25961,
        18.44384
    ],
    "Trujillo Alto": [
        -66.00739,
        18.35467
    ],
    "Utuado": [
        -66.70045,
        18.26551
    ],
    "Vázquez": [
        -66.2385,
        18.0658
    ],
    "Vega Alta": [
        -66.33128,
        18.41217
    ],
    "Vega Baja": [
        -66.38767,
        18.44439
    ],
    "Vieques": [
        -65.44488,
        18.14746
    ],
    "Villalba": [
        -66.49212,
        18.12718
    ],
    "Yabucoa": [
        -65.87933,
        18.05052
    ],
    "Yauco": [
        -66.8499,
        18.03496
    ],
    "Yaurel": [
        -66.05711,
        18.02691
    ]
}