{
    "Shūkat aş Şūfī": [
        34.2826,
        31.25997
    ],
    "Rafaḩ": [
        34.25952,
        31.287
    ],
    "An Nuşayrāt": [
        34.3925,
        31.44861
    ],
    "Khuzā‘ah": [
        34.3611,
        31.30675
    ],
    "Khān Yūnis": [
        34.30627,
        31.34018
    ],
    "Jabālyā": [
        34.48347,
        31.5272
    ],
    "Gaza": [
        34.46667,
        31.5
    ],
    "Dayr al Balaḩ": [
        34.35033,
        31.41783
    ],
    "Bayt Lāhyā": [
        34.49514,
        31.5464
    ],
    "Bayt Ḩānūn": [
        34.53579,
        31.5353
    ],
    "Banī Suhaylā": [
        34.32337,
        31.34337
    ],
    "Al Fukhkhārī": [
        34.33061,
        31.29278
    ],
    "Al Burayj": [
        34.40306,
        31.43944
    ],
    "‘Abasān al Kabīrah": [
        34.34005,
        31.31913
    ],
    "Zubūbah": [
        35.22274,
        32.54346
    ],
    "Zaytā": [
        35.05122,
        32.3856
    ],
    "Zaytā Jammā‘īn": [
        35.18595,
        32.13698
    ],
    "Zawātā": [
        35.2265,
        32.2461
    ],
    "Za‘tarah": [
        35.25662,
        31.67361
    ],
    "Yuta": [
        35.09443,
        31.4459
    ],
    "Yatmā": [
        35.26909,
        32.10889
    ],
    "Yāsūf": [
        35.23784,
        32.10841
    ],
    "Yāşīd": [
        35.27757,
        32.29688
    ],
    "Ya‘bad": [
        35.16822,
        32.44566
    ],
    "Wādī Fūkīn": [
        35.10366,
        31.70702
    ],
    "‘Ūrīf": [
        35.22228,
        32.15949
    ],
    "Ūdalah": [
        35.27646,
        32.15363
    ],
    "Turmus‘ayyā": [
        35.28564,
        32.03538
    ],
    "Ţūlkarm": [
        35.02863,
        32.31037
    ],
    "Ţūbās": [
        35.36989,
        32.32091
    ],
    "Tayāsīr": [
        35.39604,
        32.34042
    ],
    "Tarqūmyā": [
        35.01223,
        31.57551
    ],
    "Ţammūn": [
        35.38367,
        32.28347
    ],
    "Ţallūzah": [
        35.29496,
        32.27056
    ],
    "Till": [
        35.21293,
        32.20068
    ],
    "Talfīt": [
        35.29094,
        32.08664
    ],
    "Taffūḩ": [
        35.04966,
        31.53855
    ],
    "Şūrīf": [
        35.06439,
        31.65078
    ],
    "Surdā": [
        35.20321,
        31.93709
    ],
    "Sīrīs": [
        35.29134,
        32.32828
    ],
    "Sinjil": [
        35.26545,
        32.03334
    ],
    "Silwād": [
        35.2613,
        31.97625
    ],
    "Sīlat az̧ Z̧ahr": [
        35.18418,
        32.31934
    ],
    "Sīlat al Ḩārithīyah": [
        35.22752,
        32.50847
    ],
    "Sa‘īr": [
        35.14017,
        31.57855
    ],
    "Shuqbā": [
        35.04012,
        31.98696
    ],
    "Shūfah": [
        35.08135,
        32.27551
    ],
    "Şaydā": [
        35.11856,
        32.38489
    ],
    "Şarţah": [
        35.09198,
        32.10447
    ],
    "Şarrah": [
        35.19147,
        32.2097
    ],
    "Şānūr": [
        35.24537,
        32.35608
    ],
    "Sannīryā": [
        35.04652,
        32.12877
    ],
    "Sālim": [
        35.33034,
        32.20962
    ],
    "Salfīt": [
        35.18079,
        32.0837
    ],
    "Şaffā": [
        35.06094,
        31.90563
    ],
    "Sabasţīyah": [
        35.19873,
        32.27562
    ],
    "Rummanah": [
        35.2048,
        32.52451
    ],
    "Rūjayb": [
        35.29332,
        32.19061
    ],
    "Rās Karkar": [
        35.10773,
        31.9424
    ],
    "Rantīs": [
        35.01879,
        32.02797
    ],
    "Rammūn": [
        35.29822,
        31.93342
    ],
    "Rāmīn": [
        35.14951,
        32.2852
    ],
    "Ramallah": [
        35.19555,
        31.90256
    ],
    "Rāfāt": [
        35.19182,
        31.87096
    ],
    "Rābā": [
        35.38298,
        32.38678
    ],
    "Quşrah": [
        35.33005,
        32.08543
    ],
    "Qūşīn": [
        35.18297,
        32.23829
    ],
    "Qīrah": [
        35.17173,
        32.12214
    ],
    "Qibyah": [
        35.00984,
        31.97734
    ],
    "Qaţanah": [
        35.11894,
        31.83366
    ],
    "Qaryūt": [
        35.29432,
        32.07004
    ],
    "Qarāwat Banī Zayd": [
        35.12908,
        32.0547
    ],
    "Qarāwat Banī Ḩasan": [
        35.10061,
        32.12568
    ],
    "Qalqīlyah": [
        34.97063,
        32.18966
    ],
    "Qalandiyā": [
        35.20816,
        31.86289
    ],
    "Qaffīn": [
        35.08266,
        32.43274
    ],
    "Qabāţīyah": [
        35.28087,
        32.41035
    ],
    "Qabalān": [
        35.28938,
        32.10182
    ],
    "Nūbā": [
        35.03455,
        31.609
    ],
    "Ni‘līn": [
        35.02031,
        31.94746
    ],
    "Nazlat ‘Īsá": [
        35.05888,
        32.41562
    ],
    "Naḩḩālīn": [
        35.12081,
        31.68559
    ],
    "Nablus": [
        35.25444,
        32.22111
    ],
    "Mikhmās": [
        35.27596,
        31.8721
    ],
    "Mislīyah": [
        35.2878,
        32.38613
    ],
    "Mirkah": [
        35.23807,
        32.39583
    ],
    "Banī Zayd ash Shārqīyah": [
        35.16593,
        32.04935
    ],
    "Maythalūn": [
        35.27446,
        32.34798
    ],
    "Masḩah": [
        35.05096,
        32.10828
    ],
    "Mardā": [
        35.19536,
        32.11381
    ],
    "Majdal Banī Fāḑil": [
        35.36378,
        32.08357
    ],
    "Mādamā": [
        35.23114,
        32.18588
    ],
    "Al Lubban ash Sharqīyah": [
        35.2403,
        32.07011
    ],
    "Kufayrit": [
        35.20184,
        32.4438
    ],
    "Kifil Ḩāris": [
        35.15719,
        32.11827
    ],
    "Ar Ramāḑīn": [
        34.91246,
        31.37952
    ],
    "Qalqas": [
        35.09535,
        31.49212
    ],
    "Imrīsh": [
        35.00819,
        31.46895
    ],
    "Marāḩ Rabbāḩ": [
        35.18688,
        31.63406
    ],
    "Dayr al ‘Asal al Fawqā": [
        34.93832,
        31.46832
    ],
    "Bayt Ta‘mar": [
        35.23986,
        31.67927
    ],
    "Bayt Ḩasan": [
        35.40407,
        32.2376
    ],
    "Bayt ‘Awwā": [
        34.94938,
        31.50911
    ],
    "Jannātah": [
        35.21961,
        31.66958
    ],
    "Ash Shaykh Sa‘d": [
        35.25742,
        31.73721
    ],
    "An Naşşārīyah": [
        35.38711,
        32.23647
    ],
    "Kharbathā al Mişbāḩ": [
        35.07185,
        31.88546
    ],
    "Al Majd": [
        34.95108,
        31.48056
    ],
    "Karmah": [
        35.02689,
        31.45182
    ],
    "Al Burj": [
        34.91697,
        31.43609
    ],
    "Shuyūkh al ‘Arrūb": [
        35.14366,
        31.61735
    ],
    "Khirbat Abū Falāḩ": [
        35.30135,
        32.01678
    ],
    "Kharbathā Banī Ḩārith": [
        35.07194,
        31.94508
    ],
    "Khārās": [
        35.04174,
        31.6148
    ],
    "Khallat al Mayyah": [
        35.14286,
        31.44222
    ],
    "Kūbar": [
        35.15788,
        31.98722
    ],
    "Kafr Zībād": [
        35.07179,
        32.22584
    ],
    "Kafr Thulth": [
        35.04698,
        32.1533
    ],
    "Kafr Şūr": [
        35.06394,
        32.24366
    ],
    "Kafr Rā‘ī": [
        35.15451,
        32.37398
    ],
    "Kafr Qūd": [
        35.22649,
        32.45661
    ],
    "Kafr Qallīl": [
        35.28284,
        32.19351
    ],
    "Kafr Qaddūm": [
        35.14471,
        32.22162
    ],
    "Kafr Mālik": [
        35.30932,
        31.9884
    ],
    "Kafr Jammāl": [
        35.04337,
        32.22551
    ],
    "Kafr Dān": [
        35.25425,
        32.47852
    ],
    "Kafr ‘Ayn": [
        35.12038,
        32.04758
    ],
    "Kafr al Labad": [
        35.10955,
        32.29967
    ],
    "Kafr ad Dīk": [
        35.08287,
        32.0671
    ],
    "Kafr ‘Abbūsh": [
        35.08504,
        32.22353
    ],
    "Jūrīsh": [
        35.32188,
        32.10188
    ],
    "Jūrat ash Sham‘ah": [
        35.17001,
        31.65051
    ],
    "Al Judayyidah": [
        35.30108,
        32.33541
    ],
    "Jīt": [
        35.17081,
        32.21431
    ],
    "Jifnā": [
        35.21338,
        31.96192
    ],
    "Jayyūs": [
        35.03416,
        32.20125
    ],
    "Janīn": [
        35.30086,
        32.45943
    ],
    "Jammā‘īn": [
        35.20404,
        32.13164
    ],
    "Jalqamūs": [
        35.36421,
        32.42464
    ],
    "Jalbūn": [
        35.41516,
        32.45957
    ],
    "Al Jalamah": [
        35.31317,
        32.50821
    ],
    "Jaba‘": [
        35.25868,
        31.85727
    ],
    "Immātīn": [
        35.15836,
        32.19164
    ],
    "‘Illār": [
        35.10708,
        32.37024
    ],
    "Iktābah": [
        35.05262,
        32.3266
    ],
    "Idhnā": [
        34.97436,
        31.55874
    ],
    "Ḩuwwārah": [
        35.25673,
        32.15224
    ],
    "Ḩūsān": [
        35.13475,
        31.70931
    ],
    "Ḩizmā": [
        35.26315,
        31.83337
    ],
    "Ḩāris": [
        35.14192,
        32.11424
    ],
    "Ḩalḩūl": [
        35.10178,
        31.58029
    ],
    "Ḩajjah": [
        35.13077,
        32.20427
    ],
    "Ḩablah": [
        34.97748,
        32.16523
    ],
    "Far‘ūn": [
        35.02326,
        32.28613
    ],
    "Farkhah": [
        35.15286,
        32.06878
    ],
    "Faqqū‘ah": [
        35.40163,
        32.48998
    ],
    "Faḩmah": [
        35.17912,
        32.38291
    ],
    "Dūrā al Qar‘": [
        35.22714,
        31.95862
    ],
    "Dūrā": [
        35.02929,
        31.50777
    ],
    "Domea": [
        35.36705,
        32.05632
    ],
    "Dhannābah": [
        35.04144,
        32.31341
    ],
    "Dayr Sharaf": [
        35.18893,
        32.25326
    ],
    "Dayr Qiddīs": [
        35.04437,
        31.94862
    ],
    "Dayr Jarīr": [
        35.29261,
        31.96636
    ],
    "Dayr Istiyā": [
        35.13963,
        32.13096
    ],
    "Dayr Ibzī‘": [
        35.12105,
        31.91727
    ],
    "Dayr Dibwān": [
        35.26661,
        31.91112
    ],
    "Dayr Ballūţ": [
        35.02451,
        32.06551
    ],
    "Dayr as Sūdān": [
        35.14844,
        32.03213
    ],
    "Dayr al Ḩaţab": [
        35.32127,
        32.21734
    ],
    "Dayr al Ghuşūn": [
        35.07689,
        32.35244
    ],
    "Dayr Abū Mash‘al": [
        35.06844,
        31.99881
    ],
    "Dayr Abū Ḑa‘īf": [
        35.36164,
        32.45601
    ],
    "Brūqīn": [
        35.09943,
        32.07216
    ],
    "Birqīn": [
        35.26076,
        32.45461
    ],
    "Burqah": [
        35.2543,
        31.89682
    ],
    "Būrīn": [
        35.25015,
        32.18452
    ],
    "Budrus": [
        34.99425,
        31.96687
    ],
    "Bīr Zayt": [
        35.19408,
        31.96959
    ],
    "Bīr Nabālā": [
        35.2036,
        31.8508
    ],
    "Bil‘īn": [
        35.07204,
        31.92835
    ],
    "Biddū": [
        35.14947,
        31.83478
    ],
    "Bidyā": [
        35.08028,
        32.1146
    ],
    "Bazzāryah": [
        35.16593,
        32.30798
    ],
    "Bayt Wazan": [
        35.21576,
        32.23105
    ],
    "Bayt ‘Ūr at Taḩtā": [
        35.08178,
        31.89609
    ],
    "Baytūnyā": [
        35.17048,
        31.8966
    ],
    "Bayt Imrīn": [
        35.2161,
        32.29301
    ],
    "Bayt Sūrīk": [
        35.14936,
        31.82424
    ],
    "Bayt Sīrā": [
        35.04623,
        31.8878
    ],
    "Bayt Sāḩūr": [
        35.22631,
        31.70095
    ],
    "Bayt Qād": [
        35.35626,
        32.46968
    ],
    "Bayt Liqyā": [
        35.0654,
        31.86958
    ],
    "Bayt Līd": [
        35.13169,
        32.26089
    ],
    "Bethlehem": [
        35.20376,
        31.70487
    ],
    "Bayt Kāḩil": [
        35.06502,
        31.57011
    ],
    "Bayt Jālā": [
        35.18788,
        31.71545
    ],
    "Bayt ‘Anān": [
        35.11248,
        31.85069
    ],
    "Baytīn": [
        35.24098,
        31.92674
    ],
    "Bayt Ūmmar": [
        35.10446,
        31.62329
    ],
    "Al Ittiḩād": [
        35.11595,
        31.97552
    ],
    "Bayt Iksā": [
        35.17934,
        31.81732
    ],
    "Bayt Ībā": [
        35.20977,
        32.23719
    ],
    "Bayt Fūrīk": [
        35.33541,
        32.17689
    ],
    "Bayt Fajjār": [
        35.15457,
        31.62443
    ],
    "Bayt Duqqū": [
        35.13124,
        31.85911
    ],
    "Bayt Dajan": [
        35.37127,
        32.19303
    ],
    "Bayt Ūlā": [
        35.0296,
        31.59618
    ],
    "Baytā al Fawqā": [
        35.28774,
        32.1426
    ],
    "Battīr": [
        35.14103,
        31.71945
    ],
    "Barţa‘ah ash Sharqīyah": [
        35.0936,
        32.47304
    ],
    "Bardalah": [
        35.48084,
        32.38632
    ],
    "Bāqah ash Sharqīyah": [
        35.07054,
        32.41032
    ],
    "Bāqat al Ḩaţab": [
        35.11433,
        32.20434
    ],
    "Banī Na‘īm": [
        35.16416,
        31.51591
    ],
    "Balāţah": [
        35.28561,
        32.21207
    ],
    "Bal‘ā": [
        35.1116,
        32.33392
    ],
    "‘Azzūn": [
        35.05752,
        32.17496
    ],
    "Az Zāwiyah": [
        35.03982,
        32.09627
    ],
    "Az̧ Z̧āhirīyah": [
        34.97329,
        31.40967
    ],
    "Az Zabābidah": [
        35.32411,
        32.38665
    ],
    "‘Azmūţ": [
        35.30989,
        32.22297
    ],
    "‘Ayn Yabrūd": [
        35.25122,
        31.94918
    ],
    "‘Ayn ‘Arīk": [
        35.14254,
        31.90613
    ],
    "‘Aynabūs": [
        35.24513,
        32.14706
    ],
    "Usarin": [
        35.30999,
        32.12499
    ],
    "‘Awartā": [
        35.28388,
        32.16108
    ],
    "Aţ Ţīrah": [
        35.12682,
        31.87022
    ],
    "‘Attīl": [
        35.07189,
        32.36935
    ],
    "Aţ Ţaybah": [
        35.2998,
        31.95388
    ],
    "‘Aţārah": [
        35.20466,
        32.00058
    ],
    "As Sāwiyah": [
        35.25782,
        32.08537
    ],
    "As Samū‘": [
        35.06611,
        31.39671
    ],
    "‘Aşīrah ash Shamālīyah": [
        35.26716,
        32.25124
    ],
    "‘Aşīrah al Qiblīyah": [
        35.21569,
        32.17842
    ],
    "Ash Shuyūkh": [
        35.15606,
        31.57004
    ],
    "Ash Shuhadā’": [
        35.27112,
        32.42949
    ],
    "Arţās": [
        35.18681,
        31.68939
    ],
    "Ar Rīḩīyah": [
        35.07781,
        31.4695
    ],
    "‘Arrānah": [
        35.32271,
        32.4972
    ],
    "Ar Rām wa Ḑāḩiyat al Barīd": [
        35.2342,
        31.84945
    ],
    "‘Arrābah": [
        35.20189,
        32.40517
    ],
    "Jericho": [
        35.45,
        31.86667
    ],
    "Al ‘Araqa": [
        35.20027,
        32.47057
    ],
    "‘Aqrabā": [
        35.34547,
        32.12495
    ],
    "‘Anzah": [
        35.22011,
        32.35916
    ],
    "An Nuway‘imah": [
        35.43549,
        31.89212
    ],
    "An Nazlah ash Sharqīyah": [
        35.10916,
        32.41072
    ],
    "An Nāqūrah": [
        35.20135,
        32.26506
    ],
    "An Nabī Ilyās": [
        35.0176,
        32.18482
    ],
    "‘Anīn": [
        35.16668,
        32.50259
    ],
    "‘Anātā": [
        35.25902,
        31.80924
    ],
    "‘Anabtā": [
        35.11693,
        32.30792
    ],
    "Al Yāmūn": [
        35.23011,
        32.48563
    ],
    "Al Qubaybah": [
        35.13678,
        31.83886
    ],
    "Al Mughayyir": [
        35.34783,
        32.0192
    ],
    "Al Midyah": [
        35.005,
        31.93592
    ],
    "Al Mazra‘ah ash Sharqīyah": [
        35.28152,
        32.00018
    ],
    "Az Zaytūnīyah": [
        35.1624,
        31.95402
    ],
    "Al Lubban al Gharbī": [
        35.03928,
        32.03504
    ],
    "Al Khaḑir": [
        35.16685,
        31.69405
    ],
    "Hebron": [
        35.0938,
        31.52935
    ],
    "Al Judayrah": [
        35.19706,
        31.85587
    ],
    "Al Jīb": [
        35.18451,
        31.85203
    ],
    "Al Jāniyah": [
        35.12142,
        31.93848
    ],
    "Al Hāshimīyah": [
        35.21938,
        32.46392
    ],
    "Al Faşāyil": [
        35.44351,
        32.02509
    ],
    "Al Fandaqūmīyah": [
        35.20329,
        32.3206
    ],
    "Al Bīrah": [
        35.21645,
        31.91001
    ],
    "Al ‘Ayzarīyah": [
        35.26916,
        31.77078
    ],
    "Al ‘Awjā": [
        35.46756,
        31.95069
    ],
    "Al ‘Aţţārah": [
        35.16373,
        32.32571
    ],
    "‘Ajjūl": [
        35.17969,
        32.02232
    ],
    "‘Ajjah": [
        35.1959,
        32.36074
    ],
    "‘Ibwayn": [
        35.19992,
        32.03144
    ],
    "Abū Qashsh": [
        35.18426,
        31.94883
    ],
    "Abū Dīs": [
        35.26166,
        31.76215
    ],
    "‘Ābūd": [
        35.06833,
        32.01637
    ],
    "An Naşr": [
        34.30253,
        31.28137
    ],
    "‘Abasān al Jadīdah": [
        34.34592,
        31.34158
    ],
    "Al Qarārah": [
        34.34085,
        31.37389
    ],
    "Umm an Naşr": [
        34.51863,
        31.56084
    ],
    "Juḩr ad Dīk": [
        34.43719,
        31.45571
    ],
    "Az Zuwāydah": [
        34.38053,
        31.43954
    ],
    "Al Muşaddar": [
        34.37802,
        31.41052
    ],
    "Wādī as Salqā": [
        34.33754,
        31.40048
    ],
    "Al Mughrāqah": [
        34.41208,
        31.46587
    ],
    "East Jerusalem": [
        35.23388,
        31.78336
    ],
    "Karney Shomron": [
        35.09767,
        32.1714
    ],
    "Azun Atme": [
        35.02036,
        32.12167
    ],
    "Jinşāfūţ": [
        35.13038,
        32.17916
    ],
    "Banī Zayd": [
        35.10316,
        32.03924
    ],
    "Az Za‘ayyim": [
        35.26511,
        31.78852
    ],
    "Al ‘Ubaydīyah": [
        35.29007,
        31.71697
    ],
    "Khallat an Nu‘mān": [
        35.24226,
        31.71749
    ],
    "Khallat Ḩamāmah": [
        35.19243,
        31.7216
    ],
    "Ad Dawḩah": [
        35.18047,
        31.69948
    ],
    "Wādī Raḩḩāl": [
        35.16727,
        31.66516
    ],
    "‘Arab ar Rashāydah": [
        35.23227,
        31.57112
    ],
    "Bayt ‘Īnūn": [
        35.1244,
        31.5587
    ],
    "Bayt Maqdūm": [
        34.97192,
        31.53537
    ],
    "Al Buq‘ah": [
        35.14279,
        31.54199
    ],
    "Khallat ad Dār": [
        35.11362,
        31.49737
    ],
    "Dayr Sāmit": [
        34.97442,
        31.52057
    ],
    "Al Ḩīlah": [
        35.10742,
        31.47454
    ],
    "Aş Şūrrah": [
        34.99897,
        31.47098
    ],
    "Bayt ‘Amrah": [
        35.04952,
        31.4502
    ],
    "Rābūd": [
        35.0162,
        31.43909
    ],
    "Al Karmil": [
        35.13278,
        31.42301
    ],
    "Khallat Şāliḩ": [
        35.11516,
        31.42013
    ],
    "Bīr al Bāshā": [
        35.23013,
        32.42022
    ],
    "Al Bādhān": [
        35.33247,
        32.25857
    ],
    "‘Ayn al Bayḑā": [
        35.50838,
        32.38051
    ],
    "Az Zubaydāt": [
        35.53005,
        32.1733
    ],
    "Al Jiftlik": [
        35.48738,
        32.1407
    ],
    "Khursā": [
        35.01742,
        31.48232
    ]
}