{
    "Viken": [
        20.91548,
        64.72587
    ],
    "Ursviken": [
        21.1658,
        64.71261
    ],
    "Umeå": [
        20.25972,
        63.82842
    ],
    "Töre": [
        22.65128,
        65.91243
    ],
    "Täfteå": [
        20.48333,
        63.83333
    ],
    "Storvik": [
        20.73333,
        65.15
    ],
    "Södra Sunderbyn": [
        21.94004,
        65.65983
    ],
    "Skelleftehamn": [
        21.23333,
        64.68333
    ],
    "Skellefteå": [
        20.95279,
        64.75067
    ],
    "Råneå": [
        22.29126,
        65.85482
    ],
    "Sävar": [
        20.55014,
        63.90383
    ],
    "Rosvik": [
        21.7,
        65.43333
    ],
    "Rolfs": [
        23.11667,
        65.85
    ],
    "Roknäs": [
        21.2,
        65.35
    ],
    "Robertsfors": [
        20.84806,
        64.19324
    ],
    "Röbäck": [
        20.18326,
        63.81159
    ],
    "Sävast": [
        21.73113,
        65.77002
    ],
    "Piteå": [
        21.47944,
        65.31717
    ],
    "Pajala": [
        23.36607,
        67.21284
    ],
    "Övertorneå": [
        23.65425,
        66.38778
    ],
    "Överkalix": [
        22.84414,
        66.32754
    ],
    "Obbola": [
        20.31667,
        63.7
    ],
    "Norrfjärden": [
        21.45,
        65.41667
    ],
    "Malmberget": [
        20.65495,
        67.17529
    ],
    "Luleå": [
        22.15465,
        65.58415
    ],
    "Långsele": [
        20.25,
        64.81667
    ],
    "Kiruna": [
        20.22513,
        67.85572
    ],
    "Kalix": [
        23.15645,
        65.85298
    ],
    "Kåge": [
        20.98453,
        64.83571
    ],
    "Hortlax": [
        21.38333,
        65.28333
    ],
    "Holmsund": [
        20.36409,
        63.70602
    ],
    "Haparanda": [
        24.13676,
        65.83549
    ],
    "Gammelstad": [
        22.01145,
        65.63931
    ],
    "Gällivare": [
        20.65278,
        67.13387
    ],
    "Forsbacka": [
        20.5,
        64.76667
    ],
    "Ersmark": [
        20.31667,
        63.88333
    ],
    "Byske": [
        21.2058,
        64.95258
    ],
    "Burträsk": [
        20.65,
        64.51667
    ],
    "Bureå": [
        21.2,
        64.61667
    ],
    "Boliden": [
        20.38333,
        64.86667
    ],
    "Boden": [
        21.68864,
        65.82518
    ],
    "Bergsviken": [
        21.38333,
        65.3
    ],
    "Södra Bergsbyn": [
        21.08929,
        64.71421
    ],
    "Bergnäset": [
        22.10844,
        65.57791
    ],
    "Backa": [
        21.06667,
        64.98333
    ],
    "Älvsbyn": [
        21.00162,
        65.67624
    ],
    "Alunda": [
        18.4,
        60.26667
    ],
    "Anneberg": [
        18.41667,
        60.24167
    ],
    "Björklinge": [
        17.55203,
        60.03004
    ],
    "Marieberg": [
        18.5,
        60.23333
    ],
    "Marielund": [
        17.15,
        61.33333
    ],
    "Ystad": [
        13.82041,
        55.42966
    ],
    "Vrigstad": [
        14.46667,
        57.35
    ],
    "Vittsjö": [
        16.1,
        61.11667
    ],
    "Vislanda": [
        14.45,
        56.78333
    ],
    "Viskafors": [
        12.83333,
        57.63333
    ],
    "Visby": [
        18.29602,
        57.64089
    ],
    "Virserum": [
        15.58333,
        57.31667
    ],
    "Vintrosa": [
        14.95,
        59.25
    ],
    "Vinslöv": [
        13.91667,
        56.1
    ],
    "Vinninga": [
        13.26667,
        58.45
    ],
    "Vingåker": [
        15.87374,
        59.0433
    ],
    "Vindeln": [
        19.71945,
        64.20175
    ],
    "Vimmerby": [
        15.85515,
        57.66588
    ],
    "Vilhelmina": [
        16.65628,
        64.62684
    ],
    "Vikingstad": [
        15.43201,
        58.38304
    ],
    "Vikarbyn": [
        15.01667,
        60.91667
    ],
    "Vi": [
        17.16667,
        62.3
    ],
    "Vibble": [
        18.25,
        57.6
    ],
    "Vetlanda": [
        15.07762,
        57.42887
    ],
    "Vellinge": [
        13.01971,
        55.47124
    ],
    "Vejbystrand": [
        12.76722,
        56.31778
    ],
    "Veinge": [
        13.06667,
        56.55
    ],
    "Veddige": [
        12.31667,
        57.26667
    ],
    "Veberöd": [
        13.48333,
        55.63333
    ],
    "Växjö": [
        14.80906,
        56.87767
    ],
    "Vaxholm": [
        18.35317,
        59.40225
    ],
    "Vattholma": [
        17.73333,
        60.01667
    ],
    "Västervik": [
        16.63733,
        57.7584
    ],
    "Västerhaninge": [
        18.1,
        59.11667
    ],
    "Västerås": [
        16.55276,
        59.61617
    ],
    "Vårsta": [
        17.79722,
        59.16528
    ],
    "Värnamo": [
        14.04001,
        57.18604
    ],
    "Vargön": [
        12.3906,
        58.35599
    ],
    "Vårgårda": [
        12.80907,
        58.03706
    ],
    "Varberg": [
        12.25078,
        57.10557
    ],
    "Vara": [
        12.95413,
        58.26234
    ],
    "Vansbro": [
        14.22458,
        60.50893
    ],
    "Vännäsby": [
        19.83333,
        63.93333
    ],
    "Vännäs": [
        19.75712,
        63.90676
    ],
    "Vänersborg": [
        12.3234,
        58.38075
    ],
    "Vallentuna": [
        18.07758,
        59.53436
    ],
    "Vallda": [
        12.00139,
        57.4775
    ],
    "Valla": [
        13.8,
        63.55
    ],
    "Valdemarsvik": [
        16.60225,
        58.2031
    ],
    "Valbo": [
        17.03333,
        60.65
    ],
    "Vålberg": [
        13.16667,
        59.4
    ],
    "Vagnhärad": [
        17.51667,
        58.95
    ],
    "Vaggeryd": [
        14.14842,
        57.49807
    ],
    "Vadstena": [
        14.88969,
        58.44863
    ],
    "Uppsala": [
        17.63889,
        59.85882
    ],
    "Upplands Väsby": [
        17.91128,
        59.51839
    ],
    "Hjärup": [
        13.13931,
        55.6688
    ],
    "Ulricehamn": [
        13.41422,
        57.79159
    ],
    "Uddevalla": [
        11.9424,
        58.34784
    ],
    "Tyringe": [
        15.91667,
        59.33333
    ],
    "Tygelsjö": [
        13,
        55.51667
    ],
    "Tvååker": [
        12.4,
        57.05
    ],
    "Tumba": [
        17.83317,
        59.19858
    ],
    "Tullinge": [
        17.9,
        59.2
    ],
    "Trosa": [
        17.54812,
        58.89621
    ],
    "Trönninge": [
        12.93333,
        56.61667
    ],
    "Trollhättan": [
        12.28864,
        58.28365
    ],
    "Gimo": [
        18.18507,
        60.17304
    ],
    "Trelleborg": [
        13.15691,
        55.37514
    ],
    "Trekanten": [
        16.11667,
        56.7
    ],
    "Träslövsläge": [
        12.28278,
        57.06583
    ],
    "Tranemo": [
        13.35,
        57.48333
    ],
    "Tranås": [
        14.9782,
        58.03717
    ],
    "Torup": [
        13.08333,
        56.96667
    ],
    "Torslanda": [
        11.77013,
        57.72432
    ],
    "Torshälla": [
        16.46667,
        59.41667
    ],
    "Torsby": [
        13.0082,
        60.13527
    ],
    "Torsås": [
        15.99844,
        56.41251
    ],
    "Tormestorp": [
        13.73333,
        56.11667
    ],
    "Töreboda": [
        14.12597,
        58.70739
    ],
    "Tomelilla": [
        13.9546,
        55.54293
    ],
    "Tollarp": [
        14.28333,
        56.16667
    ],
    "Töcksfors": [
        11.84431,
        59.50816
    ],
    "Tingsryd": [
        14.97902,
        56.5247
    ],
    "Timrå": [
        17.3257,
        62.48703
    ],
    "Timmernabben": [
        16.43333,
        56.96667
    ],
    "Tillberga": [
        16.61667,
        59.68333
    ],
    "Tierp": [
        17.51812,
        60.34269
    ],
    "Tidaholm": [
        13.95824,
        58.18035
    ],
    "Tibro": [
        14.16162,
        58.42453
    ],
    "Tenhult": [
        14.31667,
        57.71667
    ],
    "Teckomatorp": [
        13.08333,
        55.86667
    ],
    "Tärnsjö": [
        16.93333,
        60.15
    ],
    "Tanumshede": [
        11.32587,
        58.72385
    ],
    "Täby": [
        18.06872,
        59.4439
    ],
    "Taberg": [
        14.08333,
        57.68333
    ],
    "Svenljunga": [
        13.11078,
        57.49551
    ],
    "Sveg": [
        14.36577,
        62.03407
    ],
    "Svedala": [
        13.23515,
        55.50788
    ],
    "Svärtinge": [
        16,
        58.65
    ],
    "Svärdsjö": [
        15.91667,
        60.75
    ],
    "Svängsta": [
        14.76667,
        56.26667
    ],
    "Svanesund": [
        11.83333,
        58.13333
    ],
    "Svalsta": [
        16.86667,
        58.73333
    ],
    "Svalöv": [
        13.10762,
        55.9134
    ],
    "Surte": [
        12.01604,
        57.82533
    ],
    "Surahammar": [
        16.22188,
        59.70725
    ],
    "Sunne": [
        13.14302,
        59.83764
    ],
    "Sundsvall": [
        17.3063,
        62.39129
    ],
    "Sundsbruk": [
        17.34889,
        62.45806
    ],
    "Sundbyberg": [
        17.97114,
        59.36128
    ],
    "Styrsö": [
        11.78556,
        57.61639
    ],
    "Sturkö": [
        15.7,
        56.08333
    ],
    "Sturefors": [
        15.73333,
        58.33333
    ],
    "Strövelstorp": [
        12.81667,
        56.15
    ],
    "Strömsund": [
        15.55583,
        63.85206
    ],
    "Strömstad": [
        11.1712,
        58.93945
    ],
    "Strömsnäsbruk": [
        13.71667,
        56.55
    ],
    "Strängnäs": [
        17.03119,
        59.37741
    ],
    "Storvreta": [
        17.7,
        59.96667
    ],
    "Storuman": [
        17.11731,
        65.0959
    ],
    "Storfors": [
        14.27201,
        59.53183
    ],
    "Stora Höga": [
        11.83333,
        58.01667
    ],
    "Storå": [
        15.13333,
        59.71667
    ],
    "Stöpen": [
        13.86667,
        58.46667
    ],
    "Stockvik": [
        17.36583,
        62.33667
    ],
    "Stockholm": [
        18.0649,
        59.33258
    ],
    "Stockaryd": [
        14.58333,
        57.31667
    ],
    "Stigtomta": [
        16.78333,
        58.8
    ],
    "Stenungsund": [
        11.8181,
        58.07046
    ],
    "Stenstorp": [
        15.06667,
        58.48333
    ],
    "Stenkullen": [
        12.31667,
        57.8
    ],
    "Stenhamra": [
        17.66667,
        59.33333
    ],
    "Stehag": [
        13.38333,
        55.9
    ],
    "Stallarholmen": [
        17.2,
        59.36667
    ],
    "Staffanstorp": [
        13.20638,
        55.64277
    ],
    "Sösdala": [
        13.66667,
        56.03333
    ],
    "Sorsele": [
        17.53702,
        65.53484
    ],
    "Sörforsa": [
        16.98333,
        61.73333
    ],
    "Söråker": [
        17.51333,
        62.505
    ],
    "Sölvesborg": [
        14.57525,
        56.05205
    ],
    "Solna": [
        18.00086,
        59.36004
    ],
    "Sollentuna": [
        17.95093,
        59.42804
    ],
    "Sollefteå": [
        17.26667,
        63.16667
    ],
    "Sollebrunn": [
        12.53333,
        58.11667
    ],
    "Södra Vi": [
        15.8,
        57.75
    ],
    "Södra Sandby": [
        16.61667,
        56.56667
    ],
    "Södertälje": [
        17.62525,
        59.19554
    ],
    "Söderköping": [
        16.32221,
        58.48057
    ],
    "Söderhamn": [
        17.05921,
        61.30373
    ],
    "Söderfors": [
        18.05,
        64.81667
    ],
    "Smygehamn": [
        13.38333,
        55.33333
    ],
    "Smögen": [
        11.22411,
        58.35593
    ],
    "Smedjebacken": [
        15.41416,
        60.14181
    ],
    "Smedby": [
        15.05,
        60.7
    ],
    "Smålandsstenar": [
        13.4,
        57.16667
    ],
    "Slottsbron": [
        13.1,
        59.33333
    ],
    "Slite": [
        18.8031,
        57.70461
    ],
    "Skutskär": [
        17.40915,
        60.64104
    ],
    "Skurup": [
        13.50186,
        55.47839
    ],
    "Skultuna": [
        16.41667,
        59.71667
    ],
    "Skultorp": [
        13.83333,
        58.35
    ],
    "Skövde": [
        13.84506,
        58.39118
    ],
    "Skottsund": [
        17.38694,
        62.29056
    ],
    "Sköllersta": [
        15.3394,
        59.13738
    ],
    "Skogstorp": [
        16.46667,
        59.33333
    ],
    "Skoghall": [
        13.46552,
        59.32324
    ],
    "Skivarp": [
        13.56667,
        55.41667
    ],
    "Skinnskatteberg": [
        15.69337,
        59.83028
    ],
    "Skillingaryd": [
        14.08333,
        57.43333
    ],
    "Skepplanda": [
        12.2,
        57.98333
    ],
    "Skattkärr": [
        13.63333,
        59.41667
    ],
    "Skärhamn": [
        11.55742,
        57.98665
    ],
    "Skåre": [
        13.05,
        55.38333
    ],
    "Skärblacka": [
        15.9,
        58.56667
    ],
    "Skara": [
        13.43836,
        58.38659
    ],
    "Skänninge": [
        18.48333,
        59.93333
    ],
    "Sjuntorp": [
        12.21667,
        58.2
    ],
    "Sjömarken": [
        12.83495,
        57.71533
    ],
    "Sjöbo": [
        13.70622,
        55.63135
    ],
    "Sjöberg": [
        16.25,
        64.83333
    ],
    "Simrishamn": [
        14.35037,
        55.55653
    ],
    "Siljansnäs": [
        14.85,
        60.78333
    ],
    "Sigtuna": [
        17.72361,
        59.61731
    ],
    "Sibbhult": [
        14.2,
        56.26667
    ],
    "Segeltorp": [
        17.93072,
        59.27597
    ],
    "Sävsjö": [
        14.66244,
        57.40327
    ],
    "Sävja": [
        17.69899,
        59.82083
    ],
    "Sätofta": [
        13.55,
        55.91667
    ],
    "Säter": [
        15.75051,
        60.34778
    ],
    "Särö": [
        11.9321,
        57.50577
    ],
    "Sandviken": [
        16.76667,
        60.61667
    ],
    "Sandarne": [
        17.16667,
        61.26667
    ],
    "Sandared": [
        12.79238,
        57.70992
    ],
    "Saltsjöbaden": [
        18.3,
        59.28333
    ],
    "Sala": [
        16.60655,
        59.91993
    ],
    "Säffle": [
        12.92888,
        59.13229
    ],
    "Rydsgård": [
        13.58333,
        55.46667
    ],
    "Rydebäck": [
        12.76667,
        55.96667
    ],
    "Rydaholm": [
        14.3,
        56.98333
    ],
    "Ryd": [
        15.08333,
        58.66667
    ],
    "Rottne": [
        14.9,
        57.01667
    ],
    "Rosersberg": [
        17.88333,
        59.58333
    ],
    "Ronneby": [
        15.27602,
        56.20999
    ],
    "Rönnäng": [
        11.58333,
        57.93333
    ],
    "Rödeby": [
        15.6,
        56.25
    ],
    "Rinkabyholm": [
        16.26667,
        56.64972
    ],
    "Rimforsa": [
        15.6865,
        58.13624
    ],
    "Rimbo": [
        18.36667,
        59.75
    ],
    "Resarö": [
        18.33386,
        59.4291
    ],
    "Reftele": [
        13.58333,
        57.18333
    ],
    "Rävlanda": [
        12.5,
        57.65
    ],
    "Rättvik": [
        15.11787,
        60.88632
    ],
    "Råsunda": [
        17.98333,
        59.36667
    ],
    "Ramnäs": [
        16.2,
        59.76667
    ],
    "Perstorp": [
        13.39476,
        56.13829
    ],
    "Pershagen": [
        17.65,
        59.16667
    ],
    "Påskallavik": [
        16.45,
        57.16667
    ],
    "Partille": [
        12.10642,
        57.7395
    ],
    "Pålsboda": [
        15.33747,
        59.06565
    ],
    "Påarp": [
        12.93333,
        56.6
    ],
    "Oxie": [
        13.1,
        55.53333
    ],
    "Oxelösund": [
        17.10152,
        58.67057
    ],
    "Överum": [
        16.31667,
        57.98333
    ],
    "Östhammar": [
        18.37408,
        60.25909
    ],
    "Östervåla": [
        17.18333,
        60.18333
    ],
    "Östersund": [
        14.63566,
        63.1792
    ],
    "Östermalm": [
        18.08487,
        59.33879
    ],
    "Österbymo": [
        15.27357,
        57.82465
    ],
    "Österbybruk": [
        17.9,
        60.2
    ],
    "Ösmo": [
        17.9,
        58.98333
    ],
    "Oskarström": [
        12.96667,
        56.8
    ],
    "Oskarshamn": [
        16.44837,
        57.26455
    ],
    "Osby": [
        13.99364,
        56.38165
    ],
    "Örsundsbro": [
        17.3,
        59.73333
    ],
    "Orsa": [
        14.6155,
        61.12034
    ],
    "Örnsköldsvik": [
        18.71525,
        63.29091
    ],
    "Ornäs": [
        15.54128,
        60.50944
    ],
    "Örkelljunga": [
        13.27773,
        56.28338
    ],
    "Öregrund": [
        18.43333,
        60.33333
    ],
    "Örebro": [
        15.2066,
        59.27412
    ],
    "Örbyhus": [
        17.7,
        60.23333
    ],
    "Önnestad": [
        14.01667,
        56.05
    ],
    "Olstorp": [
        12.27696,
        57.82277
    ],
    "Olofström": [
        14.53402,
        56.2773
    ],
    "Olofstorp": [
        14,
        58.25
    ],
    "Öjersjö": [
        12.11667,
        57.7
    ],
    "Ödeshög": [
        14.65294,
        58.22949
    ],
    "Odensjö": [
        14.16667,
        57.71667
    ],
    "Odensbacken": [
        15.53333,
        59.16667
    ],
    "Ödåkra": [
        12.73333,
        56.1
    ],
    "Öckerö": [
        11.65585,
        57.70814
    ],
    "Ockelbo": [
        16.71846,
        60.8912
    ],
    "Nynäshamn": [
        17.94793,
        58.90337
    ],
    "Nykvarn": [
        17.43333,
        59.18333
    ],
    "Nyköping": [
        17.00788,
        58.753
    ],
    "Nybro": [
        15.90714,
        56.74461
    ],
    "Nossebro": [
        12.71599,
        58.18808
    ],
    "Norsjö": [
        19.48153,
        64.91206
    ],
    "Norrtälje": [
        18.70496,
        59.75799
    ],
    "Norrsundet": [
        17.13333,
        60.95
    ],
    "Norrköping": [
        16.1826,
        58.59419
    ],
    "Norra Åsum": [
        14.15,
        55.98333
    ],
    "Ås": [
        16.58333,
        63.36667
    ],
    "Nordmaling": [
        19.50244,
        63.56852
    ],
    "Nordingrå": [
        18.31667,
        62.93333
    ],
    "Norberg": [
        15.92366,
        60.06505
    ],
    "Nora": [
        15.03979,
        59.51926
    ],
    "Nolby": [
        17.36917,
        62.2875
    ],
    "Njurundabommen": [
        17.38354,
        62.26339
    ],
    "Nättraby": [
        15.51667,
        56.2
    ],
    "Näsum": [
        14.48333,
        56.16667
    ],
    "Nässjö": [
        14.69676,
        57.65307
    ],
    "Nacka": [
        18.16372,
        59.31053
    ],
    "Myggenäs": [
        11.74936,
        58.06176
    ],
    "Munkfors": [
        13.54361,
        59.83856
    ],
    "Munkedal": [
        11.66859,
        58.47244
    ],
    "Munka-Ljungby": [
        12.96667,
        56.25
    ],
    "Mullsjö": [
        13.87831,
        57.9171
    ],
    "Motala": [
        15.03649,
        58.53706
    ],
    "Mörtnäs": [
        18.45,
        59.31667
    ],
    "Mörrum": [
        14.75,
        56.18333
    ],
    "Morgongåva": [
        16.95,
        59.93333
    ],
    "Mörbylånga": [
        16.37877,
        56.5248
    ],
    "Mörarp": [
        12.86667,
        56.06667
    ],
    "Mora": [
        14.54316,
        61.00704
    ],
    "Mönsterås": [
        16.44463,
        57.04134
    ],
    "Mölnlycke": [
        12.11792,
        57.65893
    ],
    "Mölndal": [
        12.01378,
        57.6554
    ],
    "Mölnbo": [
        17.41667,
        59.05
    ],
    "Mölltorp": [
        14.4,
        58.5
    ],
    "Molkom": [
        13.7,
        59.6
    ],
    "Moheda": [
        14.56667,
        57
    ],
    "Mockfjärd": [
        14.96667,
        60.5
    ],
    "Mjölby": [
        15.12365,
        58.32595
    ],
    "Mjällby": [
        12.76667,
        56.68333
    ],
    "Mellerud": [
        12.45312,
        58.69979
    ],
    "Mellbystrand": [
        12.93333,
        56.51667
    ],
    "Matfors": [
        17.03333,
        62.35
    ],
    "Marstrand": [
        11.58218,
        57.88699
    ],
    "Märsta": [
        17.85476,
        59.62157
    ],
    "Markaryd": [
        13.59644,
        56.46135
    ],
    "Mariestad": [
        13.82367,
        58.70971
    ],
    "Marieholm": [
        13.85,
        57.38333
    ],
    "Mariefred": [
        17.21667,
        59.26667
    ],
    "Mariannelund": [
        15.56667,
        57.61667
    ],
    "Mantorp": [
        15.28333,
        58.35
    ],
    "Malung": [
        13.71542,
        60.68329
    ],
    "Malmslätt": [
        15.51647,
        58.41102
    ],
    "Malmö": [
        13.00073,
        55.60587
    ],
    "Malmköping": [
        16.73333,
        59.13333
    ],
    "Malmbäck": [
        14.46667,
        57.58333
    ],
    "Målilla": [
        15.80675,
        57.38773
    ],
    "Malå": [
        18.74243,
        65.18501
    ],
    "Lysekil": [
        11.43576,
        58.27429
    ],
    "Lycksele": [
        18.67351,
        64.59537
    ],
    "Lund": [
        13.19321,
        55.70584
    ],
    "Ludvika": [
        15.18776,
        60.14959
    ],
    "Lönsboda": [
        14.31667,
        56.4
    ],
    "Lomma": [
        13.06849,
        55.67244
    ],
    "Lödöse": [
        12.13333,
        58.03333
    ],
    "Löddeköpinge": [
        13.01667,
        55.76667
    ],
    "Löberöd": [
        13.5,
        55.78333
    ],
    "Ljusne": [
        17.13333,
        61.21667
    ],
    "Ljusdal": [
        16.09126,
        61.82883
    ],
    "Ljungskile": [
        11.92014,
        58.22452
    ],
    "Ljungsbro": [
        15.5,
        58.51667
    ],
    "Ljunghusen": [
        12.92486,
        55.39793
    ],
    "Ljungbyholm": [
        16.16667,
        56.63333
    ],
    "Ljungbyhed": [
        13.21667,
        56.06667
    ],
    "Ljungby": [
        13.94082,
        56.83324
    ],
    "Lit": [
        14.81667,
        63.31667
    ],
    "Linköping": [
        15.62157,
        58.41086
    ],
    "Linghem": [
        15.78333,
        58.43333
    ],
    "Lindsdal": [
        16.3,
        56.73333
    ],
    "Lindome": [
        12.08333,
        57.56667
    ],
    "Lindö": [
        16.25,
        58.61667
    ],
    "Lindesberg": [
        15.2304,
        59.59202
    ],
    "Limmared": [
        13.35,
        57.53333
    ],
    "Lilla Edet": [
        12.13333,
        58.13333
    ],
    "Lidköping": [
        13.15765,
        58.50517
    ],
    "Lidingö": [
        18.13333,
        59.36667
    ],
    "Lessebo": [
        15.26969,
        56.75185
    ],
    "Lesjöfors": [
        14.18333,
        59.98333
    ],
    "Lerum": [
        12.26904,
        57.77051
    ],
    "Lenhovda": [
        15.28333,
        57
    ],
    "Leksand": [
        15.00316,
        60.73387
    ],
    "Laxå": [
        14.61904,
        58.9863
    ],
    "Långshyttan": [
        16.01667,
        60.45
    ],
    "Länghem": [
        13.23333,
        57.6
    ],
    "Landvetter": [
        12.21169,
        57.68665
    ],
    "Landskrona": [
        12.83016,
        55.8708
    ],
    "Landsbro": [
        14.9,
        57.36667
    ],
    "Lammhult": [
        14.58333,
        57.16667
    ],
    "Laholm": [
        13.04371,
        56.51207
    ],
    "Lagan": [
        13.98333,
        56.91667
    ],
    "Kvissleby": [
        17.375,
        62.29361
    ],
    "Kvidinge": [
        13.06667,
        56.13333
    ],
    "Kvicksund": [
        16.31667,
        59.45
    ],
    "Kvänum": [
        13.18333,
        58.3
    ],
    "Kungsör": [
        16.09656,
        59.42245
    ],
    "Kungshamn": [
        11.25938,
        58.36305
    ],
    "Kungsbacka": [
        12.07612,
        57.48719
    ],
    "Kungsängen": [
        17.74834,
        59.47857
    ],
    "Kungälv": [
        11.98054,
        57.87096
    ],
    "Kummelnäs": [
        18.28333,
        59.35
    ],
    "Kumla": [
        15.14341,
        59.1277
    ],
    "Krokom": [
        14.44883,
        63.32589
    ],
    "Krokek": [
        16.4,
        58.66667
    ],
    "Kristinehamn": [
        14.10808,
        59.30978
    ],
    "Kristianstad": [
        14.15242,
        56.03129
    ],
    "Kramfors": [
        17.77646,
        62.93161
    ],
    "Kopparberg": [
        14.99436,
        59.87597
    ],
    "Köpmanholmen": [
        18.56667,
        63.16667
    ],
    "Köpingebro": [
        13.93333,
        55.46667
    ],
    "Köping": [
        15.99255,
        59.51404
    ],
    "Kolsva": [
        15.83333,
        59.6
    ],
    "Kolbäck": [
        16.25,
        59.56667
    ],
    "Kode": [
        11.85,
        57.93333
    ],
    "Knivsta": [
        17.78753,
        59.72564
    ],
    "Knislinge": [
        14.08333,
        56.18333
    ],
    "Knäred": [
        13.31667,
        56.53333
    ],
    "Klippan": [
        13.13086,
        56.13559
    ],
    "Klintehamn": [
        18.20371,
        57.38667
    ],
    "Klågerup": [
        13.24574,
        55.59416
    ],
    "Kivik": [
        14.25,
        55.68333
    ],
    "Kista": [
        17.94479,
        59.40316
    ],
    "Kisa": [
        15.63303,
        57.98781
    ],
    "Kinna": [
        12.69463,
        57.50728
    ],
    "Kimstad": [
        15.96667,
        58.53333
    ],
    "Kilafors": [
        16.56667,
        61.23333
    ],
    "Kil": [
        13.31395,
        59.50722
    ],
    "Kaxholmen": [
        14.3,
        57.86667
    ],
    "Kävlinge": [
        13.11021,
        55.79188
    ],
    "Katrineholm": [
        16.20721,
        58.99587
    ],
    "Karlstad": [
        13.50357,
        59.3793
    ],
    "Karlskrona": [
        15.58661,
        56.16156
    ],
    "Karlskoga": [
        14.52386,
        59.32667
    ],
    "Karlshamn": [
        14.86188,
        56.1706
    ],
    "Karlsborg": [
        14.5047,
        58.53724
    ],
    "Karlholmsbruk": [
        17.61667,
        60.51667
    ],
    "Kalmar": [
        16.36163,
        56.66157
    ],
    "Kallinge": [
        15.28333,
        56.23333
    ],
    "Kållered": [
        12.05106,
        57.60992
    ],
    "Källby": [
        13.31667,
        58.51667
    ],
    "Kågeröd": [
        13.1,
        56.01667
    ],
    "Jursla": [
        16.18333,
        58.66667
    ],
    "Jordbro": [
        18.11667,
        59.14972
    ],
    "Jonstorp": [
        12.71667,
        58
    ],
    "Jönköping": [
        14.15618,
        57.78145
    ],
    "Jokkmokk": [
        19.82324,
        66.60665
    ],
    "Johannedal": [
        17.37111,
        62.43361
    ],
    "Järvsö": [
        16.16667,
        61.71667
    ],
    "Järpen": [
        13.48333,
        63.35
    ],
    "Järna": [
        14.36667,
        60.53333
    ],
    "Järbo": [
        16.6,
        60.71667
    ],
    "Jämshög": [
        14.51667,
        56.23333
    ],
    "Jämjö": [
        15.81667,
        56.18333
    ],
    "Jakobsberg": [
        17.83508,
        59.42268
    ],
    "Irsta": [
        16.93333,
        59.7
    ],
    "Insjön": [
        17.48333,
        64.4
    ],
    "Ingelstad": [
        14.91667,
        56.75
    ],
    "Iggesund": [
        17.08306,
        61.64444
    ],
    "Hyltebruk": [
        13.23958,
        56.99892
    ],
    "Hyllinge": [
        12.85,
        56.1
    ],
    "Husum": [
        19.16667,
        63.33333
    ],
    "Huskvarna": [
        14.30214,
        57.78596
    ],
    "Hunnebostrand": [
        11.3032,
        58.44127
    ],
    "Hummelsta": [
        16.95,
        59.61667
    ],
    "Hultsfred": [
        15.84357,
        57.48815
    ],
    "Hudiksvall": [
        17.10358,
        61.72897
    ],
    "Huddinge": [
        17.98192,
        59.23705
    ],
    "Hovsta": [
        15.21667,
        59.35
    ],
    "Hovmantorp": [
        15.12654,
        56.78527
    ],
    "Höviksnäs": [
        11.76667,
        58.03333
    ],
    "Hova": [
        14.18333,
        58.86667
    ],
    "Horred": [
        12.46667,
        57.35
    ],
    "Hörnefors": [
        19.90856,
        63.62312
    ],
    "Horndal": [
        16.41667,
        60.3
    ],
    "Hörby": [
        13.66094,
        55.85238
    ],
    "Höör": [
        13.5385,
        55.93444
    ],
    "Hönö": [
        11.64972,
        57.68972
    ],
    "Hölö": [
        18.66667,
        59.28333
    ],
    "Höllviken": [
        12.9558,
        55.40982
    ],
    "Hökåsen": [
        16.58333,
        59.66667
    ],
    "Högsby": [
        16.02562,
        57.16597
    ],
    "Höganäs": [
        12.55795,
        56.19971
    ],
    "Hofterup": [
        12.96667,
        55.78333
    ],
    "Hofors": [
        16.28668,
        60.54573
    ],
    "Hjuvik": [
        11.71639,
        57.70167
    ],
    "Hjo": [
        14.28784,
        58.30133
    ],
    "Hittarp": [
        14.11667,
        56.28333
    ],
    "Hindås": [
        12.45,
        57.7
    ],
    "Hillerstorp": [
        13.86667,
        57.31667
    ],
    "Hestra": [
        15.07,
        57.96
    ],
    "Herrljunga": [
        13.02662,
        58.07739
    ],
    "Herrestad": [
        14.8,
        58.38333
    ],
    "Henån": [
        11.67598,
        58.23848
    ],
    "Hemse": [
        18.37443,
        57.23788
    ],
    "Hemmesta": [
        18.5,
        59.31667
    ],
    "Helsingborg": [
        12.69437,
        56.04673
    ],
    "Hedesunda": [
        17,
        60.4
    ],
    "Hedemora": [
        15.98855,
        60.27973
    ],
    "Heby": [
        16.86217,
        59.93815
    ],
    "Haverdal": [
        12.67194,
        56.72222
    ],
    "Hästveda": [
        13.93333,
        56.26667
    ],
    "Hasslö": [
        15.48333,
        56.11667
    ],
    "Hässleholm": [
        13.76638,
        56.15905
    ],
    "Harplinge": [
        12.71667,
        56.75
    ],
    "Härnösand": [
        17.93794,
        62.63228
    ],
    "Haninge": [
        18.14478,
        59.16775
    ],
    "Handen": [
        18.13796,
        59.16809
    ],
    "Hanaskog": [
        14.11667,
        56.15
    ],
    "Hammarstrand": [
        16.35377,
        63.11041
    ],
    "Halmstad": [
        12.85676,
        56.67446
    ],
    "Hallstavik": [
        18.6,
        60.05
    ],
    "Hallstahammar": [
        16.22846,
        59.61395
    ],
    "Hallsberg": [
        15.11174,
        59.0657
    ],
    "Hälleforsnäs": [
        16.5,
        59.16667
    ],
    "Hällefors": [
        14.52197,
        59.78388
    ],
    "Hällbybrunn": [
        16.43333,
        59.38333
    ],
    "Hällabrottet": [
        15.2,
        59.11667
    ],
    "Häljarp": [
        15.45,
        57.63333
    ],
    "Hagfors": [
        13.67214,
        60.02378
    ],
    "Habo": [
        14.07444,
        57.91185
    ],
    "Gusum": [
        16.48333,
        58.26667
    ],
    "Gustavsberg": [
        18.38975,
        59.32684
    ],
    "Gullspång": [
        14.09644,
        58.98615
    ],
    "Gullbrandstorp": [
        12.73333,
        56.7
    ],
    "Grycksbo": [
        15.46667,
        60.68333
    ],
    "Grums": [
        13.10906,
        59.3466
    ],
    "Grillby": [
        17.25,
        59.61667
    ],
    "Grebbestad": [
        11.25738,
        58.70248
    ],
    "Grästorp": [
        12.68122,
        58.33219
    ],
    "Gränna": [
        14.46667,
        58.01667
    ],
    "Grängesberg": [
        14.98333,
        60.08333
    ],
    "Gråbo": [
        12.29954,
        57.83625
    ],
    "Götene": [
        13.49458,
        58.52824
    ],
    "Göteborg": [
        11.96679,
        57.70716
    ],
    "Gnosjö": [
        13.73686,
        57.3585
    ],
    "Gnesta": [
        17.31191,
        59.04751
    ],
    "Glumslöv": [
        12.81667,
        55.95
    ],
    "Glimåkra": [
        14.13333,
        56.3
    ],
    "Gislaved": [
        13.54078,
        57.3044
    ],
    "Getinge": [
        12.73333,
        56.81667
    ],
    "Genarp": [
        13.38333,
        55.6
    ],
    "Gemla": [
        14.63333,
        56.86667
    ],
    "Gävle": [
        17.14174,
        60.67452
    ],
    "Garphyttan": [
        14.94623,
        59.30429
    ],
    "Gantofta": [
        12.8,
        55.98333
    ],
    "Gånghester": [
        13.01667,
        57.7
    ],
    "Gamleby": [
        16.4,
        57.9
    ],
    "Gagnef": [
        15.07745,
        60.59856
    ],
    "Fyllinge": [
        12.91667,
        56.65
    ],
    "Furulund": [
        12.13333,
        57.71667
    ],
    "Frövi": [
        15.36667,
        59.46667
    ],
    "Frösakull": [
        12.73333,
        56.68333
    ],
    "Fritsla": [
        12.78333,
        57.55
    ],
    "Fristad": [
        16.71667,
        65.2
    ],
    "Frillesås": [
        12.16667,
        57.31667
    ],
    "Fränsta": [
        16.17016,
        62.49855
    ],
    "Förslöv": [
        12.81667,
        56.35
    ],
    "Forsheda": [
        13.81667,
        57.15
    ],
    "Forshaga": [
        13.48127,
        59.52541
    ],
    "Forserum": [
        16.46667,
        57.95
    ],
    "Floby": [
        13.33333,
        58.13333
    ],
    "Flen": [
        16.58781,
        59.05834
    ],
    "Fjugesta": [
        14.87227,
        59.17375
    ],
    "Fjärås kyrkby": [
        12.17508,
        57.45913
    ],
    "Fjälkinge": [
        14.28333,
        56.05
    ],
    "Fittja": [
        17.85991,
        59.24868
    ],
    "Finspång": [
        15.76739,
        58.70578
    ],
    "Filipstad": [
        14.16831,
        59.71236
    ],
    "Fellingsbro": [
        15.58333,
        59.43333
    ],
    "Färjestaden": [
        16.45,
        56.65
    ],
    "Färila": [
        15.85,
        61.8
    ],
    "Färgelanda": [
        11.99235,
        58.56816
    ],
    "Falun": [
        15.62597,
        60.60357
    ],
    "Falköping": [
        13.55068,
        58.17347
    ],
    "Falkenberg": [
        12.49118,
        56.90552
    ],
    "Fagersta": [
        15.79316,
        60.00418
    ],
    "Eslöv": [
        13.30393,
        55.83928
    ],
    "Eskilstuna": [
        16.5077,
        59.36661
    ],
    "Eriksberg": [
        17.81631,
        59.24241
    ],
    "Enköping": [
        17.07768,
        59.63607
    ],
    "Emmaboda": [
        15.53648,
        56.63268
    ],
    "Eksjö": [
        14.97205,
        57.66643
    ],
    "Ekshärad": [
        13.49647,
        60.17275
    ],
    "Ekerö": [
        17.81212,
        59.291
    ],
    "Ekenässjön": [
        15,
        57.5
    ],
    "Ekängen": [
        15.63333,
        58.46667
    ],
    "Edsvalla": [
        13.18333,
        59.43333
    ],
    "Edsbyn": [
        15.81747,
        61.37692
    ],
    "Ed": [
        11.92534,
        58.9125
    ],
    "Dorotea": [
        16.41306,
        64.26185
    ],
    "Donsö": [
        11.79917,
        57.6
    ],
    "Djursholm": [
        18.05619,
        59.39926
    ],
    "Djurås": [
        15.13333,
        60.55
    ],
    "Diseröd": [
        12.01667,
        57.91667
    ],
    "Delsbo": [
        16.55571,
        61.80104
    ],
    "Deje": [
        13.46667,
        59.6
    ],
    "Degerfors": [
        14.43077,
        59.23797
    ],
    "Degeberga": [
        14.08333,
        55.83333
    ],
    "Dals Långed": [
        12.3,
        58.91667
    ],
    "Dalsjöfors": [
        13.08333,
        57.71667
    ],
    "Dalby": [
        17.35,
        59.53333
    ],
    "Dalarö": [
        18.40639,
        59.13306
    ],
    "Charlottenberg": [
        12.30398,
        59.88422
    ],
    "Bunkeflostrand": [
        12.95,
        55.53333
    ],
    "Bua": [
        12.66667,
        57.56667
    ],
    "Brunna": [
        16.01034,
        60.26255
    ],
    "Brunflo": [
        14.83203,
        63.07586
    ],
    "Bromölla": [
        14.46958,
        56.07551
    ],
    "Bromma": [
        17.94,
        59.34
    ],
    "Broby": [
        14.07797,
        56.25521
    ],
    "Bro": [
        17.63333,
        59.51667
    ],
    "Brevik": [
        18.38333,
        59.21667
    ],
    "Bredbyn": [
        18.11019,
        63.44655
    ],
    "Bredaryd": [
        13.73333,
        57.16667
    ],
    "Brastad": [
        11.48333,
        58.38333
    ],
    "Brålanda": [
        12.36667,
        58.56667
    ],
    "Bräkne-Hoby": [
        15.11667,
        56.23333
    ],
    "Bräcke": [
        15.42193,
        62.75067
    ],
    "Braås": [
        15.05,
        57.06667
    ],
    "Boxholm": [
        15.05376,
        58.19719
    ],
    "Borlänge": [
        15.43714,
        60.4858
    ],
    "Borgholm": [
        16.65634,
        56.8793
    ],
    "Borensberg": [
        15.28333,
        58.56667
    ],
    "Borås": [
        12.9401,
        57.72101
    ],
    "Bor": [
        14.16667,
        57.11667
    ],
    "Bollstabruk": [
        17.67348,
        62.99777
    ],
    "Bollnäs": [
        16.39464,
        61.34817
    ],
    "Bollmora": [
        18.22762,
        59.24196
    ],
    "Bollebygd": [
        12.57272,
        57.66866
    ],
    "Bodafors": [
        14.7,
        57.5
    ],
    "Boo": [
        18.28333,
        59.33333
    ],
    "Blomstermåla": [
        16.33333,
        56.98333
    ],
    "Blentarp": [
        13.6,
        55.58333
    ],
    "Bjuv": [
        12.91914,
        56.08372
    ],
    "Bjursås": [
        15.43333,
        60.73333
    ],
    "Bjurholm": [
        19.21369,
        63.93027
    ],
    "Björneborg": [
        14.25,
        59.25
    ],
    "Björkö": [
        19,
        59.75
    ],
    "Bjästa": [
        18.5,
        63.2
    ],
    "Bjärred": [
        13.01667,
        55.71667
    ],
    "Bjärnum": [
        13.7,
        56.28333
    ],
    "Billingsfors": [
        12.25,
        58.98333
    ],
    "Billesholm": [
        13,
        56.05
    ],
    "Billdal": [
        11.93333,
        57.56667
    ],
    "Bergsjö": [
        17.06368,
        61.98253
    ],
    "Bergshamra": [
        18.03427,
        59.38083
    ],
    "Hoverberg": [
        14.44735,
        62.81381
    ],
    "Bergeforsen": [
        17.38333,
        62.53333
    ],
    "Berg": [
        15.52969,
        58.48831
    ],
    "Bengtsfors": [
        12.23207,
        59.02912
    ],
    "Båstad": [
        12.85339,
        56.42689
    ],
    "Bårslöv": [
        12.81667,
        56
    ],
    "Bara": [
        17.06667,
        58.68333
    ],
    "Bankeryd": [
        14.11667,
        57.85
    ],
    "Bålsta": [
        17.52781,
        59.5671
    ],
    "Axvall": [
        13.56667,
        58.38333
    ],
    "Avesta": [
        16.16295,
        60.14274
    ],
    "Åtvidaberg": [
        15.9977,
        58.20152
    ],
    "Åstorp": [
        12.9443,
        56.13566
    ],
    "Asmundtorp": [
        12.93333,
        55.88333
    ],
    "Askersund": [
        14.9023,
        58.87988
    ],
    "Åsele": [
        17.33333,
        64.16667
    ],
    "Åseda": [
        15.3443,
        57.1701
    ],
    "Åsbro": [
        15.05,
        59
    ],
    "Åsa": [
        14.6,
        58.01667
    ],
    "Arvika": [
        12.58518,
        59.65528
    ],
    "Arvidsjaur": [
        19.16682,
        65.59033
    ],
    "Årsunda": [
        16.73333,
        60.53333
    ],
    "Årsta": [
        18.0514,
        59.2978
    ],
    "Arnö": [
        18.63333,
        60.11667
    ],
    "Arlöv": [
        13.07141,
        55.63248
    ],
    "Ärla": [
        16.66667,
        59.28333
    ],
    "Arjeplog": [
        17.88606,
        66.05173
    ],
    "Årjäng": [
        12.13336,
        59.39217
    ],
    "Åre": [
        13.08019,
        63.39835
    ],
    "Arbrå": [
        16.38333,
        61.46667
    ],
    "Arboga": [
        15.83882,
        59.39387
    ],
    "Ankarsrum": [
        16.31667,
        57.7
    ],
    "Ängelholm": [
        12.86219,
        56.2428
    ],
    "Ånge": [
        15.65904,
        62.52495
    ],
    "Aneby": [
        14.81016,
        57.83895
    ],
    "Anderstorp": [
        14.28333,
        58.88333
    ],
    "Anderslöv": [
        13.33333,
        55.43333
    ],
    "Åmotfors": [
        12.36667,
        59.76667
    ],
    "Åmål": [
        12.70492,
        59.051
    ],
    "Älvkarleby": [
        17.44895,
        60.57081
    ],
    "Alvesta": [
        14.55559,
        56.89935
    ],
    "Älvdalen": [
        14.03935,
        61.22774
    ],
    "Älvängen": [
        12.11667,
        57.96667
    ],
    "Älta": [
        18.18333,
        59.26667
    ],
    "Alsike": [
        17.75,
        59.75
    ],
    "Älmhult": [
        14.13827,
        56.55146
    ],
    "Alingsås": [
        12.53345,
        57.93033
    ],
    "Alfta": [
        16.07499,
        61.34675
    ],
    "Åled": [
        12.93333,
        56.75
    ],
    "Alafors": [
        12.07835,
        57.92579
    ],
    "Åkers Styckebruk": [
        17.08333,
        59.25
    ],
    "Åkersberga": [
        18.29967,
        59.47944
    ],
    "Åkarp": [
        13.65,
        58.23333
    ],
    "Åhus": [
        14.28333,
        55.91667
    ],
    "Åby": [
        16.18333,
        58.66667
    ],
    "Abborrberget": [
        14.8,
        60.15
    ],
    "Andalen": [
        11.75,
        57.7
    ],
    "Fisksätra": [
        18.26667,
        59.28333
    ],
    "Skanör med Falsterbo": [
        12.85,
        55.4
    ],
    "Nödinge-Nol": [
        12.05591,
        57.91259
    ],
    "Ingared": [
        12.4706,
        57.84489
    ],
    "Majorna": [
        11.91605,
        57.69195
    ],
    "Salem": [
        17.76646,
        59.20186
    ],
    "Skytteholm": [
        17.99213,
        59.35767
    ],
    "Onsala": [
        12.02903,
        57.42531
    ],
    "Alby": [
        17.8538,
        59.2335
    ],
    "Hammarkullen": [
        12.03604,
        57.78049
    ],
    "Rannebergen": [
        12.07131,
        57.80236
    ],
    "Eriksbo": [
        12.04183,
        57.77141
    ],
    "Gårdsten": [
        12.02883,
        57.8048
    ],
    "Lövgärdet": [
        12.03861,
        57.81555
    ]
}