{
    "‘Ayn Ḩalāqīm": [
        36.32212,
        34.93998
    ],
    "Al Karāmah": [
        39.27803,
        35.86866
    ],
    "‘Arīqah": [
        36.48336,
        32.88981
    ],
    "Aş Şūrah aş Şaghīrah": [
        36.57387,
        33.03267
    ],
    "Al Ghandūrah": [
        37.73278,
        36.67006
    ],
    "Mūḩ Ḩasan": [
        40.32227,
        35.23194
    ],
    "Yabrūd": [
        36.65741,
        33.96736
    ],
    "Wādī al ‘Uyūn": [
        36.18683,
        35.00119
    ],
    "‘Uqayribāt": [
        37.46442,
        35.0431
    ],
    "Ţayyibat al Imām": [
        36.71219,
        35.26592
    ],
    "Tasīl": [
        35.97039,
        32.83611
    ],
    "Tartouss": [
        35.88659,
        34.88902
    ],
    "Tall Tamr": [
        40.37079,
        36.65556
    ],
    "Tall Salḩab": [
        36.38461,
        35.25884
    ],
    "Tall Rif‘at": [
        37.09672,
        36.47362
    ],
    "Tallkalakh": [
        36.25995,
        34.66842
    ],
    "Tall Ḩamīs": [
        41.39943,
        36.75678
    ],
    "Talldaww": [
        36.48598,
        34.92357
    ],
    "Tall aḑ Ḑamān": [
        37.25378,
        35.80776
    ],
    "Tall Abyaḑ": [
        38.95382,
        36.69648
    ],
    "Tālīn": [
        36.03288,
        35.14849
    ],
    "Tallbīsah": [
        36.73093,
        34.84063
    ],
    "Taftanāz": [
        36.78579,
        35.99832
    ],
    "Ţafas": [
        36.06694,
        32.73564
    ],
    "Tadmur": [
        38.28055,
        34.56077
    ],
    "Tādif": [
        37.5309,
        36.34814
    ],
    "Şūrān": [
        37.21222,
        36.565
    ],
    "Souran": [
        36.74848,
        35.29193
    ],
    "As Suqaylibīyah": [
        36.39359,
        35.36674
    ],
    "Subaykhān": [
        40.60833,
        34.85444
    ],
    "Şalinfah": [
        36.1877,
        35.59822
    ],
    "Şirrīn ash Shamālīyah": [
        38.29788,
        36.58838
    ],
    "Sirghāyā": [
        36.15787,
        33.8104
    ],
    "Sinjār": [
        37.00472,
        35.59011
    ],
    "Shuyūkh Taḩtānī": [
        38.07676,
        36.75059
    ],
    "Shīn": [
        36.42366,
        34.77863
    ],
    "Ash Shaykh Miskīn": [
        36.15933,
        32.82944
    ],
    "Shaykh al Ḩadīd": [
        36.59905,
        36.5009
    ],
    "Shaţḩah": [
        36.24377,
        35.50509
    ],
    "Sharān": [
        36.93724,
        36.62333
    ],
    "Shaqqā": [
        36.69653,
        32.89774
    ],
    "Shahbā": [
        36.62896,
        32.85514
    ],
    "Şaydnāyā": [
        36.37301,
        33.69768
    ],
    "Sa‘sa‘": [
        36.02072,
        33.28368
    ],
    "Sarmīn": [
        36.72501,
        35.90403
    ],
    "Sarāqib": [
        36.80591,
        35.86447
    ],
    "Sulūk": [
        39.1299,
        36.59596
    ],
    "Salqīn": [
        36.45413,
        36.13951
    ],
    "Şalkhad": [
        36.71114,
        32.492
    ],
    "As Salamīyah": [
        37.05324,
        35.01127
    ],
    "Şalākhid": [
        36.57271,
        32.87271
    ],
    "Sahnaiya": [
        36.22552,
        33.4253
    ],
    "Satita": [
        36.11376,
        34.81836
    ],
    "Şadad": [
        36.92525,
        34.31325
    ],
    "Şabbūrah": [
        37.20908,
        35.15595
    ],
    "As Sab‘ Biyār": [
        37.68357,
        33.77974
    ],
    "Ar Riqāmā": [
        36.91909,
        34.53879
    ],
    "Rasm al Ḩarmal": [
        37.71608,
        36.24486
    ],
    "Ra’s al ‘Ayn": [
        40.07056,
        36.85034
    ],
    "Rankūs": [
        36.39074,
        33.75692
    ],
    "Radjun": [
        36.66404,
        36.67533
    ],
    "Al Quţaylibīyah": [
        36.01496,
        35.28928
    ],
    "Qarqania": [
        36.61247,
        36.13848
    ],
    "Al Qaḩţānīyah": [
        41.54596,
        37.029
    ],
    "Qaţanā": [
        36.07757,
        33.43646
    ],
    "Qasţal Ma‘āf": [
        35.95254,
        35.82458
    ],
    "Jāsim": [
        36.06018,
        32.99233
    ],
    "Qārah": [
        36.74152,
        34.1527
    ],
    "Al Qamşīyah": [
        36.01455,
        35.03357
    ],
    "Qal‘at al Maḑīq": [
        36.39085,
        35.41465
    ],
    "Qadsīyā": [
        36.21564,
        33.54832
    ],
    "Nubl": [
        36.99294,
        36.37867
    ],
    "Nawá": [
        36.0399,
        32.89044
    ],
    "Al Muzayrīb": [
        36.02743,
        32.71099
    ],
    "Al Muzayri‘ah": [
        36.07003,
        35.5318
    ],
    "Al Jalā’": [
        40.83284,
        34.63705
    ],
    "Mukharram al Fawqānī": [
        37.08677,
        34.81521
    ],
    "Muḩradah": [
        36.5725,
        35.2479
    ],
    "Muḩambal": [
        36.4726,
        35.78668
    ],
    "Mazra‘at Bayt Jinn": [
        35.92144,
        33.32836
    ],
    "Maşyāf": [
        36.3406,
        35.0653
    ],
    "Maskanah": [
        38.04016,
        35.96046
    ],
    "Mashtá al Ḩulw": [
        36.25311,
        34.87517
    ],
    "Mas‘adah": [
        35.75572,
        33.23203
    ],
    "Markadah": [
        40.76087,
        35.74559
    ],
    "Māri‘": [
        37.19656,
        36.48291
    ],
    "Manbij": [
        37.95495,
        36.52815
    ],
    "Ma‘lūlā": [
        36.54689,
        33.8442
    ],
    "Malaḩ": [
        36.85719,
        32.50795
    ],
    "Mahīn": [
        37.05843,
        34.24168
    ],
    "Ma‘dān": [
        39.59835,
        35.7552
    ],
    "Medaya": [
        36.10354,
        33.69032
    ],
    "Al Ma‘baţlī": [
        36.73828,
        36.56253
    ],
    "Ma‘arratmişrīn": [
        36.67183,
        36.01152
    ],
    "Ma‘arrat an Nu‘mān": [
        36.67693,
        35.6483
    ],
    "Kuwayris Sharqī": [
        37.53815,
        36.16685
    ],
    "Kurnāz": [
        36.48773,
        35.38972
    ],
    "Kinnsibbā": [
        36.164,
        35.7441
    ],
    "Rabī‘ah": [
        36.03825,
        35.78656
    ],
    "Khushām": [
        40.28164,
        35.29124
    ],
    "Khirbat Tīn Nūr": [
        36.55641,
        34.70044
    ],
    "Al Qabw": [
        36.45493,
        34.84324
    ],
    "Khirbat al Ma‘azzah": [
        36.00077,
        34.80454
    ],
    "Khirbat Ghazālah": [
        36.20467,
        32.73641
    ],
    "Khān Shaykhūn": [
        36.65095,
        35.44208
    ],
    "Khanāşir": [
        37.49919,
        35.78159
    ],
    "Khān Arnabah": [
        35.89158,
        33.18378
    ],
    "Al Khafsah": [
        38.02172,
        36.2311
    ],
    "Kassab": [
        35.99108,
        35.92684
    ],
    "Ra’s al Khashūfah": [
        36.03005,
        34.82284
    ],
    "Al Karīmah": [
        36.07546,
        34.66941
    ],
    "Kafr Zaytā": [
        36.6033,
        35.37425
    ],
    "Kafr Takhārīm": [
        36.51522,
        36.1168
    ],
    "Kafr Nubl": [
        36.56449,
        35.61376
    ],
    "Kafr Lāhā": [
        36.49582,
        34.89469
    ],
    "Kafr Baţnā": [
        36.37273,
        33.51168
    ],
    "Junaynat Raslān": [
        36.12323,
        34.92715
    ],
    "Jubb Ramlah": [
        36.43104,
        35.20922
    ],
    "Jubb al Jarrāḩ": [
        37.32396,
        34.83444
    ],
    "Al Jīzah": [
        36.31551,
        32.56909
    ],
    "Jisr ash Shughūr": [
        36.32062,
        35.81426
    ],
    "Jayrūd": [
        36.74036,
        33.8074
    ],
    "Jawbat Burghāl": [
        36.17473,
        35.48995
    ],
    "Tchoban Bey": [
        37.45,
        36.61667
    ],
    "Al Jarnīyah": [
        38.24717,
        36.17191
    ],
    "Jaramānā": [
        36.34449,
        33.48709
    ],
    "Jarābulus": [
        38.01111,
        36.8175
    ],
    "Jindayris": [
        36.6889,
        36.39535
    ],
    "Jablah": [
        35.92759,
        35.36211
    ],
    "Izra‘": [
        36.25453,
        32.8706
    ],
    "‘Irbīn": [
        36.36635,
        33.53719
    ],
    "Inkhil": [
        36.12806,
        33.01797
    ],
    "Idlib": [
        36.63393,
        35.93062
    ],
    "Hisya": [
        36.75879,
        34.41096
    ],
    "Hīsh": [
        36.64356,
        35.54793
    ],
    "Homs": [
        36.72339,
        34.72682
    ],
    "Ḩimmīn": [
        36.04529,
        34.90131
    ],
    "Ḩarrān al ‘Awāmīd": [
        36.55764,
        33.44884
    ],
    "Ḩuraytān": [
        37.08527,
        36.28861
    ],
    "Ḩārim": [
        36.52078,
        36.21176
    ],
    "Ḩarf al Musaytirah": [
        36.13439,
        35.38808
    ],
    "Ḩarbinafsah": [
        36.62287,
        34.93757
    ],
    "Ḩarastā": [
        36.36515,
        33.55869
    ],
    "Ḩammām Wāşil": [
        36.08677,
        35.07437
    ],
    "Ḩamāh": [
        36.75783,
        35.13179
    ],
    "Ḩalfāyā": [
        36.60581,
        35.26014
    ],
    "Aleppo": [
        37.16117,
        36.20124
    ],
    "Ḩadīdah": [
        36.39734,
        34.67337
    ],
    "Al Ḩāḑir": [
        37.05105,
        35.98977
    ],
    "Ghabāghib": [
        36.22527,
        33.18214
    ],
    "Al Furqlus": [
        37.08745,
        34.60638
    ],
    "Fīq": [
        35.70047,
        32.77898
    ],
    "Al Fākhūrah": [
        36.01085,
        35.49849
    ],
    "Duwayr Raslān": [
        36.1983,
        34.95563
    ],
    "Duraykīsh": [
        36.13138,
        34.89637
    ],
    "Aḑ Ḑumayr": [
        36.69376,
        33.64389
    ],
    "Douma": [
        36.4027,
        33.57175
    ],
    "Damascus": [
        36.29128,
        33.5102
    ],
    "Dhībīn": [
        36.56552,
        32.43842
    ],
    "Dhībān": [
        40.51085,
        35.0155
    ],
    "Dayr Ḩāfir": [
        37.70778,
        36.15694
    ],
    "Deir ez-Zor": [
        40.14084,
        35.33588
    ],
    "Dayr ‘Aţīyah": [
        36.76682,
        34.09596
    ],
    "Dārat ‘Izzah": [
        36.85216,
        36.28247
    ],
    "Darkūsh": [
        36.39416,
        35.99168
    ],
    "Ad Darbāsīyah": [
        40.65199,
        37.07279
    ],
    "Dārayyā": [
        36.23256,
        33.45834
    ],
    "Dar‘ā": [
        36.10213,
        32.61889
    ],
    "Dā‘il": [
        36.12958,
        32.75466
    ],
    "Buşrá ash Shām": [
        36.48256,
        32.52013
    ],
    "Bulbul": [
        36.81916,
        36.77041
    ],
    "Brummānat al Mashāyikh": [
        36.17083,
        35.01883
    ],
    "Bi’r al Ḩulw al Wardīyah": [
        41.03528,
        36.69694
    ],
    "Binnish": [
        36.7138,
        35.95664
    ],
    "Badāmā": [
        36.19649,
        35.81151
    ],
    "Ar Rawḑah": [
        35.91375,
        35.07204
    ],
    "Barrī ash Sharqī": [
        37.20096,
        34.98099
    ],
    "Bāniyās": [
        35.94871,
        35.18188
    ],
    "Banān": [
        37.30234,
        35.97358
    ],
    "Babīlā": [
        36.33076,
        33.47101
    ],
    "Az Ziyārah": [
        36.33867,
        35.68482
    ],
    "Az Zarbah": [
        36.97987,
        36.06763
    ],
    "Az Zabadānī": [
        36.1005,
        33.72488
    ],
    "I‘zāz": [
        37.04628,
        36.58662
    ],
    "‘Ayn ‘Īsá": [
        38.86228,
        36.3855
    ],
    "‘Ayn at Tīnah": [
        36.10098,
        35.56445
    ],
    "Sabbah": [
        36.23742,
        34.90317
    ],
    "‘Ayn Shiqāq": [
        36.03012,
        35.39441
    ],
    "‘Ayn ash Sharqīyah": [
        36.09973,
        35.33169
    ],
    "‘Ayn al Fījah": [
        36.18285,
        33.61529
    ],
    "‘Ayn al Bayḑā": [
        35.88871,
        35.65599
    ],
    "‘Ayn al ‘Arab": [
        38.35347,
        36.89095
    ],
    "‘Awaj": [
        36.40444,
        34.90704
    ],
    "At Tibnī": [
        39.8181,
        35.6117
    ],
    "Aţ Ţawāḩīn": [
        36.21444,
        35.12751
    ],
    "At Tamāni‘ah": [
        36.74816,
        35.45846
    ],
    "At Tall": [
        36.3107,
        33.61033
    ],
    "Ath Thawrah": [
        38.54659,
        35.83453
    ],
    "As Suwaydā’": [
        36.56951,
        32.70896
    ],
    "As Sūsah": [
        40.95577,
        34.53395
    ],
    "As Sukhnah": [
        38.87031,
        34.88754
    ],
    "As Sīsnīyah": [
        36.14314,
        34.78038
    ],
    "Al Mazra‘ah": [
        36.47696,
        32.78398
    ],
    "As Sawdā": [
        35.94414,
        34.98151
    ],
    "Aş Şanamayn": [
        36.18382,
        33.07227
    ],
    "‘Assāl al Ward": [
        36.41467,
        33.86528
    ],
    "Aş Şafşāfah": [
        36.05283,
        34.73519
    ],
    "As Safīrah": [
        37.37251,
        36.07696
    ],
    "As Sabkhah": [
        39.26268,
        35.81182
    ],
    "As Si‘in": [
        37.37402,
        35.26375
    ],
    "Ash Shaykh Badr": [
        36.07909,
        34.99081
    ],
    "Ash Shajarah": [
        35.88106,
        32.77389
    ],
    "Ash Shaddādah": [
        40.73478,
        36.05756
    ],
    "Arwād": [
        35.85854,
        34.85604
    ],
    "Ar Ruḩaybah": [
        36.70394,
        33.74424
    ],
    "Ar Rastan": [
        36.73238,
        34.92653
    ],
    "Ar Raqqah": [
        39.00788,
        35.95283
    ],
    "Armanāz": [
        36.50309,
        36.08305
    ],
    "Arīḩā": [
        36.60964,
        35.81374
    ],
    "An Nashābīyah": [
        36.48514,
        33.5097
    ],
    "An Nabk": [
        36.72837,
        34.02547
    ],
    "Amude": [
        40.93,
        37.10417
    ],
    "Al Quţayfah": [
        36.60071,
        33.73848
    ],
    "Al Quşayr": [
        36.57975,
        34.50914
    ],
    "Al Qurayyā": [
        36.59776,
        32.54336
    ],
    "Al Qunayţirah": [
        35.82461,
        33.12594
    ],
    "Al Qaryatayn": [
        37.24066,
        34.22956
    ],
    "Al Qardāḩah": [
        36.05908,
        35.45644
    ],
    "Al Qāmishlī": [
        41.23142,
        37.05215
    ],
    "Al Qadmūs": [
        36.15984,
        35.09854
    ],
    "Al Mushannaf": [
        36.77473,
        32.73932
    ],
    "Al Musayfirah": [
        36.33934,
        32.63205
    ],
    "Al Mulayḩah": [
        36.37561,
        33.48522
    ],
    "Al Mismīyah": [
        36.39254,
        33.12972
    ],
    "Al Mayādīn": [
        40.45346,
        35.02089
    ],
    "Al Mālikīyah": [
        42.14006,
        37.17701
    ],
    "Al Buţayḩah": [
        35.63198,
        32.90871
    ],
    "Latakia": [
        35.79011,
        35.53168
    ],
    "Al Kiswah": [
        36.2419,
        33.3581
    ],
    "Al Khushnīyah": [
        35.81084,
        32.99941
    ],
    "Al Jawādīyah": [
        41.82015,
        36.9866
    ],
    "Al Jānūdīyah": [
        36.291,
        35.88411
    ],
    "Al Hinādī": [
        35.8744,
        35.51324
    ],
    "Al Ḩawl": [
        41.14983,
        36.39042
    ],
    "Al Ḩawāsh": [
        36.32164,
        34.76721
    ],
    "Al Ḩasakah": [
        40.74772,
        36.50237
    ],
    "Al Ḩarāk": [
        36.30994,
        32.74932
    ],
    "Al Ḩamrā’": [
        37.08632,
        35.315
    ],
    "Al Ḩamīdīyah": [
        35.94495,
        34.71255
    ],
    "Al Ḩājib": [
        37.3968,
        35.86409
    ],
    "Al Ḩaffah": [
        36.03006,
        35.59824
    ],
    "Al Ghizlānīyah": [
        36.45491,
        33.39671
    ],
    "Al Ghāriyah": [
        36.65067,
        32.39332
    ],
    "Al Buşayrah": [
        40.42555,
        35.15579
    ],
    "Al Bāriqīyah": [
        36.22846,
        34.82936
    ],
    "Al Bahlūlīyah": [
        35.96022,
        35.63679
    ],
    "Al Bāb": [
        37.51788,
        36.36994
    ],
    "Al Atārib": [
        36.82499,
        36.13895
    ],
    "Al ‘Ashārah": [
        40.5595,
        34.92319
    ],
    "Al ‘Arīmah": [
        37.7193,
        36.474
    ],
    "Al ‘Annāzah": [
        36.06571,
        35.19502
    ],
    "Akhtarīn": [
        37.33579,
        36.51233
    ],
    "Iḩsim": [
        36.55631,
        35.72078
    ],
    "‘Afrīn": [
        36.86954,
        36.51194
    ],
    "Ad Dīmās": [
        36.09262,
        33.58739
    ],
    "Ad Dānā": [
        36.76978,
        36.21252
    ],
    "Ad Dālīyah": [
        36.14371,
        35.23605
    ],
    "Abū Qalqal": [
        38.11984,
        36.43806
    ],
    "Ālbū Kamāl": [
        40.91861,
        34.45
    ],
    "Hajīn": [
        40.827,
        34.6927
    ],
    "Abū az̧ Z̧uhūr": [
        37.0448,
        35.74058
    ],
    "Al Ya‘rubīyah": [
        42.06206,
        36.81138
    ],
    "‘Arīshah": [
        40.77214,
        36.23154
    ],
    "كاف الجاع": [
        36.20605,
        35.08638
    ],
    "‘Ayn an Nasr": [
        36.92837,
        34.84113
    ],
    "An Nāşirah": [
        36.28465,
        34.78576
    ],
    "Nāḩiyat as Sab‘ Biyār": [
        38.00818,
        33.53228
    ],
    "Al Kasrah": [
        39.9202,
        35.56743
    ],
    "Al Ḩajar al Aswad": [
        36.30419,
        33.45759
    ],
    "Al Manşūrah": [
        38.74288,
        35.83917
    ],
    "Bayt Yāshūţ": [
        36.11523,
        35.31025
    ]
}