{
    "Don Sak": [
        99.69184,
        9.31676
    ],
    "Thung Sai": [
        99.83267,
        16.31489
    ],
    "Tham Phannara": [
        99.39517,
        8.42044
    ],
    "Ban Talat Yai": [
        98.40008,
        7.88481
    ],
    "Ban Talat Nua": [
        98.38557,
        7.88489
    ],
    "Sam Roi Yot": [
        99.87203,
        12.27081
    ],
    "Nopphitam": [
        99.75272,
        8.71928
    ],
    "Lam Thap": [
        99.29225,
        8.07228
    ],
    "Ban Huai I Huak": [
        98.035,
        18.07861
    ],
    "Phrao": [
        99.20187,
        19.36586
    ],
    "Mae Taeng": [
        98.94176,
        19.11712
    ],
    "Mae Ai": [
        99.29833,
        20.02883
    ],
    "Phetchaburi": [
        99.94467,
        13.11189
    ],
    "Mae Chai": [
        99.814,
        19.34597
    ],
    "Yan Ta Khao": [
        99.66692,
        7.38622
    ],
    "Wiang Sa": [
        99.38156,
        8.57565
    ],
    "Wiang Pa Pao": [
        99.50722,
        19.34778
    ],
    "Wiang Haeng": [
        98.6425,
        19.557
    ],
    "Wiang Chai": [
        99.93314,
        19.88361
    ],
    "Wat Phleng": [
        99.88637,
        13.45407
    ],
    "Wang Wiset": [
        99.3987,
        7.73631
    ],
    "Wang Nuea": [
        99.61933,
        19.14678
    ],
    "U Thong": [
        99.89225,
        14.37514
    ],
    "Umphang": [
        98.8627,
        16.01622
    ],
    "Trang": [
        99.61141,
        7.55633
    ],
    "Thung Yai": [
        99.3661,
        8.30119
    ],
    "Thung Tako": [
        99.08306,
        10.11022
    ],
    "Thung Song": [
        99.68039,
        8.16453
    ],
    "Thung Saliam": [
        99.56092,
        17.32106
    ],
    "Thong Pha Phum": [
        98.63101,
        14.74345
    ],
    "Thoen": [
        99.21612,
        17.61289
    ],
    "Tha Song Yang": [
        98.22572,
        17.22708
    ],
    "Tha Sala": [
        99.93078,
        8.66733
    ],
    "Tha Sae": [
        99.17281,
        10.66461
    ],
    "Thap Than": [
        99.89166,
        15.46063
    ],
    "Thap Sakae": [
        99.6217,
        11.49964
    ],
    "Thap Put": [
        98.63972,
        8.51625
    ],
    "Tha Phae": [
        99.97005,
        6.79014
    ],
    "Tha Muang": [
        99.64122,
        13.96118
    ],
    "Tha Maka": [
        99.76553,
        13.92081
    ],
    "Thalang": [
        98.33408,
        8.0317
    ],
    "Thai Mueang": [
        98.26061,
        8.39914
    ],
    "Tha Chang": [
        100.38989,
        14.76142
    ],
    "Tha Chana": [
        99.16586,
        9.57203
    ],
    "Takua Thung": [
        98.45123,
        8.38373
    ],
    "Takua Pa": [
        98.34383,
        8.8705
    ],
    "Tak": [
        99.12898,
        16.86968
    ],
    "Surat Thani": [
        99.33311,
        9.14011
    ],
    "Sukhothai": [
        99.823,
        17.00778
    ],
    "Suan Phueng": [
        99.33961,
        13.5429
    ],
    "Sop Prap": [
        99.337,
        17.88053
    ],
    "Soem Ngam": [
        99.24537,
        18.06506
    ],
    "Si Sawat": [
        99.11406,
        14.59922
    ],
    "Si Satchanalai": [
        99.76396,
        17.52034
    ],
    "Si Samrong": [
        99.86222,
        17.164
    ],
    "Si Nakhon": [
        99.98563,
        17.34908
    ],
    "Sikao": [
        99.34494,
        7.57158
    ],
    "Si Banphot": [
        99.8843,
        7.72136
    ],
    "Sawi": [
        99.10938,
        10.23668
    ],
    "Sawankhalok": [
        99.83186,
        17.31597
    ],
    "Sawang Arom": [
        99.86089,
        15.58394
    ],
    "Saraphi": [
        99.03528,
        18.71417
    ],
    "San Sai": [
        99.04508,
        18.84792
    ],
    "San Pa Tong": [
        98.89572,
        18.62828
    ],
    "San Kamphaeng": [
        99.11953,
        18.74486
    ],
    "Sangkhla Buri": [
        98.45361,
        15.15553
    ],
    "Samoeng": [
        98.73242,
        18.84806
    ],
    "Sam Ngao": [
        99.02256,
        17.24331
    ],
    "Sai Yok": [
        99.142,
        14.11899
    ],
    "Sai Ngam": [
        99.88843,
        16.46862
    ],
    "Ron Phibun": [
        99.85425,
        8.17911
    ],
    "Ratchaburi": [
        99.81712,
        13.53671
    ],
    "Ranong": [
        98.63476,
        9.96583
    ],
    "Pran Buri": [
        99.90158,
        12.38487
    ],
    "Prachuap Khiri Khan": [
        99.7841,
        11.82098
    ],
    "Plai Phraya": [
        98.8637,
        8.53278
    ],
    "Phunphin": [
        99.23208,
        9.11072
    ],
    "Phuket": [
        98.3981,
        7.89059
    ],
    "Phrom Khiri": [
        99.82275,
        8.52333
    ],
    "Phrasaeng": [
        99.24756,
        8.56781
    ],
    "Phran Kratai": [
        99.58894,
        16.66511
    ],
    "Photharam": [
        99.84969,
        13.69234
    ],
    "Phop Phra": [
        98.69028,
        16.38461
    ],
    "Phipun": [
        99.60703,
        8.56036
    ],
    "Phayao": [
        99.87883,
        19.19203
    ],
    "Phato": [
        98.77658,
        9.79089
    ],
    "Phanom Thuan": [
        99.69858,
        14.13031
    ],
    "Phanom": [
        98.81267,
        8.85475
    ],
    "Phangnga": [
        98.52985,
        8.4509
    ],
    "Phan": [
        99.74046,
        19.55395
    ],
    "Pathio": [
        99.3182,
        10.70908
    ],
    "Pa Sang": [
        98.93936,
        18.52617
    ],
    "Palian": [
        99.68624,
        7.17237
    ],
    "Pak Tho": [
        99.83938,
        13.37263
    ],
    "Pai": [
        98.43973,
        19.36168
    ],
    "Om Koi": [
        98.35933,
        17.80122
    ],
    "Nong Ya Plong": [
        99.69723,
        13.16288
    ],
    "Nong Kha Yang": [
        99.92939,
        15.364
    ],
    "Nong Chang": [
        99.84147,
        15.39147
    ],
    "Ngao": [
        99.97814,
        18.75678
    ],
    "Nakhon Si Thammarat": [
        99.96667,
        8.43333
    ],
    "Na Bon": [
        99.59472,
        8.26167
    ],
    "Mueang Pan": [
        99.5025,
        18.76803
    ],
    "Mae Tha": [
        99.51389,
        18.13411
    ],
    "Mae Suai": [
        99.54367,
        19.65633
    ],
    "Mae Sot": [
        98.56667,
        16.71667
    ],
    "Mae Sai": [
        99.87617,
        20.43353
    ],
    "Mae Ramat": [
        98.51665,
        16.98403
    ],
    "Mae Phrik": [
        99.1142,
        17.44688
    ],
    "Mae Mo": [
        99.65044,
        18.27561
    ],
    "Mae La Noi": [
        97.91272,
        18.39746
    ],
    "Mae Hong Son": [
        97.96852,
        19.30029
    ],
    "Mae Chan": [
        99.85256,
        20.14675
    ],
    "Mae Chaem": [
        98.36494,
        18.49926
    ],
    "Long": [
        99.83073,
        18.07422
    ],
    "Li": [
        98.95097,
        17.8027
    ],
    "La-Un": [
        98.75,
        10.11646
    ],
    "Lat Yao": [
        99.78925,
        15.751
    ],
    "Lao Khwan": [
        99.77431,
        14.59522
    ],
    "Lan Saka": [
        99.80564,
        8.37097
    ],
    "Lan Sak": [
        99.57606,
        15.45289
    ],
    "Lan Krabue": [
        99.84889,
        16.60003
    ],
    "La-ngu": [
        99.78836,
        6.88492
    ],
    "Lang Suan": [
        99.07847,
        9.94561
    ],
    "Lamphun": [
        99.00745,
        18.58054
    ],
    "Lampang": [
        99.49277,
        18.29232
    ],
    "Lamae": [
        99.09256,
        9.76789
    ],
    "Kui Buri": [
        99.85431,
        12.08283
    ],
    "Kra Buri": [
        98.77266,
        10.40429
    ],
    "Krabi": [
        98.91052,
        8.07257
    ],
    "Ko Yao": [
        98.59231,
        8.11014
    ],
    "Kong Ra": [
        99.94972,
        7.40272
    ],
    "Kong Krailat": [
        99.9777,
        16.95197
    ],
    "Ko Lanta": [
        99.08647,
        7.53362
    ],
    "Ko Kha": [
        99.39433,
        18.19225
    ],
    "Khura Buri": [
        98.41514,
        9.19397
    ],
    "Khun Yuam": [
        97.93347,
        18.82958
    ],
    "Khlong Thom": [
        99.14457,
        7.9375
    ],
    "Khlong Lan": [
        99.31997,
        16.20331
    ],
    "Khlong Khlung": [
        99.71906,
        16.21633
    ],
    "Khiri Ratthanikhom": [
        98.95286,
        9.0302
    ],
    "Khiri Mat": [
        99.8,
        16.83333
    ],
    "Khian Sa": [
        99.19856,
        8.84295
    ],
    "Khao Yoi": [
        99.82428,
        13.24025
    ],
    "Khao Phanom": [
        99.05124,
        8.26549
    ],
    "Khanu Woralaksaburi": [
        99.86058,
        16.0617
    ],
    "Kathu": [
        98.3332,
        7.90903
    ],
    "Kapong": [
        98.40914,
        8.69697
    ],
    "Kapoe": [
        98.59611,
        9.58522
    ],
    "Kantang": [
        99.51561,
        7.40542
    ],
    "Kanchanadit": [
        99.47014,
        9.16611
    ],
    "Kanchanaburi": [
        99.54832,
        14.00412
    ],
    "Kamphaeng Phet": [
        99.52153,
        16.48344
    ],
    "Huai Yot": [
        99.63469,
        7.78937
    ],
    "Huai Khot": [
        99.61661,
        15.29094
    ],
    "Hua Hin": [
        99.95876,
        12.57065
    ],
    "Hot": [
        98.61039,
        18.19317
    ],
    "Hang Dong": [
        98.91939,
        18.68703
    ],
    "Hang Chat": [
        99.34621,
        18.32883
    ],
    "Fang": [
        99.2145,
        19.91689
    ],
    "Dok Kham Tai": [
        99.99342,
        19.16242
    ],
    "Doi Tao": [
        98.68458,
        17.95286
    ],
    "Dan Chang": [
        99.69756,
        14.84183
    ],
    "Damnoen Saduak": [
        99.95469,
        13.51824
    ],
    "Chumphon": [
        99.17971,
        10.4957
    ],
    "Chom Thong": [
        100.48407,
        13.67717
    ],
    "Chom Bueng": [
        99.59186,
        13.61964
    ],
    "Chiang Rai": [
        99.8325,
        19.90858
    ],
    "Chiang Mai": [
        98.98468,
        18.79038
    ],
    "Chiang Dao": [
        98.96453,
        19.36542
    ],
    "Chawang": [
        99.50472,
        8.42614
    ],
    "Chaiya": [
        99.19861,
        9.38624
    ],
    "Chai Buri": [
        99.07631,
        8.46222
    ],
    "Chae Hom": [
        99.55758,
        18.71267
    ],
    "Cha-am": [
        99.96667,
        12.8
    ],
    "Bo Phloi": [
        99.51467,
        14.32517
    ],
    "Wiang Nuea": [
        98.44644,
        19.37972
    ],
    "Wang Chin": [
        99.60315,
        17.89349
    ],
    "Wang Chao": [
        99.26903,
        16.6744
    ],
    "Thung Wa": [
        99.75586,
        7.10957
    ],
    "Thung Hua Chang": [
        99.0278,
        18.00301
    ],
    "Ban Tak": [
        99.08128,
        17.04325
    ],
    "Ko Samui": [
        99.93567,
        9.53567
    ],
    "Rawai": [
        98.32532,
        7.77965
    ],
    "Ban Rai": [
        99.52108,
        15.08417
    ],
    "Ban Pong": [
        99.87739,
        13.81629
    ],
    "Banphot Phisai": [
        99.98129,
        15.93558
    ],
    "Ban Phru Nai": [
        98.58989,
        7.95458
    ],
    "Nuea Khlong": [
        98.99933,
        8.07144
    ],
    "Nong Prue": [
        99.45033,
        14.61144
    ],
    "Nong Mamong": [
        99.8664,
        15.27613
    ],
    "Noen Kham": [
        99.93899,
        14.9501
    ],
    "Ban Na San": [
        99.36372,
        8.80036
    ],
    "Ban Na Doem": [
        99.31014,
        8.88361
    ],
    "Ban Na": [
        101.07111,
        14.26238
    ],
    "Ban Lat": [
        99.91701,
        13.0515
    ],
    "Ban Laem": [
        99.97958,
        13.20468
    ],
    "Ban Ko Kaeo": [
        98.39664,
        7.93599
    ],
    "Ban Kha": [
        99.40967,
        13.43047
    ],
    "Ban Karon": [
        98.2985,
        7.84769
    ],
    "Kaeng Krachan": [
        99.64795,
        12.90742
    ],
    "Huai Krachao": [
        99.66767,
        14.3275
    ],
    "Ban Hong": [
        98.81925,
        18.33086
    ],
    "Bang Saphan Noi": [
        99.44152,
        11.07535
    ],
    "Bang Saphan": [
        99.51167,
        11.21259
    ],
    "Bang Phae": [
        99.92982,
        13.69157
    ],
    "Bang Khon Thi": [
        99.94021,
        13.46906
    ],
    "Bang Khan": [
        99.47372,
        8.02689
    ],
    "Don Tum": [
        100.07888,
        13.9609
    ],
    "Doi Lo": [
        98.77767,
        18.46098
    ],
    "Dan Makham Tia": [
        99.41042,
        13.85339
    ],
    "Ban Dan Lan Hoi": [
        99.57497,
        17.00683
    ],
    "Ban Ao Nang": [
        98.81035,
        8.0458
    ],
    "Ao Luek": [
        98.72117,
        8.37803
    ],
    "Amphawa": [
        99.95688,
        13.42436
    ],
    "Sa Bot": [
        100.83076,
        15.21006
    ],
    "Phatthana Nikhom": [
        100.98459,
        14.85646
    ],
    "Nong Kung Si": [
        103.3,
        16.65
    ],
    "Na Dun": [
        103.22781,
        15.71668
    ],
    "Ko Pha-Ngan": [
        99.99511,
        9.71945
    ],
    "Yang Si Surat": [
        103.10311,
        15.68361
    ],
    "Mueang Yang": [
        102.89867,
        15.42425
    ],
    "Siao": [
        104.67017,
        14.79583
    ],
    "Samran": [
        103.54106,
        16.86322
    ],
    "Thepharak": [
        101.57081,
        15.28745
    ],
    "Sak Lek": [
        100.47103,
        16.50528
    ],
    "Phayu": [
        104.391,
        14.90851
    ],
    "Pha Khao": [
        102.02965,
        17.06507
    ],
    "Non Suwan": [
        102.59689,
        14.58044
    ],
    "Ban Nong Wua So": [
        103.22472,
        17.2675
    ],
    "Nong Wua So": [
        102.57272,
        17.16261
    ],
    "Nong Na Kham": [
        102.33647,
        16.8043
    ],
    "Nong Muang": [
        100.65556,
        15.24592
    ],
    "Nong Hin": [
        101.85789,
        17.12356
    ],
    "Nong Hi": [
        103.99484,
        15.61117
    ],
    "Na Yung": [
        102.14981,
        17.89747
    ],
    "Na Tan": [
        105.29318,
        15.89749
    ],
    "Ban Nam Yuen": [
        98.86592,
        9.87686
    ],
    "Na Mom": [
        100.55683,
        6.95856
    ],
    "Mueang Chan": [
        104.05286,
        15.16458
    ],
    "Ban Mai": [
        100.54508,
        7.20411
    ],
    "Lam Sonthi": [
        101.36381,
        15.30144
    ],
    "Ban Huai Thalaeng": [
        102.65,
        14.98333
    ],
    "Huai Rat": [
        103.18911,
        14.96039
    ],
    "Ban Haet": [
        102.75959,
        16.19648
    ],
    "Fao Rai": [
        103.30388,
        18.01792
    ],
    "Ban Dan": [
        103.17551,
        15.10839
    ],
    "Charoen Sin": [
        103.54033,
        17.57925
    ],
    "Ban Khlong Bang Sao Thong": [
        100.83272,
        13.64172
    ],
    "Waeng": [
        103.97786,
        16.30006
    ],
    "Thepha": [
        100.96431,
        6.82936
    ],
    "Tak Fa": [
        100.49522,
        15.34917
    ],
    "Prakhon Chai": [
        103.12081,
        14.60592
    ],
    "Na Klang": [
        102.18886,
        17.3072
    ],
    "Lahan Sai": [
        102.85936,
        14.41142
    ],
    "Bacho": [
        101.651,
        6.51678
    ],
    "Yi-ngo": [
        101.70626,
        6.40296
    ],
    "Yasothon": [
        104.1451,
        15.79408
    ],
    "Yaring": [
        101.36894,
        6.86617
    ],
    "Yan Nawa": [
        100.54212,
        13.69634
    ],
    "Yang Talat": [
        103.36785,
        16.39982
    ],
    "Yang Chum Noi": [
        104.39769,
        15.26453
    ],
    "Yarang": [
        101.29339,
        6.75986
    ],
    "Yala": [
        101.28128,
        6.53995
    ],
    "Yaha": [
        101.132,
        6.4797
    ],
    "Wiset Chaichan": [
        100.33825,
        14.5945
    ],
    "Wihan Daeng": [
        100.98942,
        14.34586
    ],
    "Wichian Buri": [
        101.10603,
        15.65778
    ],
    "Watthana Nakhon": [
        102.31863,
        13.74462
    ],
    "Wat Sing": [
        100.0404,
        15.25987
    ],
    "Wat Bot": [
        100.33194,
        16.98114
    ],
    "Warin Chamrap": [
        104.8628,
        15.19319
    ],
    "Warichaphum": [
        103.63816,
        17.29409
    ],
    "Wapi Pathum": [
        103.37678,
        15.84523
    ],
    "Wan Yai": [
        104.74136,
        16.72229
    ],
    "Wanon Niwat": [
        103.75241,
        17.63391
    ],
    "Wang Thong": [
        100.42936,
        16.82458
    ],
    "Wang Saphung": [
        101.7685,
        17.30097
    ],
    "Wang Sam Mo": [
        103.4365,
        16.95294
    ],
    "Wang Noi": [
        100.7155,
        14.22689
    ],
    "Wang Nam Yen": [
        102.18115,
        13.50325
    ],
    "Wang Hin": [
        104.23097,
        14.94783
    ],
    "Wang Chan": [
        101.52303,
        12.93646
    ],
    "Wang Sai Phun": [
        100.53801,
        16.3885
    ],
    "Waeng Yai": [
        102.5469,
        15.95547
    ],
    "Waeng Noi": [
        102.41614,
        15.8035
    ],
    "Uttaradit": [
        100.09421,
        17.62557
    ],
    "Uthumphon Phisai": [
        104.14011,
        15.11161
    ],
    "Uthai Thani": [
        100.0245,
        15.37939
    ],
    "Uthai": [
        100.67203,
        14.36278
    ],
    "Udon Thani": [
        102.78589,
        17.41567
    ],
    "Ubon Ratchathani": [
        104.84866,
        15.23844
    ],
    "Khuean Ubolratana": [
        102.63244,
        16.7527
    ],
    "Tron": [
        100.11281,
        17.48181
    ],
    "Trat": [
        102.51514,
        12.24364
    ],
    "Trakan Phut Phon": [
        105.02147,
        15.61183
    ],
    "Thung Fon": [
        103.26033,
        17.47167
    ],
    "Thon Buri": [
        100.48512,
        13.725
    ],
    "Thoeng": [
        100.19456,
        19.68508
    ],
    "Thep Sathit": [
        101.45061,
        15.39247
    ],
    "Tha Yang": [
        99.90555,
        12.95772
    ],
    "Tha Wung": [
        100.50333,
        14.811
    ],
    "Thawat Buri": [
        103.74647,
        16.0385
    ],
    "Tha Wang Pha": [
        100.81106,
        19.12189
    ],
    "Tha Uthen": [
        104.59906,
        17.57605
    ],
    "Tha Tum": [
        103.67542,
        15.3195
    ],
    "That Phanom": [
        104.71039,
        16.93636
    ],
    "Tha Tako": [
        100.47839,
        15.64218
    ],
    "Tha Ruea": [
        100.7282,
        14.55125
    ],
    "Tha Pla": [
        100.37611,
        17.79112
    ],
    "Thap Khlo": [
        100.59656,
        16.16003
    ],
    "Thanyaburi": [
        100.73433,
        14.02114
    ],
    "Than To": [
        101.18008,
        6.16739
    ],
    "Tha Mai": [
        102.0048,
        12.62137
    ],
    "Tha Luang": [
        101.10664,
        15.06864
    ],
    "Tha Li": [
        101.42099,
        17.62355
    ],
    "Tha Khantho": [
        103.24586,
        16.93953
    ],
    "Tha Bo": [
        102.58139,
        17.85003
    ],
    "Ta Phraya": [
        102.80541,
        14.00308
    ],
    "Taphan Hin": [
        100.41978,
        16.22094
    ],
    "Tao Ngoi": [
        104.16672,
        16.99689
    ],
    "Tan Sum": [
        105.15464,
        15.3157
    ],
    "Tamot": [
        100.11167,
        7.33922
    ],
    "Taling Chan": [
        100.4567,
        13.77698
    ],
    "Takhli": [
        100.34378,
        15.26336
    ],
    "Tak Bai": [
        102.05461,
        6.25947
    ],
    "Suwannaphum": [
        103.80207,
        15.60348
    ],
    "Suwannakhuha": [
        102.27989,
        17.56292
    ],
    "Surin": [
        103.49364,
        14.88181
    ],
    "Suphan Buri": [
        100.12218,
        14.47418
    ],
    "Sung Noen": [
        101.82075,
        14.8992
    ],
    "Sung Men": [
        100.11457,
        18.0494
    ],
    "Ban Su-ngai Pa Di": [
        101.87172,
        6.07239
    ],
    "Su-ngai Kolok": [
        101.96586,
        6.02977
    ],
    "Sukhirin": [
        101.77077,
        5.93889
    ],
    "So Phisai": [
        103.4432,
        18.0772
    ],
    "Song Phi Nong": [
        100.02094,
        14.22408
    ],
    "Songkhla": [
        100.5951,
        7.19882
    ],
    "Song": [
        100.18346,
        18.47204
    ],
    "Somdet": [
        103.74934,
        16.70462
    ],
    "Soeng Sang": [
        102.46058,
        14.42642
    ],
    "Si Thep": [
        101.06667,
        15.45214
    ],
    "Si That": [
        103.21644,
        16.97361
    ],
    "Si Songkhram": [
        104.2507,
        17.62745
    ],
    "Si Sakhon": [
        101.50048,
        6.23137
    ],
    "Si Sa Ket": [
        104.32938,
        15.11481
    ],
    "Si Rattana": [
        104.46922,
        14.79328
    ],
    "Si Racha": [
        100.93111,
        13.17372
    ],
    "Si Prachan": [
        100.14483,
        14.61992
    ],
    "Sing Buri": [
        100.40464,
        14.88786
    ],
    "Si Mueang Mai": [
        105.27811,
        15.49642
    ],
    "Si Maha Phot": [
        101.51303,
        13.96597
    ],
    "Si Khoraphum": [
        103.79704,
        14.94418
    ],
    "Sikhio": [
        101.72314,
        14.89225
    ],
    "Si Chomphu": [
        102.18466,
        16.79878
    ],
    "Si Chiang Mai": [
        102.58667,
        17.95639
    ],
    "Si Bun Rueang": [
        102.27607,
        16.96705
    ],
    "Senangkhanikhom": [
        104.66939,
        16.03972
    ],
    "Sena": [
        100.40433,
        14.327
    ],
    "Selaphum": [
        103.93826,
        16.02992
    ],
    "Seka": [
        103.95519,
        17.92851
    ],
    "Sawang Daen Din": [
        103.45753,
        17.47531
    ],
    "Sawaeng Ha": [
        100.32942,
        14.74642
    ],
    "Satun": [
        100.06676,
        6.62314
    ],
    "Satuek": [
        103.29192,
        15.29703
    ],
    "Sattahip": [
        100.90073,
        12.66644
    ],
    "Sathing Phra": [
        100.43908,
        7.47303
    ],
    "Saraburi": [
        100.91667,
        14.53333
    ],
    "Sao Hai": [
        100.84436,
        14.55083
    ],
    "Sapphaya": [
        100.24215,
        15.14616
    ],
    "Sanom": [
        103.76054,
        15.2036
    ],
    "Sankhaburi": [
        100.16178,
        15.04733
    ],
    "Sangkhom": [
        102.27364,
        18.06389
    ],
    "Sang Khom": [
        103.09262,
        17.82649
    ],
    "Sangkha": [
        103.85278,
        14.6362
    ],
    "Sanam Chai Khet": [
        101.43906,
        13.65864
    ],
    "Samut Songkhram": [
        100.00264,
        13.41456
    ],
    "Samut Sakhon": [
        100.27362,
        13.54753
    ],
    "Samut Prakan": [
        100.59675,
        13.59934
    ],
    "Samrong Thap": [
        103.93631,
        15.02258
    ],
    "Sam Phran": [
        100.21526,
        13.72698
    ],
    "Samphanthawong": [
        100.51414,
        13.73147
    ],
    "Sam Ngam": [
        100.20497,
        16.50653
    ],
    "Sam Ko": [
        100.2186,
        14.60735
    ],
    "Sam Khok": [
        100.52264,
        14.0655
    ],
    "Sam Chuk": [
        100.08992,
        14.75763
    ],
    "Sakon Nakhon": [
        104.14725,
        17.16116
    ],
    "Sa Kaeo": [
        102.07222,
        13.81411
    ],
    "Sai Noi": [
        100.31209,
        13.97915
    ],
    "Sai Mun": [
        104.20812,
        15.94495
    ],
    "Sai Buri": [
        101.61675,
        6.70131
    ],
    "Sahatsakhan": [
        103.5202,
        16.71236
    ],
    "Sadao": [
        100.42342,
        6.63883
    ],
    "Saba Yoi": [
        100.95189,
        6.6175
    ],
    "Rueso": [
        101.51847,
        6.39364
    ],
    "Rong Kwang": [
        100.31736,
        18.33903
    ],
    "Rong Kham": [
        103.74689,
        16.26943
    ],
    "Roi Et": [
        103.65309,
        16.0567
    ],
    "Renu Nakhon": [
        104.67709,
        17.05157
    ],
    "Rayong": [
        101.25798,
        12.68095
    ],
    "Rattaphum": [
        100.25647,
        7.13478
    ],
    "Rattanaburi": [
        103.84859,
        15.31788
    ],
    "Rat Burana": [
        100.50603,
        13.68219
    ],
    "Rasi Salai": [
        104.15476,
        15.34466
    ],
    "Ranot": [
        100.32134,
        7.77768
    ],
    "Ra-ngae": [
        101.72844,
        6.29678
    ],
    "Raman": [
        101.42414,
        6.47862
    ],
    "Pueai Noi": [
        102.90767,
        15.86978
    ],
    "Pua": [
        100.91622,
        19.17503
    ],
    "Prathai": [
        102.72283,
        15.5332
    ],
    "Prasat": [
        103.40447,
        14.64039
    ],
    "Prang Ku": [
        104.03981,
        14.85672
    ],
    "Pakham": [
        102.72558,
        14.43817
    ],
    "Prachin Buri": [
        101.36864,
        14.04992
    ],
    "Prachantakham": [
        101.51503,
        14.06442
    ],
    "Pong Nam Ron": [
        102.26225,
        12.90575
    ],
    "Pong": [
        100.27522,
        19.14931
    ],
    "Pom Prap Sattru Phai": [
        100.51325,
        13.75822
    ],
    "Pluak Daeng": [
        101.21463,
        12.97122
    ],
    "Pla Pak": [
        104.52606,
        17.18064
    ],
    "Plaeng Yao": [
        101.28403,
        13.58467
    ],
    "Phu Wiang": [
        102.37555,
        16.65259
    ],
    "Phutthaisong": [
        103.02467,
        15.54783
    ],
    "Phu Ruea": [
        101.36231,
        17.4538
    ],
    "Phu Pha Man": [
        101.90447,
        16.64422
    ],
    "Phu Luang": [
        101.66392,
        17.1392
    ],
    "Phu Kradueng": [
        101.88467,
        16.88425
    ],
    "Phu Khiao": [
        102.12853,
        16.3765
    ],
    "Phrom Phiram": [
        100.2019,
        17.03352
    ],
    "Phrom Buri": [
        100.45325,
        14.79086
    ],
    "Phra Yuen": [
        102.64889,
        16.32378
    ],
    "Phra Pradaeng": [
        100.53362,
        13.65854
    ],
    "Phra Phutthabat": [
        100.79536,
        14.72526
    ],
    "Phra Nakhon Si Ayutthaya": [
        100.57739,
        14.35167
    ],
    "Phra Khanong": [
        100.60157,
        13.70185
    ],
    "Phrai Bueng": [
        104.36261,
        14.74833
    ],
    "Phrae": [
        100.14103,
        18.14589
    ],
    "Pho Thong": [
        100.40878,
        14.66731
    ],
    "Pho Thale": [
        100.26089,
        16.0927
    ],
    "Pho Sai": [
        105.26064,
        15.82586
    ],
    "Phon Sai": [
        103.99642,
        15.48797
    ],
    "Phon Phisai": [
        103.07664,
        18.02106
    ],
    "Phon Charoen": [
        103.70996,
        18.03143
    ],
    "Phon": [
        102.59981,
        15.816
    ],
    "Pho Chai": [
        103.76994,
        16.32336
    ],
    "Phitsanulok": [
        100.25858,
        16.82481
    ],
    "Phimai": [
        102.49472,
        15.22324
    ],
    "Phichit": [
        100.34879,
        16.44184
    ],
    "Phichai": [
        100.0867,
        17.28764
    ],
    "Phibun Mangsahan": [
        105.22908,
        15.24467
    ],
    "Phetchabun": [
        101.16056,
        16.41904
    ],
    "Phen": [
        102.90689,
        17.69614
    ],
    "Phayuha Khiri": [
        100.13533,
        15.45525
    ],
    "Phayakkhaphum Phisai": [
        103.19367,
        15.51631
    ],
    "Phatthalung": [
        100.07792,
        7.61786
    ],
    "Phasi Charoen": [
        100.43691,
        13.71466
    ],
    "Phan Thong": [
        101.09532,
        13.46804
    ],
    "Phanom Sarakham": [
        101.3553,
        13.74787
    ],
    "Phanom Phrai": [
        104.11025,
        15.67783
    ],
    "Phanna Nikhom": [
        103.85032,
        17.35245
    ],
    "Phang Khon": [
        103.71692,
        17.3905
    ],
    "Phanat Nikhom": [
        101.18445,
        13.44581
    ],
    "Phana": [
        104.84603,
        15.68231
    ],
    "Phak Hai": [
        100.36989,
        14.45736
    ],
    "Phai Sali": [
        100.64937,
        15.60002
    ],
    "Phachi": [
        100.72833,
        14.44914
    ],
    "Pa Bon": [
        100.17036,
        7.26942
    ],
    "Phaya Mengrai": [
        100.15358,
        19.84922
    ],
    "Pattani": [
        101.25009,
        6.86814
    ],
    "Pa Tio": [
        104.38644,
        15.83156
    ],
    "Pathum Thani": [
        100.53049,
        14.01346
    ],
    "Pathum Rat": [
        103.34325,
        15.6345
    ],
    "Panare": [
        101.49103,
        6.86192
    ],
    "Pa Mok": [
        100.44847,
        14.48989
    ],
    "Pak Thong Chai": [
        102.02512,
        14.7226
    ],
    "Pak Phli": [
        101.26886,
        14.16308
    ],
    "Pak Phayun": [
        100.31747,
        7.34219
    ],
    "Pak Phanang": [
        100.20195,
        8.35109
    ],
    "Pak Kret": [
        100.49883,
        13.91301
    ],
    "Pak Khat": [
        103.30441,
        18.30556
    ],
    "Pak Chong": [
        101.41614,
        14.70802
    ],
    "Pa Daet": [
        99.99242,
        19.50489
    ],
    "Ongkharak": [
        101.00364,
        14.12117
    ],
    "Non Thai": [
        102.07145,
        15.1958
    ],
    "Mueang Nonthaburi": [
        100.51477,
        13.86075
    ],
    "Non Sung": [
        102.25694,
        15.18014
    ],
    "Non Sang": [
        102.56642,
        16.8687
    ],
    "Non Sa-at": [
        102.8937,
        16.97914
    ],
    "Non Kho": [
        104.72522,
        14.91666
    ],
    "Nong Yai": [
        101.37226,
        13.15515
    ],
    "Nong Sung": [
        104.34712,
        16.48299
    ],
    "Nong Suea": [
        100.82503,
        14.13478
    ],
    "Nong Saeng": [
        100.78431,
        14.49208
    ],
    "Nong Ruea": [
        102.43339,
        16.49333
    ],
    "Nong Phok": [
        104.20247,
        16.31006
    ],
    "Nong Phai": [
        101.06183,
        15.99025
    ],
    "Nong Ki": [
        102.538,
        14.68679
    ],
    "Nong Khai": [
        102.742,
        17.87847
    ],
    "Nong Khaem": [
        100.34923,
        13.70528
    ],
    "Nong Khae": [
        100.86733,
        14.34062
    ],
    "Nong Hong": [
        102.68401,
        14.84782
    ],
    "Nong Han": [
        103.10533,
        17.36083
    ],
    "Nong Chok": [
        100.86216,
        13.85585
    ],
    "Nong Chik": [
        101.17803,
        6.84356
    ],
    "Nong Bun Nak": [
        102.36564,
        14.73947
    ],
    "Nong Bua Rawe": [
        101.76396,
        15.75314
    ],
    "Nong Bua Lamphu": [
        102.44068,
        17.20406
    ],
    "Nong Bua Daeng": [
        101.80231,
        16.08256
    ],
    "Nong Bua": [
        100.58581,
        15.86458
    ],
    "Noen Maprang": [
        100.63333,
        16.56667
    ],
    "Nikhom Nam Un": [
        103.71842,
        17.18314
    ],
    "Nikhom Kham Soi": [
        104.55147,
        16.37167
    ],
    "Na Wa": [
        104.10056,
        17.4897
    ],
    "Na Thawi": [
        100.69139,
        6.74192
    ],
    "Narathiwat": [
        101.82308,
        6.42639
    ],
    "Na Pho": [
        102.95462,
        15.64113
    ],
    "Na Noi": [
        100.71417,
        18.32639
    ],
    "Nang Rong": [
        102.79138,
        14.6377
    ],
    "Nan": [
        100.77899,
        18.78378
    ],
    "Na Muen": [
        100.65847,
        18.19
    ],
    "Nam Som": [
        102.18947,
        17.77036
    ],
    "Nam Phong": [
        102.8557,
        16.70228
    ],
    "Nam Pat": [
        100.68433,
        17.72806
    ],
    "Na Mon": [
        103.78711,
        16.57653
    ],
    "Nam Nao": [
        101.66917,
        16.76753
    ],
    "Nam Kliang": [
        104.51303,
        14.92731
    ],
    "Nakhon Thai": [
        100.83739,
        17.10056
    ],
    "Nakhon Sawan": [
        100.13717,
        15.70472
    ],
    "Nakhon Ratchasima": [
        102.10196,
        14.97066
    ],
    "Nakhon Phanom": [
        104.77856,
        17.41081
    ],
    "Nakhon Pathom": [
        100.04427,
        13.8196
    ],
    "Nakhon Nayok": [
        101.21295,
        14.20463
    ],
    "Nakhon Luang": [
        100.60832,
        14.46281
    ],
    "Nakhon Chai Si": [
        100.18451,
        13.80126
    ],
    "Na Kae": [
        104.50081,
        16.94644
    ],
    "Na Chueak": [
        103.03111,
        15.79911
    ],
    "Na Chaluai": [
        105.24478,
        14.52046
    ],
    "Mukdahan": [
        104.72351,
        16.54531
    ],
    "Mueang Suang": [
        103.72884,
        15.82192
    ],
    "Muang Sam Sip": [
        104.72565,
        15.51307
    ],
    "Min Buri": [
        100.73135,
        13.81407
    ],
    "Moeiwadi": [
        104.1572,
        16.38944
    ],
    "Mayo": [
        101.40983,
        6.71864
    ],
    "Manorom": [
        100.08283,
        15.30997
    ],
    "Mancha Khiri": [
        102.53712,
        16.13048
    ],
    "Makham": [
        102.19575,
        12.67292
    ],
    "Mai Kaen": [
        101.66686,
        6.60975
    ],
    "Maha Sarakham": [
        103.30067,
        16.18483
    ],
    "Maha Rat": [
        100.52672,
        14.53367
    ],
    "Maha Chana Chai": [
        104.23847,
        15.52935
    ],
    "Mae Charim": [
        101.0057,
        18.70614
    ],
    "Lop Buri": [
        100.65397,
        14.79808
    ],
    "Lom Sak": [
        101.24225,
        16.77983
    ],
    "Lom Kao": [
        101.22894,
        16.88614
    ],
    "Loeng Nok Tha": [
        104.55528,
        16.2075
    ],
    "Loei": [
        101.72749,
        17.49052
    ],
    "Lat Lum Kaeo": [
        100.40486,
        14.03728
    ],
    "Lat Bua Luang": [
        100.30789,
        14.16572
    ],
    "Lap Lae": [
        100.03892,
        17.65211
    ],
    "Lam Plai Mat": [
        102.83894,
        15.0252
    ],
    "Lam Luk Ka": [
        100.74937,
        13.93226
    ],
    "Lamduan": [
        103.66934,
        14.72205
    ],
    "Ban Laharn Sai": [
        102.85936,
        14.41142
    ],
    "Laem Sing": [
        102.07375,
        12.48164
    ],
    "Laem Ngop": [
        102.39489,
        12.1717
    ],
    "Kut Khaopun": [
        104.99814,
        15.79267
    ],
    "Kut Chum": [
        104.33936,
        16.03289
    ],
    "Kut Chap": [
        102.56692,
        17.4257
    ],
    "Kut Bak": [
        103.81875,
        17.08882
    ],
    "Kusuman": [
        104.33147,
        17.33259
    ],
    "Kumphawapi": [
        103.01487,
        17.10875
    ],
    "Kuchinarai": [
        104.05004,
        16.541
    ],
    "Bangkok": [
        100.50144,
        13.75398
    ],
    "Krok Phra": [
        100.07153,
        15.55589
    ],
    "Krathum Baen": [
        100.25972,
        13.6533
    ],
    "Krasang": [
        103.30368,
        14.92375
    ],
    "Krasae Sin": [
        100.32842,
        7.61548
    ],
    "Kranuan": [
        103.07878,
        16.70672
    ],
    "Kosum Phisai": [
        103.06739,
        16.24858
    ],
    "Ko Si Chang": [
        100.80547,
        13.16388
    ],
    "Klaeng": [
        101.64831,
        12.77972
    ],
    "Khun Han": [
        104.42506,
        14.61739
    ],
    "Khu Mueang": [
        103.00167,
        15.27114
    ],
    "Khu Khan": [
        104.19836,
        14.71358
    ],
    "Khuan Niang": [
        100.35355,
        7.19138
    ],
    "Khuan Khanun": [
        100.00931,
        7.7347
    ],
    "Khuan Kalong": [
        100.07148,
        6.84538
    ],
    "Khueang Nai": [
        104.55083,
        15.38989
    ],
    "Khuan Don": [
        100.07778,
        6.78758
    ],
    "Kho Wang": [
        104.35231,
        15.36998
    ],
    "Khon Sawan": [
        102.28103,
        15.93192
    ],
    "Khon San": [
        101.91944,
        16.61286
    ],
    "Khon Kaen": [
        102.833,
        16.44671
    ],
    "Khong Chiam": [
        105.49506,
        15.31856
    ],
    "Khong": [
        102.32862,
        15.44392
    ],
    "Khon Buri": [
        102.24591,
        14.52541
    ],
    "Khok Si Suphan": [
        104.27311,
        17.04358
    ],
    "Khok Samrong": [
        100.72233,
        15.0665
    ],
    "Khok Pho": [
        101.0962,
        6.73064
    ],
    "Khok Charoen": [
        100.8187,
        15.37927
    ],
    "Khlung": [
        102.22142,
        12.45467
    ],
    "Khlong Yai": [
        102.88567,
        11.77644
    ],
    "Khlong San": [
        100.50903,
        13.73086
    ],
    "Khlong Luang": [
        100.64578,
        14.06467
    ],
    "Khlong Hat": [
        102.29823,
        13.45177
    ],
    "Khemarat": [
        105.21836,
        16.04252
    ],
    "Khao Wong": [
        104.0902,
        16.70008
    ],
    "Khao Saming": [
        102.4355,
        12.35353
    ],
    "Khao Chaison": [
        100.13372,
        7.46125
    ],
    "Kham Thale So": [
        101.94789,
        14.96083
    ],
    "Kham Ta Kla": [
        103.75657,
        17.85231
    ],
    "Kham Sakae Saeng": [
        102.17278,
        15.33221
    ],
    "Kham Muang": [
        103.63518,
        16.92902
    ],
    "Kham Khuean Kaeo": [
        104.30861,
        15.65233
    ],
    "Khamcha-i": [
        104.41956,
        16.57764
    ],
    "Kaset Wisai": [
        103.58361,
        15.65558
    ],
    "Kaset Sombun": [
        101.95422,
        16.28053
    ],
    "Kao Liao": [
        100.07914,
        15.85053
    ],
    "Kantharawichai": [
        103.29864,
        16.32719
    ],
    "Kanthararom": [
        104.57343,
        15.10323
    ],
    "Kantharalak": [
        104.64992,
        14.64056
    ],
    "Krong Pi Nang": [
        101.27394,
        6.4112
    ],
    "Su-ngai Padi": [
        101.87959,
        6.0857
    ],
    "Ka Bang": [
        101.05456,
        6.41536
    ],
    "Cho-airong": [
        101.81128,
        6.22553
    ],
    "Kamphaeng Saen": [
        99.98981,
        13.99966
    ],
    "Kamalasai": [
        103.57564,
        16.33839
    ],
    "Kalasin": [
        103.50658,
        16.43281
    ],
    "Kaeng Khoi": [
        100.99758,
        14.58617
    ],
    "Kaeng Khro": [
        102.25808,
        16.10864
    ],
    "Kae Dam": [
        103.38444,
        16.02397
    ],
    "Kabin Buri": [
        101.71769,
        13.95114
    ],
    "In Buri": [
        100.32691,
        15.00787
    ],
    "Hua Taphan": [
        104.4916,
        15.6971
    ],
    "Hua Sai": [
        100.30586,
        8.04408
    ],
    "Huai Thap Than": [
        104.02754,
        15.05333
    ],
    "Huai Thalaeng": [
        102.64746,
        14.99701
    ],
    "Huai Phueng": [
        103.90856,
        16.64633
    ],
    "Huai Mek": [
        103.23547,
        16.58975
    ],
    "Hat Yai": [
        100.47668,
        7.00836
    ],
    "Hankha": [
        100.0147,
        14.98122
    ],
    "Fak Tha": [
        100.88014,
        17.99948
    ],
    "Dusit": [
        100.51977,
        13.7775
    ],
    "Don Tan": [
        104.92,
        16.31697
    ],
    "Dong Luang": [
        104.538,
        16.81589
    ],
    "Don Chedi": [
        100.02097,
        14.63497
    ],
    "Doembang Nangbuat": [
        100.1,
        14.83333
    ],
    "Det Udom": [
        105.07836,
        14.90598
    ],
    "Den Chai": [
        100.05217,
        17.98372
    ],
    "Dan Sai": [
        101.14686,
        17.28011
    ],
    "Dan Khun Thot": [
        101.77138,
        15.2085
    ],
    "Chum Phuang": [
        102.74161,
        15.34861
    ],
    "Chumphon Buri": [
        103.39217,
        15.34862
    ],
    "Chum Phae": [
        102.09924,
        16.5443
    ],
    "Chonnabot": [
        102.62178,
        16.08861
    ],
    "Chon Daen": [
        100.85958,
        16.18953
    ],
    "Chon Buri": [
        100.98345,
        13.3622
    ],
    "Chom Phra": [
        103.60743,
        15.11814
    ],
    "Chok Chai": [
        102.16524,
        14.72844
    ],
    "Chian Yai": [
        100.1447,
        8.16936
    ],
    "Chiang Yuen": [
        103.09768,
        16.41042
    ],
    "Chiang Saen": [
        100.08689,
        20.27511
    ],
    "Chiang Klang": [
        100.8617,
        19.29378
    ],
    "Chiang Khong": [
        100.40461,
        20.26125
    ],
    "Chiang Khan": [
        101.65997,
        17.89382
    ],
    "Chiang Kham": [
        100.3,
        19.52331
    ],
    "Cha-uat": [
        99.99985,
        7.96773
    ],
    "Chaturaphak Phiman": [
        103.5572,
        15.84572
    ],
    "Chatturat": [
        101.84547,
        15.56542
    ],
    "Chat Trakan": [
        100.60022,
        17.27606
    ],
    "Chanuman": [
        105.0005,
        16.23356
    ],
    "Chanthaburi": [
        102.10447,
        12.60961
    ],
    "Chanae": [
        101.69353,
        6.09914
    ],
    "Chana": [
        100.74039,
        6.91542
    ],
    "Chaloem Phra Kiat": [
        102.92475,
        14.55839
    ],
    "Chaiyo": [
        100.46861,
        14.67639
    ],
    "Chaiyaphum": [
        102.02881,
        15.81047
    ],
    "Chaiwan": [
        103.22256,
        17.28597
    ],
    "Chai Nat": [
        100.12353,
        15.18636
    ],
    "Chai Badan": [
        101.13683,
        15.20614
    ],
    "Chachoengsao": [
        101.07156,
        13.6882
    ],
    "Buriram": [
        103.10392,
        14.99433
    ],
    "Buntharik": [
        105.41147,
        14.75639
    ],
    "Bueng Sam Phan": [
        101.00853,
        15.79647
    ],
    "Bueng Khong Long": [
        104.04478,
        17.96681
    ],
    "Bueng Kan": [
        103.65194,
        18.36304
    ],
    "Bua Yai": [
        102.42587,
        15.58552
    ],
    "Bua Chet": [
        103.94567,
        14.52814
    ],
    "Bo Thong": [
        101.44028,
        13.27825
    ],
    "Bo Rai": [
        102.53714,
        12.57283
    ],
    "Borabue": [
        103.11906,
        16.03847
    ],
    "Bo Kluea": [
        101.1556,
        19.15029
    ],
    "Betong": [
        101.07231,
        5.77434
    ],
    "Wang Pong": [
        100.79317,
        16.34147
    ],
    "Wang Muang": [
        101.13436,
        14.84536
    ],
    "Ban Thai Tan": [
        100.48739,
        14.62161
    ],
    "Ban Thaen": [
        102.34239,
        16.40506
    ],
    "Song Khwae": [
        100.70042,
        19.35964
    ],
    "Ban Selaphum": [
        103.95,
        16.01667
    ],
    "Sawang Wirawong": [
        105.0922,
        15.24158
    ],
    "Ban Sang": [
        101.22094,
        13.99503
    ],
    "Ban Sam Chuk": [
        100.1,
        14.73333
    ],
    "Ratchasan": [
        101.28133,
        13.78211
    ],
    "Ban Rangsit": [
        100.75603,
        14.02775
    ],
    "Ban Phue": [
        102.47256,
        17.68742
    ],
    "Ban Phraek": [
        100.57617,
        14.64681
    ],
    "Ban Pho": [
        101.07956,
        13.59864
    ],
    "Phatthaya": [
        100.88333,
        12.93333
    ],
    "Ban Phan Don": [
        102.97261,
        17.14272
    ],
    "Ban Phai": [
        102.73097,
        16.05997
    ],
    "Ban Phaeo": [
        100.10748,
        13.59072
    ],
    "Ban Phaeng": [
        104.21534,
        17.96507
    ],
    "Pak Chom": [
        101.89828,
        18.02061
    ],
    "Nong Muang Khai": [
        100.18967,
        18.26464
    ],
    "Nong Don": [
        100.7094,
        14.68488
    ],
    "Na Yia": [
        105.05994,
        15.06367
    ],
    "Na Yai Am": [
        101.82256,
        12.78153
    ],
    "Na Thom": [
        104.09082,
        17.78491
    ],
    "Ban Nang Sata": [
        101.26461,
        6.26638
    ],
    "Na Khu": [
        104.02626,
        16.76384
    ],
    "Na Haeo": [
        101.06808,
        17.48536
    ],
    "Na Di": [
        101.78189,
        14.11517
    ],
    "Ban Muang": [
        103.56939,
        17.8508
    ],
    "Muak Lek": [
        101.20022,
        14.65287
    ],
    "Ban Mo": [
        100.72731,
        14.61544
    ],
    "Ban Mi": [
        100.53681,
        15.04428
    ],
    "Mae Lan": [
        101.23958,
        6.66114
    ],
    "Chiang Muan": [
        100.30589,
        18.88969
    ],
    "Ban Luang": [
        100.43725,
        18.84969
    ],
    "Ban Lueam": [
        102.12922,
        15.60889
    ],
    "Lao Suea Kok": [
        104.92358,
        15.40661
    ],
    "Ban Lam Luk Ka": [
        100.77776,
        13.97738
    ],
    "Kut Rang": [
        103.00998,
        16.09398
    ],
    "Ban Kruat": [
        103.09974,
        14.42313
    ],
    "Ban Ko Lan": [
        100.78794,
        12.9242
    ],
    "Ban Khwao": [
        101.9072,
        15.77772
    ],
    "Khok Sung": [
        102.62254,
        13.83824
    ],
    "Ban Khok": [
        101.06772,
        18.02614
    ],
    "Khlong Khuean": [
        101.16353,
        13.79131
    ],
    "Khlong Hoi Khong": [
        100.38885,
        6.89865
    ],
    "Khao Chakan": [
        102.08825,
        13.6535
    ],
    "Ban Khai": [
        101.29639,
        12.78261
    ],
    "Kap Choeng": [
        103.59439,
        14.47486
    ],
    "Kapho": [
        101.53426,
        6.55968
    ],
    "Kaeng Sanam Nang": [
        102.25456,
        15.74958
    ],
    "Kaeng Hang Maeo": [
        101.90608,
        13.00825
    ],
    "Bang Yai": [
        100.36251,
        13.84341
    ],
    "Bang Sai": [
        100.49657,
        14.2124
    ],
    "Bang Rakam": [
        100.11742,
        16.75847
    ],
    "Bang Rak": [
        100.52388,
        13.73058
    ],
    "Bang Racham": [
        100.31728,
        14.892
    ],
    "Bang Pla Ma": [
        100.1587,
        14.39604
    ],
    "Bang Pakong": [
        100.99333,
        13.54297
    ],
    "Bang Pa-in": [
        100.57589,
        14.22783
    ],
    "Bang Pahan": [
        100.54478,
        14.46217
    ],
    "Bang Nam Priao": [
        101.05306,
        13.84739
    ],
    "Bang Mun Nak": [
        100.37917,
        16.02781
    ],
    "Bang Len": [
        100.17183,
        14.02188
    ],
    "Bang Lamung": [
        100.92891,
        13.04704
    ],
    "Bang Kruai": [
        100.47283,
        13.805
    ],
    "Bang Krathum": [
        100.30034,
        16.57831
    ],
    "Bangkok Yai": [
        100.476,
        13.72319
    ],
    "Bangkok Noi": [
        100.47798,
        13.76266
    ],
    "Bang Khun Thian": [
        100.43416,
        13.66302
    ],
    "Bang Khla": [
        101.20814,
        13.72144
    ],
    "Bang Khen": [
        100.6255,
        13.87741
    ],
    "Bang Kapi": [
        100.647,
        13.7653
    ],
    "Bang Bua Thong": [
        100.42581,
        13.9102
    ],
    "Bang Bo": [
        100.83533,
        13.57428
    ],
    "Bang Ban": [
        100.48528,
        14.37394
    ],
    "Ban Fang": [
        102.63892,
        16.45331
    ],
    "Ban Dung": [
        103.25957,
        17.699
    ],
    "Don Phut": [
        100.62828,
        14.59175
    ],
    "Ban Chang": [
        101.0553,
        12.72543
    ],
    "Chamni": [
        102.82277,
        14.78629
    ],
    "Chakkarat": [
        102.41289,
        15.01353
    ],
    "Ban Bueng": [
        101.11214,
        13.311
    ],
    "Bueng Na Rang": [
        100.12531,
        16.1712
    ],
    "Ban Talat Bueng": [
        101.00314,
        13.07147
    ],
    "Bang Phlat": [
        100.50447,
        13.79425
    ],
    "Bang Na": [
        100.64206,
        13.66744
    ],
    "Bang Klam": [
        100.41075,
        7.08953
    ],
    "Bang Kaeo": [
        100.17803,
        7.42947
    ],
    "Ban Bang Kadi Pathum Thani": [
        100.54962,
        13.99904
    ],
    "Ban Bang Bo (1)": [
        100.81667,
        13.58333
    ],
    "Lue Amnat": [
        104.64846,
        15.69476
    ],
    "Bamnet Narong": [
        101.68982,
        15.50189
    ],
    "At Samat": [
        103.87839,
        15.84308
    ],
    "Aranyaprathet": [
        102.50128,
        13.69276
    ],
    "Ang Thong": [
        100.45283,
        14.58839
    ],
    "Amnat Charoen": [
        104.62883,
        15.85851
    ],
    "Akat Amnuai": [
        103.9816,
        17.59639
    ],
    "Samrong": [
        104.7842,
        15.00781
    ],
    "Bueng Bun": [
        104.04606,
        15.33044
    ],
    "Song Dao": [
        103.47547,
        17.33628
    ],
    "Thung Yang Daeng": [
        101.4265,
        6.61822
    ],
    "Amphoe Sikhiu": [
        101.70833,
        14.89944
    ],
    "Phanom Dong Rak": [
        103.30508,
        14.44575
    ],
    "Saladan": [
        99.03651,
        7.61342
    ],
    "Wichit": [
        98.38523,
        7.8894
    ],
    "Ko Pha Ngan": [
        100.02914,
        9.75778
    ],
    "Koh Tao": [
        99.83809,
        10.09808
    ],
    "Bang Sue": [
        100.53714,
        13.81003
    ],
    "Don Mueang": [
        100.58994,
        13.91392
    ],
    "Salaya": [
        100.32111,
        13.802
    ],
    "Khlong Toei": [
        100.57159,
        13.71668
    ],
    "Patong Beach": [
        98.29661,
        7.89607
    ],
    "Chun": [
        100.13478,
        19.33694
    ],
    "Thung Chang": [
        100.8762,
        19.38786
    ],
    "Lat Krabang": [
        100.78436,
        13.72341
    ],
    "Bang Khae": [
        100.40691,
        13.69196
    ],
    "Bang Kho Laem": [
        100.5022,
        13.69347
    ],
    "Bueng Kum": [
        100.66958,
        13.78528
    ],
    "Chatuchak": [
        100.55985,
        13.82893
    ],
    "Huai Khwang": [
        100.579,
        13.77678
    ],
    "Khan Na Yao": [
        100.67933,
        13.82609
    ],
    "Khlong Sam Wa": [
        100.73524,
        13.83616
    ],
    "Lak Si": [
        100.5792,
        13.88724
    ],
    "Lat Phrao": [
        100.60749,
        13.80349
    ],
    "Pathum Wan": [
        100.5239,
        13.73648
    ],
    "Phaya Thai": [
        100.54275,
        13.78005
    ],
    "Ratchathewi": [
        100.53358,
        13.759
    ],
    "Sai Mai": [
        100.64552,
        13.92068
    ],
    "Saphan Sung": [
        100.68531,
        13.77019
    ],
    "Sathon": [
        100.52619,
        13.7085
    ],
    "Suan Luang": [
        100.65138,
        13.73028
    ],
    "Thawi Watthana": [
        100.33334,
        13.78851
    ],
    "Thung Khru": [
        100.50964,
        13.62875
    ],
    "Wang Thonglang": [
        100.61165,
        13.78546
    ],
    "Watthana": [
        100.58536,
        13.72978
    ],
    "Sop Pong": [
        98.26042,
        19.51881
    ],
    "Ban Chalong": [
        98.33897,
        7.84468
    ],
    "Ban Ratsada": [
        98.40248,
        7.90963
    ],
    "Mueang Phuket": [
        98.36437,
        7.86338
    ],
    "Bang Sao Thong": [
        100.83042,
        13.595
    ],
    "Ko Chang Tai": [
        102.37267,
        12.00171
    ],
    "Pa Pae": [
        98.04903,
        18.2569
    ],
    "Nai Harn": [
        98.30661,
        7.77859
    ],
    "Mae Fa Luang": [
        99.79846,
        20.26628
    ],
    "Wiang Chiang Rung": [
        100.05639,
        20.01328
    ],
    "Wiang Kaen": [
        100.51331,
        20.11297
    ],
    "Khun Tan": [
        100.25858,
        19.83353
    ],
    "Mae Lao": [
        99.69967,
        19.79003
    ],
    "Suk Samran": [
        98.42903,
        9.34458
    ],
    "Ban Takhun": [
        98.8845,
        8.90364
    ],
    "Wiphawadi": [
        98.97861,
        9.23894
    ],
    "Wiang Nong Long": [
        98.74967,
        18.42043
    ],
    "Mae Poen": [
        99.46981,
        15.65789
    ],
    "Pang Sila Thong": [
        99.48906,
        16.09631
    ],
    "Kosamphi Nakhon": [
        99.34975,
        16.63131
    ],
    "Ban Thi": [
        99.11661,
        18.63186
    ],
    "Manang": [
        99.92161,
        6.99933
    ],
    "Ratsada": [
        99.63353,
        7.97467
    ],
    "Phra Phrom": [
        99.90092,
        8.33911
    ],
    "Chulabhorn": [
        99.86947,
        8.07597
    ],
    "Chang Klang": [
        99.56249,
        8.37094
    ],
    "Nong Yasai": [
        99.91073,
        14.77988
    ],
    "Chum Ta Bong": [
        99.55231,
        15.63194
    ],
    "Mae Wong": [
        99.51864,
        15.78164
    ],
    "Bueng Samakkhi": [
        99.97525,
        16.18728
    ],
    "Phu Kam Yao": [
        99.97011,
        19.2705
    ],
    "Khai Bang Rachan": [
        100.31022,
        14.79983
    ],
    "Sawaengha": [
        100.32481,
        14.75186
    ],
    "Doem Bang Nang Buat": [
        100.09772,
        14.85428
    ],
    "Chumsaeng": [
        100.30795,
        15.89152
    ],
    "Wachira Barami": [
        100.14464,
        16.52314
    ],
    "Thong Saen Khan": [
        100.33146,
        17.47065
    ],
    "Laplae": [
        100.03892,
        17.65211
    ],
    "Santi Suk": [
        100.9417,
        18.9137
    ],
    "Phu Phiang": [
        100.80031,
        18.73803
    ],
    "Nikhom Phattana": [
        101.20273,
        12.82736
    ],
    "Ko Chan": [
        101.33458,
        13.41658
    ],
    "Si Mahosot": [
        101.40501,
        13.8878
    ],
    "Phakdi Chumphon": [
        101.42228,
        15.90517
    ],
    "Khao Chamao": [
        101.68511,
        12.97586
    ],
    "Tha Takiap": [
        101.61133,
        13.44547
    ],
    "Wang Nam Khiao": [
        101.86113,
        14.41801
    ],
    "Prachamtakham": [
        101.51503,
        14.06442
    ],
    "Sap Yai": [
        101.61671,
        15.63739
    ],
    "Erawan": [
        101.95382,
        17.30181
    ],
    "Khao Khitchakut": [
        102.11514,
        12.80481
    ],
    "Soi Dao": [
        102.21402,
        13.12894
    ],
    "Wang Sombun": [
        102.19105,
        13.36176
    ],
    "Noen Sa-nga": [
        102.00128,
        15.56428
    ],
    "Khok Pho Chai": [
        102.399,
        16.08375
    ],
    "Na Wang": [
        102.0783,
        17.32444
    ],
    "Suwanna Khuha": [
        102.27989,
        17.56292
    ],
    "Non Din Daeng": [
        102.74814,
        14.31353
    ],
    "Pa Kham": [
        102.72558,
        14.43817
    ],
    "Lam Thamen Chai": [
        102.91803,
        15.3535
    ],
    "Non Daeng": [
        102.54025,
        15.41061
    ],
    "Ban Mai Chaiyaphot": [
        102.83331,
        15.57361
    ],
    "Non Sila": [
        102.66983,
        15.97439
    ],
    "Ubonratana": [
        102.63244,
        16.7527
    ],
    "Ban Na Muang": [
        103.00892,
        17.23824
    ],
    "Sa Khrai": [
        102.7507,
        17.67544
    ],
    "Phlapphla Chai": [
        103.16728,
        14.73011
    ],
    "Si Somdet": [
        103.48789,
        15.99797
    ],
    "Khong Chai": [
        103.45828,
        16.26025
    ],
    "Chuen Chom": [
        103.17661,
        16.55488
    ],
    "Sam Sung": [
        103.07992,
        16.5432
    ],
    "Ku Kaeo": [
        103.15303,
        17.17214
    ],
    "Phibun Rak": [
        103.05794,
        17.55312
    ],
    "Pakkhat": [
        103.30689,
        18.29789
    ],
    "Phonphisai": [
        103.07664,
        18.02106
    ],
    "Si Narong": [
        103.87392,
        14.76736
    ],
    "Non Narai": [
        103.91333,
        15.23764
    ],
    "Khwao Sinarin": [
        103.59154,
        15.00244
    ],
    "Thung Khao Luang": [
        103.86264,
        15.99397
    ],
    "Chiang Khwan": [
        103.75359,
        16.16328
    ],
    "Changhan": [
        103.60388,
        16.13872
    ],
    "Don Chan": [
        103.69558,
        16.45711
    ],
    "Phu Phan": [
        103.97347,
        16.99891
    ],
    "Si Wilai": [
        103.74793,
        18.18188
    ],
    "Phu Sing": [
        104.13167,
        14.54744
    ],
    "Pho Si Suwan": [
        104.0767,
        15.22929
    ],
    "Sila Lat": [
        104.07153,
        15.47156
    ],
    "Thai Charoen": [
        104.44018,
        16.06645
    ],
    "Phon Na Kaeo": [
        104.28994,
        17.22122
    ],
    "Wang Yang": [
        104.45332,
        17.05752
    ],
    "Nathom": [
        104.09072,
        17.78536
    ],
    "Thung Si Udom": [
        104.90897,
        14.73303
    ],
    "Nam Khun": [
        104.92481,
        14.58386
    ],
    "Benchalak": [
        104.67017,
        14.79583
    ],
    "Pathum Ratchawongsa": [
        104.90563,
        15.89224
    ],
    "Don Mot Daeng": [
        105.02786,
        15.37903
    ],
    "Mae Wang": [
        98.77292,
        18.61604
    ],
    "Khao Kho": [
        101.02208,
        16.65791
    ],
    "Phra Thong Kham": [
        102.02024,
        15.26686
    ],
    "Wiang Kao": [
        102.28511,
        16.68247
    ],
    "Khaen Dong": [
        103.13343,
        15.32476
    ],
    "Sirindhorn": [
        105.39222,
        15.20084
    ],
    "Sida": [
        102.56675,
        15.54994
    ],
    "Srinagarindra": [
        99.94353,
        7.56991
    ],
    "Sam Chai": [
        103.54106,
        16.86322
    ],
    "Dong Charoen": [
        100.66286,
        16.02058
    ],
    "Chaem Luang": [
        98.28767,
        19.03193
    ],
    "Rattanawapi": [
        103.17967,
        18.21365
    ],
    "Hat Samran": [
        99.57621,
        7.24034
    ],
    "Bung Khla": [
        103.97418,
        18.30232
    ],
    "Chai Prakan": [
        99.13997,
        19.73136
    ],
    "Doi Luang": [
        100.0992,
        20.11783
    ],
    "Mae On": [
        99.24861,
        18.77681
    ],
    "Sop Moei": [
        97.93288,
        17.96209
    ],
    "Bua Lai": [
        102.49881,
        15.66548
    ],
    "Phra Samut Chedi": [
        100.5721,
        13.60222
    ],
    "Singhanakhon": [
        100.55272,
        7.23903
    ],
    "Phu Sang": [
        100.32444,
        19.59903
    ],
    "Mae Hi": [
        98.45023,
        19.34286
    ],
    "Pa Phayom": [
        99.91773,
        7.84031
    ],
    "Na Yong": [
        99.69483,
        7.56167
    ],
    "Pho Tak": [
        102.40406,
        17.87486
    ],
    "Ko Kut": [
        102.54197,
        11.65856
    ],
    "Bang Bon": [
        100.39567,
        13.66185
    ],
    "Din Daeng": [
        100.55299,
        13.76994
    ]
}