{
    "Zanzibar": [
        39.19793,
        -6.16394
    ],
    "Wete": [
        39.72938,
        -5.05589
    ],
    "Vwawa": [
        32.93333,
        -9.11667
    ],
    "Vikindu": [
        39.29849,
        -7.00667
    ],
    "Uyovu": [
        31.52583,
        -3.28333
    ],
    "Uwelini": [
        39.68333,
        -5.4
    ],
    "Uvinza": [
        30.39111,
        -5.10361
    ],
    "Utete": [
        38.75795,
        -7.98598
    ],
    "Usoke": [
        32.35,
        -5.16667
    ],
    "Ushirombo": [
        31.96389,
        -3.49194
    ],
    "Usevia": [
        31.23333,
        -7.1
    ],
    "Usagara": [
        33,
        -2.68333
    ],
    "Usa River": [
        36.85,
        -3.36667
    ],
    "Urambo": [
        32.05,
        -5.06667
    ],
    "Ulenje": [
        33.68333,
        -8.93333
    ],
    "Tunduma": [
        32.76667,
        -9.3
    ],
    "Tumbi": [
        32.73333,
        -5.06667
    ],
    "Tukuyu": [
        33.65,
        -9.25
    ],
    "Tinde": [
        33.2,
        -3.88333
    ],
    "Tarime": [
        34.36667,
        -1.35
    ],
    "Tanga": [
        39.09875,
        -5.06893
    ],
    "Tabora": [
        32.82663,
        -5.01622
    ],
    "Sumbawanga": [
        31.61667,
        -7.96667
    ],
    "Soni": [
        38.36667,
        -4.85
    ],
    "Songwa": [
        33.51667,
        -3.51667
    ],
    "Somanda": [
        33.95,
        -3.36667
    ],
    "Sokoni": [
        39.55,
        -6.43333
    ],
    "Sirari": [
        34.43333,
        -1.23333
    ],
    "Singida": [
        34.74358,
        -4.81629
    ],
    "Sikonge": [
        32.76667,
        -5.63333
    ],
    "Shinyanga": [
        33.42118,
        -3.66393
    ],
    "Shelui": [
        34.2,
        -4.36667
    ],
    "Sepuka": [
        34.53333,
        -4.75
    ],
    "Same": [
        37.73333,
        -4.06667
    ],
    "Rulenge": [
        30.6325,
        -2.7175
    ],
    "Rujewa": [
        34.38333,
        -8.7
    ],
    "Puma": [
        34.73333,
        -5
    ],
    "Poli": [
        36.8,
        -3.33333
    ],
    "Pangani": [
        38.96667,
        -5.43333
    ],
    "Old Shinyanga": [
        33.4,
        -3.55
    ],
    "Nzega": [
        33.18333,
        -4.21667
    ],
    "Nyanguge": [
        33.2,
        -2.55
    ],
    "Nyamuswa": [
        34.01667,
        -1.9
    ],
    "Nyalikungu": [
        33.78333,
        -3.18333
    ],
    "Nyakahanga": [
        31.14139,
        -1.60333
    ],
    "Nyakabindi": [
        33.98333,
        -2.63333
    ],
    "Nsunga": [
        31.39472,
        -1.14389
    ],
    "Nshamba": [
        31.55111,
        -1.79833
    ],
    "Nkove": [
        30.85,
        -7.95
    ],
    "Nkoaranga": [
        36.8,
        -3.33333
    ],
    "Njombe": [
        34.76667,
        -9.33333
    ],
    "Nguruka": [
        31.04194,
        -5.10917
    ],
    "Ngudu": [
        33.33333,
        -2.96667
    ],
    "Ngorongoro": [
        35.48747,
        -3.23973
    ],
    "Ngerengere": [
        38.11667,
        -6.75
    ],
    "Ngara": [
        30.65583,
        -2.51222
    ],
    "Nganane": [
        39.55,
        -6.4
    ],
    "Ndungu": [
        38.05,
        -4.36667
    ],
    "Ndago": [
        34.35,
        -4.6
    ],
    "Nansio": [
        33.05,
        -2.13333
    ],
    "Nangwa": [
        35.45,
        -4.46667
    ],
    "Namanyere": [
        31.05,
        -7.51667
    ],
    "Namanga": [
        36.78377,
        -2.55116
    ],
    "Nakatunguru": [
        33.06667,
        -2.11667
    ],
    "Naberera": [
        36.93333,
        -4.2
    ],
    "Mwembe": [
        37.85,
        -4.15
    ],
    "Mwaya": [
        33.95,
        -9.55
    ],
    "Mwanza": [
        32.9,
        -2.51667
    ],
    "Mwanga": [
        38.2,
        -4.8
    ],
    "Mwadui": [
        33.6,
        -3.55
    ],
    "Mvomero": [
        38.66667,
        -6.25
    ],
    "Musoma": [
        33.8,
        -1.5
    ],
    "Muriti": [
        32.91667,
        -1.98333
    ],
    "Mungaa": [
        34.88333,
        -4.96667
    ],
    "Muleba": [
        31.65444,
        -1.83972
    ],
    "Muheza": [
        38.78333,
        -5.16667
    ],
    "Mugumu": [
        34.7,
        -1.85
    ],
    "Mugango": [
        33.7,
        -1.68333
    ],
    "Mtwango": [
        34.8,
        -9.01667
    ],
    "Mto wa Mbu": [
        35.85,
        -3.35
    ],
    "Mtinko": [
        34.85,
        -4.55
    ],
    "Mtimbira": [
        36.35,
        -8.78333
    ],
    "Mtambile": [
        39.7,
        -5.38333
    ],
    "Msowero": [
        37.2,
        -6.53333
    ],
    "Msanga": [
        36.03333,
        -6.05
    ],
    "Mpwapwa": [
        36.48333,
        -6.35
    ],
    "Mpanda": [
        31.06951,
        -6.34379
    ],
    "Moshi": [
        37.33333,
        -3.35
    ],
    "Morogoro": [
        37.66122,
        -6.82102
    ],
    "Monduli": [
        36.45,
        -3.3
    ],
    "Mlowo": [
        32.98333,
        -9
    ],
    "Mlimba": [
        35.81667,
        -8.8
    ],
    "Mlangali": [
        34.51667,
        -9.78333
    ],
    "Mlandizi": [
        38.73333,
        -6.7
    ],
    "Mlalo": [
        38.93333,
        -4.93333
    ],
    "Mkuranga": [
        39.20782,
        -7.11799
    ],
    "Mkokotoni": [
        39.25467,
        -5.87671
    ],
    "Mwandiga": [
        29.65806,
        -4.83
    ],
    "Misungwi": [
        33.08333,
        -2.85
    ],
    "Misasi": [
        33.08333,
        -3
    ],
    "Mikumi": [
        36.98309,
        -7.40409
    ],
    "Micheweni": [
        39.83333,
        -4.96667
    ],
    "Mhango": [
        32.85,
        -3.28333
    ],
    "Mgandu": [
        34.13333,
        -5.95
    ],
    "Mbumi": [
        39.21047,
        -7.90577
    ],
    "Mbulu": [
        35.53333,
        -3.85
    ],
    "Mbuguni": [
        36.95,
        -3.56667
    ],
    "Mbeya": [
        33.45,
        -8.9
    ],
    "Mazinde": [
        38.21667,
        -4.8
    ],
    "Matui": [
        38.25,
        -4.8
    ],
    "Matonga": [
        34.08333,
        -2.38333
    ],
    "Matamba": [
        33.96667,
        -8.98333
    ],
    "Matai": [
        31.51667,
        -8.3
    ],
    "Maswa": [
        33.98333,
        -2.68333
    ],
    "Masumbwe": [
        32.18333,
        -3.63333
    ],
    "Masoko": [
        33.75,
        -9.33333
    ],
    "Maramba": [
        38.61667,
        -5.05
    ],
    "Maneromango": [
        38.78478,
        -7.1988
    ],
    "Malya": [
        33.51667,
        -2.98333
    ],
    "Malinyi": [
        36.13333,
        -8.93333
    ],
    "Malangali": [
        34.85,
        -8.56667
    ],
    "Malampaka": [
        33.53333,
        -3.13333
    ],
    "Makuyuni": [
        38.1,
        -4.73333
    ],
    "Makungu": [
        35.28333,
        -8.73333
    ],
    "Makumbako": [
        34.83333,
        -8.85
    ],
    "Makanya": [
        37.83333,
        -4.36667
    ],
    "Majengo": [
        38.98333,
        -5.15
    ],
    "Mahonda": [
        39.46667,
        -6.45
    ],
    "Mahenge": [
        36.71667,
        -8.68333
    ],
    "Mahanje": [
        35.33333,
        -9.93333
    ],
    "Kihangara": [
        33.35,
        -2.58333
    ],
    "Magugu": [
        35.76667,
        -4.01667
    ],
    "Magomeni": [
        38.11667,
        -5.23333
    ],
    "Magole": [
        37.36667,
        -6.36667
    ],
    "Mafinga": [
        35.06667,
        -7.25
    ],
    "Mabamba": [
        30.50194,
        -3.59833
    ],
    "Mabama": [
        32.53333,
        -5.13333
    ],
    "Lushoto": [
        38.28333,
        -4.78333
    ],
    "Lupiro": [
        36.66667,
        -8.38333
    ],
    "Lugoba": [
        38.33333,
        -6.45
    ],
    "Longido": [
        36.68333,
        -2.73333
    ],
    "Liwale": [
        37.93333,
        -9.76667
    ],
    "Lembeni": [
        37.61667,
        -3.78333
    ],
    "Lalago": [
        33.95,
        -3.45
    ],
    "Laela": [
        32.05,
        -8.56667
    ],
    "Kyela": [
        33.85,
        -9.58333
    ],
    "Kyaka": [
        31.42028,
        -1.25222
    ],
    "Kwakoa": [
        37.71667,
        -3.76667
    ],
    "Kongwa": [
        36.41667,
        -6.2
    ],
    "Kondoa": [
        35.78333,
        -4.9
    ],
    "Konde": [
        39.75,
        -4.95
    ],
    "Koani Ndogo": [
        39.28333,
        -6.13333
    ],
    "Koani": [
        39.28333,
        -6.13333
    ],
    "Kiwira": [
        33.53333,
        -9.16667
    ],
    "Kiwengwa": [
        39.3768,
        -5.98957
    ],
    "Kisiwani": [
        37.95,
        -4.13333
    ],
    "Kishapu": [
        33.86667,
        -3.61667
    ],
    "Kisesa": [
        34.15,
        -3.08333
    ],
    "Kisarawe": [
        39.06667,
        -6.9
    ],
    "Kisanga": [
        37.70337,
        -7.43622
    ],
    "Kirya": [
        37.48333,
        -3.91667
    ],
    "Kirando": [
        30.6,
        -7.41667
    ],
    "Kiomboi": [
        34.36667,
        -4.26667
    ],
    "Kintinku": [
        35.23333,
        -5.88333
    ],
    "Kingori": [
        36.98333,
        -3.28333
    ],
    "Kimamba": [
        37.13333,
        -6.78333
    ],
    "Kilosa": [
        36.98333,
        -6.83333
    ],
    "Kilindoni": [
        39.66204,
        -7.91446
    ],
    "Kilimatinde": [
        34.95,
        -5.85
    ],
    "Kijini": [
        39.31667,
        -5.85
    ],
    "Kihurio": [
        38.06667,
        -4.46667
    ],
    "Kigoma": [
        29.62667,
        -4.87694
    ],
    "Kidodi": [
        37.00438,
        -7.60361
    ],
    "Kidatu": [
        36.95722,
        -7.69916
    ],
    "Kibondo": [
        30.72028,
        -3.58639
    ],
    "Kibiti": [
        38.93749,
        -7.72178
    ],
    "Kibaya": [
        36.56667,
        -5.3
    ],
    "Kibara": [
        33.45,
        -2.15
    ],
    "Kibakwe": [
        36.36667,
        -6.71667
    ],
    "Kibaha": [
        38.91667,
        -6.76667
    ],
    "Katumba": [
        33.61667,
        -9.23333
    ],
    "Katoro": [
        31.50028,
        -1.39972
    ],
    "Katesh": [
        35.3849,
        -4.52483
    ],
    "Katerero": [
        31.73333,
        -1.4
    ],
    "Kasulu": [
        30.1025,
        -4.57667
    ],
    "Kasamwa": [
        32.43333,
        -2.85
    ],
    "Karema": [
        30.43887,
        -6.82052
    ],
    "Kiratu": [
        35.66667,
        -3.33333
    ],
    "Kandete": [
        33.8,
        -9.15
    ],
    "Kamachumu": [
        31.62,
        -1.61861
    ],
    "Kaliua": [
        31.79361,
        -5.06056
    ],
    "Kakonko": [
        30.96417,
        -3.28278
    ],
    "Kahama": [
        32.6,
        -3.83333
    ],
    "Kabanga": [
        30.46778,
        -2.63861
    ],
    "Izazi": [
        35.73333,
        -7.2
    ],
    "Itumba": [
        33.18333,
        -9.4
    ],
    "Itigi": [
        34.48333,
        -5.7
    ],
    "Issenye": [
        34.33333,
        -2
    ],
    "Isaka": [
        32.93333,
        -3.9
    ],
    "Iringa": [
        35.7,
        -7.76667
    ],
    "Ipinda": [
        33.9,
        -9.48333
    ],
    "Inyonga": [
        32.06667,
        -6.71667
    ],
    "Ilula": [
        36.03658,
        -7.6766
    ],
    "Ilongero": [
        34.86667,
        -4.66667
    ],
    "Ilembula": [
        34.58333,
        -8.9
    ],
    "Ilembo": [
        33.38333,
        -9.25
    ],
    "Ikwiriri": [
        38.97164,
        -7.95618
    ],
    "Ikungi": [
        34.76667,
        -5.13333
    ],
    "Igurusi": [
        33.85,
        -8.85
    ],
    "Igurubi": [
        33.7,
        -4
    ],
    "Igunga": [
        33.88333,
        -4.28333
    ],
    "Igugunu": [
        34.63333,
        -4.56667
    ],
    "Ifakara": [
        36.68333,
        -8.13333
    ],
    "Hedaru": [
        37.9,
        -4.5
    ],
    "Geita": [
        32.16667,
        -2.86667
    ],
    "Geiro": [
        36.86667,
        -6.15
    ],
    "Gamba": [
        39.3,
        -5.9
    ],
    "Galappo": [
        35.85,
        -4.26667
    ],
    "Endasak": [
        35.51667,
        -4.41667
    ],
    "Dunda": [
        34.25,
        -8.11667
    ],
    "Dongobesh": [
        35.38333,
        -4.06667
    ],
    "Dodoma": [
        35.73947,
        -6.17221
    ],
    "Dar es Salaam": [
        39.26951,
        -6.82349
    ],
    "Dareda": [
        35.55,
        -4.21667
    ],
    "Chimala": [
        34.01667,
        -8.85
    ],
    "Chato": [
        31.76694,
        -2.63778
    ],
    "Chanika": [
        38.01667,
        -5.41667
    ],
    "Chalinze": [
        38.35396,
        -6.63784
    ],
    "Chala": [
        31.26667,
        -7.58333
    ],
    "Chake Chake": [
        39.76659,
        -5.24586
    ],
    "Butiama": [
        33.96667,
        -1.76667
    ],
    "Buseresere": [
        31.87472,
        -3.02361
    ],
    "Bungu": [
        39.05818,
        -7.63369
    ],
    "Bunda": [
        33.86667,
        -2.05
    ],
    "Bukonyo": [
        32.93333,
        -1.95
    ],
    "Bukoba": [
        31.81222,
        -1.33167
    ],
    "Bukene": [
        32.88333,
        -4.23333
    ],
    "Bugene": [
        31.14028,
        -1.59111
    ],
    "Bugarama": [
        30.52806,
        -2.87056
    ],
    "Biharamulo": [
        31.30889,
        -2.63194
    ],
    "Basotu": [
        35.08333,
        -4.36667
    ],
    "Bashanet": [
        35.41667,
        -4.23333
    ],
    "Bariadi": [
        33.98333,
        -2.8
    ],
    "Bagamoyo": [
        38.9,
        -6.43333
    ],
    "Babati": [
        35.75,
        -4.21667
    ],
    "Arusha": [
        36.68333,
        -3.36667
    ],
    "Tingi": [
        35.03333,
        -11.3
    ],
    "Tandahimba": [
        39.63333,
        -10.75
    ],
    "Songea": [
        35.65,
        -10.68333
    ],
    "Ruangwa": [
        38.93333,
        -10.06667
    ],
    "Nyangao": [
        39.28333,
        -10.33333
    ],
    "Newala Kisimani": [
        39.28333,
        -10.95
    ],
    "Nanyamba": [
        39.83333,
        -10.68333
    ],
    "Nanhyanga": [
        39.55,
        -10.8
    ],
    "Nangomba": [
        38.5,
        -10.9
    ],
    "Nanganga": [
        39.15,
        -10.38333
    ],
    "Namikupa": [
        39.6,
        -10.83333
    ],
    "Namalenga": [
        39.1,
        -10.95
    ],
    "Nachingwea": [
        38.76251,
        -10.3725
    ],
    "Mtwara": [
        40.18333,
        -10.26667
    ],
    "Mtama": [
        39.36667,
        -10.3
    ],
    "Mingoyo": [
        39.63333,
        -10.1
    ],
    "Mbinga": [
        35.01667,
        -10.93333
    ],
    "Mbekenyera": [
        38.98333,
        -10
    ],
    "Mbamba Bay": [
        34.76667,
        -11.28333
    ],
    "Matiri": [
        34.9,
        -10.75
    ],
    "Masuguru": [
        38.41667,
        -11.36667
    ],
    "Masasi": [
        38.8,
        -10.71667
    ],
    "Maposeni": [
        35.4,
        -10.58333
    ],
    "Manda": [
        34.58333,
        -10.46667
    ],
    "Mahuta": [
        39.45,
        -10.86667
    ],
    "Madimba": [
        40.33333,
        -10.4
    ],
    "Lulindi": [
        39.13333,
        -10.81667
    ],
    "Lukuledi": [
        38.8,
        -10.56667
    ],
    "Luchingu": [
        39.33333,
        -10.9
    ],
    "Liuli": [
        34.63333,
        -11.08333
    ],
    "Lindi": [
        39.71667,
        -10
    ],
    "Kitangari": [
        39.33333,
        -10.65
    ],
    "Kitama": [
        39.73333,
        -10.71667
    ],
    "Kigonsera": [
        35.05,
        -10.8
    ],
    "Chiungutwa": [
        38.98333,
        -10.88333
    ],
    "Merelani": [
        36.97895,
        -3.56182
    ],
    "Nungwi": [
        39.2987,
        -5.72651
    ]
}