{
    "Yên Vinh": [
        105.66667,
        18.66667
    ],
    "Yên Thành": [
        105.47116,
        18.99856
    ],
    "Thị Trấn Yên Ninh": [
        106.06121,
        20.18396
    ],
    "Thị Trấn Yên Minh": [
        105.14159,
        23.11792
    ],
    "Yến Lạc": [
        106.18149,
        22.23693
    ],
    "Yên Lạc": [
        105.57297,
        21.23646
    ],
    "Thị Trấn Yên Châu": [
        104.30101,
        21.04584
    ],
    "Yên Bái": [
        104.9113,
        21.72288
    ],
    "Vũng Tàu": [
        107.08426,
        10.34599
    ],
    "Thị Trấn Vụ Bản": [
        105.44348,
        20.4642
    ],
    "Vị Thanh": [
        105.47306,
        9.78444
    ],
    "Vĩnh Yên": [
        105.60489,
        21.30891
    ],
    "Thị Trấn Vĩnh Tuy": [
        104.89091,
        22.27441
    ],
    "Vĩnh Long": [
        105.96667,
        10.25
    ],
    "Thị Trấn Vĩnh Lộc": [
        105.27192,
        22.1436
    ],
    "Vinh": [
        105.69232,
        18.67336
    ],
    "Việt Trì": [
        105.40198,
        21.32274
    ],
    "Thị Trấn Văn Quan": [
        106.53925,
        21.86516
    ],
    "Vân Đình": [
        105.77236,
        20.73514
    ],
    "Văn Điển": [
        105.845,
        20.9463
    ],
    "Thành Phố Uông Bí": [
        106.77049,
        21.03433
    ],
    "Tuy Hòa": [
        109.3,
        13.08333
    ],
    "Thành Phố Tuyên Quang": [
        105.21424,
        21.82356
    ],
    "Hòa Bình": [
        104.47232,
        19.26393
    ],
    "Thị Trấn Trùng Khánh": [
        106.52496,
        22.83514
    ],
    "Tri Tôn": [
        105.00073,
        10.4202
    ],
    "Trà Vinh": [
        106.34528,
        9.93472
    ],
    "Thị Trấn Trạm Tấu": [
        104.37966,
        21.46659
    ],
    "Thị Trấn Tĩnh Gia": [
        105.77861,
        19.44645
    ],
    "Thị Trấn Thường Xuân": [
        105.34723,
        19.90294
    ],
    "Thủ Dầu Một": [
        106.65497,
        10.98671
    ],
    "Thị Trấn Thọ Xuân": [
        105.52179,
        19.93133
    ],
    "Thị Trấn Thất Khê": [
        106.47359,
        22.25525
    ],
    "Thị Trấn Than Uyên": [
        103.88001,
        21.95907
    ],
    "Thanh Sơn": [
        105.17892,
        21.19867
    ],
    "Ho Chi Minh City": [
        106.62965,
        10.82302
    ],
    "Thanh Nê": [
        106.43834,
        20.3881
    ],
    "Thanh Hóa": [
        105.76667,
        19.8
    ],
    "Thanh Chương": [
        105.33356,
        18.77877
    ],
    "Thành Phố Thái Nguyên": [
        105.84817,
        21.59422
    ],
    "Thành Phố Thái Bình": [
        106.34002,
        20.45
    ],
    "Thị Trấn Kim Tân": [
        105.67454,
        20.13053
    ],
    "Tây Ninh": [
        106.1,
        11.3
    ],
    "Tây Hồ": [
        105.81053,
        21.06895
    ],
    "Tây Đằng": [
        105.42217,
        21.19809
    ],
    "Tân Kỳ": [
        105.26807,
        19.04756
    ],
    "Tân Châu": [
        105.23888,
        10.79832
    ],
    "Tân An": [
        106.41667,
        10.53333
    ],
    "Tam Kỳ": [
        108.48333,
        15.56667
    ],
    "Trai Ngau": [
        105.61441,
        21.39324
    ],
    "Thị Trấn Tà Lùng": [
        106.5669,
        22.4979
    ],
    "Sơn Tây": [
        105.50686,
        21.14053
    ],
    "Sơn Dương": [
        105.39901,
        21.69676
    ],
    "Sơn La": [
        103.91882,
        21.3256
    ],
    "Thị Trấn Sông Mã": [
        103.74987,
        21.05091
    ],
    "Sông Cầu": [
        109.21667,
        13.45
    ],
    "Sóc Trăng": [
        105.98,
        9.60333
    ],
    "Thị Trấn Sìn Hồ": [
        103.23438,
        22.36647
    ],
    "Si Ma Cai": [
        104.27857,
        22.6951
    ],
    "Sa Pá": [
        103.84415,
        22.34023
    ],
    "Sadek": [
        105.76667,
        10.3
    ],
    "Rạch Giá": [
        105.08333,
        10.01667
    ],
    "Mường Chiên": [
        103.56608,
        21.8424
    ],
    "Quỳnh Côi": [
        106.32744,
        20.66192
    ],
    "Qui Nhon": [
        109.22367,
        13.77648
    ],
    "Quỳ Hợp": [
        105.18251,
        19.32546
    ],
    "Quỳ Châu": [
        105.09387,
        19.55206
    ],
    "Kim Sơn": [
        104.91903,
        19.60409
    ],
    "Thị Trấn Quan Hóa": [
        105.10024,
        20.38481
    ],
    "Quảng Yên": [
        106.8027,
        20.9421
    ],
    "Thị Trấn Quảng Uyên": [
        106.44235,
        22.69499
    ],
    "Quảng Ngãi": [
        108.8,
        15.11667
    ],
    "Pleiku": [
        108,
        13.98333
    ],
    "Thị Trấn Phù Yên": [
        104.64439,
        21.26331
    ],
    "Phủ Thông": [
        105.87943,
        22.27314
    ],
    "Phú Thọ": [
        105.22221,
        21.39963
    ],
    "Dương Đông": [
        103.95929,
        10.21716
    ],
    "Thành Phố Phủ Lý": [
        105.91221,
        20.54531
    ],
    "Phú Khương": [
        106.13333,
        11.28333
    ],
    "Phúc Yên": [
        105.70483,
        21.23695
    ],
    "Thị Trấn Phong Thổ": [
        103.29776,
        22.54433
    ],
    "Thị Trấn Phố Lu": [
        104.18719,
        22.31918
    ],
    "Thị Trấn Bến Sung": [
        105.57815,
        19.63141
    ],
    "Thị Trấn Phát Diệm": [
        106.08323,
        20.09054
    ],
    "Phan Thiết": [
        108.1,
        10.93333
    ],
    "Phan Rang-Tháp Chàm": [
        108.98333,
        11.56667
    ],
    "Thị Trấn Nước Hai": [
        106.15216,
        22.73738
    ],
    "Núi Đèo": [
        106.6744,
        20.9157
    ],
    "Ninh Giang": [
        106.39789,
        20.73083
    ],
    "Thành Phố Ninh Bình": [
        105.97965,
        20.25808
    ],
    "Như Quỳnh": [
        105.98486,
        20.98167
    ],
    "Thị Trấn Nho Quan": [
        105.75189,
        20.32279
    ],
    "Nha Trang": [
        109.19432,
        12.24507
    ],
    "Nhà Bàng": [
        105.00854,
        10.62502
    ],
    "Thị Trấn Nguyên Bình": [
        105.95984,
        22.64995
    ],
    "Ngô Đồng": [
        106.44347,
        20.28296
    ],
    "Thị Trấn Ngọc Lặc": [
        105.36761,
        20.09189
    ],
    "Tiền Hải": [
        106.50365,
        20.40557
    ],
    "Quán Hành": [
        105.64596,
        18.77927
    ],
    "Thị Trấn Nga Sơn": [
        105.97044,
        20.00722
    ],
    "Vân Tùng": [
        105.99687,
        22.43082
    ],
    "Thị Trấn Ngải Giao": [
        107.24577,
        10.6471
    ],
    "Thị Trấn Na Sầm": [
        106.6151,
        22.05639
    ],
    "Thành Phố Nam Định": [
        106.17729,
        20.43389
    ],
    "Nam Đàn": [
        105.49881,
        18.69799
    ],
    "Mỹ Tho": [
        106.35996,
        10.36004
    ],
    "Thị Trấn Mỹ Lộc": [
        106.10238,
        20.44111
    ],
    "Mường Nhé": [
        102.4579,
        22.19236
    ],
    "Thị Trấn Mường Khương": [
        104.12156,
        22.76141
    ],
    "Thị Trấn Mường Lát": [
        104.60138,
        20.52915
    ],
    "Thị Trấn Mù Cang Chải": [
        104.08954,
        21.85125
    ],
    "Móng Cái": [
        107.9662,
        21.52471
    ],
    "Thị Trấn Mộc Châu": [
        104.62177,
        20.85199
    ],
    "Thị Trấn Mèo Vạc": [
        105.40993,
        23.16411
    ],
    "Long Xuyên": [
        105.43518,
        10.38639
    ],
    "Lộc Bình": [
        106.92335,
        21.75873
    ],
    "Lien De": [
        106.18747,
        20.22094
    ],
    "Lào Cai": [
        103.97066,
        22.48556
    ],
    "Thành Phố Lạng Sơn": [
        106.76101,
        21.85264
    ],
    "Thị Trấn Phước Bửu": [
        107.40202,
        10.53472
    ],
    "Lũng Hồ": [
        105.23983,
        22.98479
    ],
    "Thị Trấn Lang Chánh": [
        105.24223,
        20.15611
    ],
    "Lái Thiêu": [
        106.7004,
        10.90442
    ],
    "Lai Cách": [
        106.24756,
        20.93252
    ],
    "Lagi": [
        107.78333,
        10.66667
    ],
    "Mường Xén": [
        104.15239,
        19.39795
    ],
    "Kon Tum": [
        108,
        14.35
    ],
    "Kinh Môn": [
        106.5551,
        20.98962
    ],
    "Kim Bài": [
        105.76963,
        20.85265
    ],
    "Thị Trấn Khánh Yên": [
        104.25148,
        22.08935
    ],
    "Kẻ Sặt": [
        106.1477,
        20.91007
    ],
    "Hữu Lũng": [
        106.34459,
        21.5056
    ],
    "Hương Canh": [
        105.64697,
        21.27882
    ],
    "Hưng Yên": [
        106.05112,
        20.64637
    ],
    "Huế": [
        107.6,
        16.46667
    ],
    "Hớn Quản": [
        106.6,
        11.65
    ],
    "Thành Phố Hạ Long": [
        107.07336,
        20.95045
    ],
    "Hội An": [
        108.335,
        15.87944
    ],
    "Hóc Môn": [
        106.59437,
        10.88796
    ],
    "Thị Trấn Hòa Mạc": [
        105.989,
        20.64173
    ],
    "Thành Phố Hòa Bình": [
        105.33759,
        20.81717
    ],
    "Hà Tĩnh": [
        105.9,
        18.33333
    ],
    "Hà Tiên": [
        104.48333,
        10.38333
    ],
    "Hanoi": [
        105.84117,
        21.0245
    ],
    "Thị Trấn Thanh Nhật": [
        106.67004,
        22.6875
    ],
    "Haiphong": [
        106.68345,
        20.86481
    ],
    "Thành Phố Hải Dương": [
        106.33302,
        20.94099
    ],
    "Hạ Hòa": [
        105.00512,
        21.56302
    ],
    "Thành Phố Hà Giang": [
        104.98357,
        22.82333
    ],
    "Hà Đông": [
        105.77876,
        20.97136
    ],
    "Gia Nghĩa": [
        107.7,
        11.98333
    ],
    "Dồng Xoài": [
        106.91667,
        11.53333
    ],
    "Thị Trấn Đồng Văn": [
        105.36291,
        23.27841
    ],
    "Đồng Mỏ": [
        106.57832,
        21.65701
    ],
    "Thị Trấn Đông Khê": [
        106.43194,
        22.42939
    ],
    "Kwang Binh": [
        106.6,
        17.48333
    ],
    "Ðông Hà": [
        107.10031,
        16.81625
    ],
    "Anh Son": [
        105.30797,
        18.89852
    ],
    "Đoan Hùng": [
        105.18462,
        21.62254
    ],
    "Đình Lập": [
        107.09812,
        21.54633
    ],
    "Diễn Châu": [
        105.60034,
        18.97652
    ],
    "Dien Bien Phu": [
        103.02301,
        21.38602
    ],
    "Giemdiem": [
        106.56882,
        20.55832
    ],
    "Phuoc Tho": [
        107.27014,
        10.49093
    ],
    "Da Nang": [
        108.22083,
        16.06778
    ],
    "Ðà Lạt": [
        108.44193,
        11.94646
    ],
    "Củ Chi": [
        106.46667,
        10.96667
    ],
    "Côn Sơn": [
        106.60824,
        8.68641
    ],
    "Con Cuông": [
        104.88124,
        19.04996
    ],
    "Chúc Sơn": [
        105.70155,
        20.92374
    ],
    "Chũ": [
        106.56649,
        21.37379
    ],
    "Chợ Mới": [
        105.40441,
        10.55123
    ],
    "Chợ Chu": [
        105.64219,
        21.90724
    ],
    "Thị Trấn Chi Nê": [
        105.778,
        20.49056
    ],
    "Huyện Chiêm Hóa": [
        105.27278,
        22.14413
    ],
    "Cho Dok": [
        105.11667,
        10.7
    ],
    "Cầu Giát": [
        105.63089,
        19.146
    ],
    "Cát Bà": [
        107.04819,
        20.72779
    ],
    "Cao Thượng": [
        106.12704,
        21.38748
    ],
    "Cao Lãnh": [
        105.63333,
        10.45
    ],
    "Thành Phố Cao Bằng": [
        106.25786,
        22.66568
    ],
    "Cần Thơ": [
        105.78333,
        10.03333
    ],
    "Cần Giờ": [
        106.96667,
        10.41667
    ],
    "Cần Duộc": [
        106.66667,
        10.61667
    ],
    "Thị Trấn Cẩm Thủy": [
        105.4695,
        20.20866
    ],
    "Cam Ranh": [
        109.15913,
        11.92144
    ],
    "Cẩm Phả Mines": [
        107.3,
        21.01667
    ],
    "Cẩm Phả": [
        107.27345,
        21.01004
    ],
    "Cà Mau": [
        105.15,
        9.17694
    ],
    "Buôn Ma Thuột": [
        108.03775,
        12.66747
    ],
    "Thị Trấn Bình Gia": [
        106.3657,
        21.95979
    ],
    "Bỉm Sơn": [
        105.86028,
        20.07806
    ],
    "Biên Hòa": [
        106.81667,
        10.95
    ],
    "Bến Tre": [
        106.38333,
        10.23333
    ],
    "Thị Trấn Phố Ràng": [
        104.47642,
        22.23429
    ],
    "Thị Trấn Bảo Lạc": [
        105.68046,
        22.94924
    ],
    "Bẩn Yên Nhân": [
        106.0571,
        20.93653
    ],
    "Ít Ong": [
        104.02701,
        21.5175
    ],
    "Thị Trấn Thuận Châu": [
        103.69,
        21.43849
    ],
    "Thị Trấn Bắc Yên": [
        104.43281,
        21.24626
    ],
    "Bắc Ninh": [
        106.07632,
        21.18608
    ],
    "Thành phố Bạc Liêu": [
        105.72776,
        9.29414
    ],
    "Thị Trấn Bắc Hà": [
        104.29305,
        22.53911
    ],
    "Bắc Giang": [
        106.1946,
        21.27307
    ],
    "Bắc Kạn": [
        105.83481,
        22.14701
    ],
    "Ấp Tân Ngãi": [
        106.28333,
        10.23333
    ],
    "An Dương": [
        106.6133,
        20.86382
    ],
    "An Châu": [
        105.38622,
        10.44559
    ],
    "Thị Trấn Tam Điệp": [
        105.91737,
        20.15635
    ],
    "Uyen Hung": [
        106.78834,
        11.08416
    ],
    "Yên Lập": [
        105.05739,
        21.34705
    ],
    "Thanh Ba": [
        105.14104,
        21.4988
    ],
    "Sông Thao": [
        105.13374,
        21.4213
    ],
    "Hưng Hóa": [
        105.2953,
        21.25487
    ],
    "Phong Châu": [
        105.31228,
        21.4068
    ],
    "Thị Trấn Tân Yên": [
        105.0345,
        22.0655
    ],
    "Tân Việt": [
        105.45904,
        22.86408
    ],
    "Thị Trấn Pác Miầu": [
        105.49334,
        22.82968
    ],
    "Lập Thạch": [
        105.46081,
        21.41539
    ],
    "Núi Sập": [
        105.26676,
        10.26478
    ],
    "Tầm Vu": [
        106.46674,
        10.44321
    ],
    "Gia Bình": [
        106.17468,
        21.05938
    ],
    "Thứa": [
        106.20044,
        21.01937
    ],
    "Chờ": [
        105.95472,
        21.19491
    ],
    "Phố Mới": [
        106.15164,
        21.15328
    ],
    "Hồ": [
        106.0857,
        21.06308
    ],
    "Lim": [
        106.02018,
        21.14388
    ],
    "Thị Trấn Gành Hào": [
        105.42115,
        9.03183
    ],
    "Thị Trấn Ngan Dừa": [
        105.45018,
        9.56703
    ],
    "Thị Trấn Phước Long": [
        105.46217,
        9.43753
    ],
    "Thị Trấn Giá Rai": [
        105.45524,
        9.23789
    ],
    "Thị Trấn Hòa Bình": [
        105.62916,
        9.28471
    ],
    "Cái Dầu": [
        105.24005,
        10.57428
    ],
    "Cầu Gồ": [
        106.12653,
        21.47679
    ],
    "Đồi Ngô": [
        106.38673,
        21.30626
    ],
    "Neo": [
        106.24739,
        21.20048
    ],
    "Bích Động": [
        106.10069,
        21.27421
    ],
    "Thắng": [
        105.98344,
        21.35505
    ],
    "Bộc Bố": [
        105.66707,
        22.61206
    ],
    "Bằng Lũng": [
        105.59559,
        22.15777
    ],
    "Thị Trấn Long Điền": [
        107.21226,
        10.48557
    ],
    "Thị Trấn Mường Chà": [
        103.09783,
        21.76172
    ],
    "Thị Trấn Tủa Chùa": [
        103.3426,
        21.85771
    ],
    "Thị Trấn Điện Biên Đông": [
        103.21972,
        21.3003
    ],
    "Thị Trấn Điện Biên": [
        103.0344,
        21.2596
    ],
    "Thị Trấn Tam Đường": [
        103.62619,
        22.31812
    ],
    "Thị Xã Lai Châu": [
        103.45824,
        22.39644
    ],
    "Thị Trấn Mường Tè": [
        102.82011,
        22.38067
    ],
    "Thị Trấn Tam Sơn": [
        104.98926,
        23.0674
    ],
    "Thị Trấn Vị Xuyên": [
        104.98191,
        22.66762
    ],
    "Thị Trấn Việt Lâm": [
        104.95988,
        22.62486
    ],
    "Thị Trấn Việt Quang": [
        104.80682,
        22.41509
    ],
    "Thị Trấn Yên Phú": [
        105.37146,
        22.73223
    ],
    "Thị Trấn Vinh Quang": [
        104.67956,
        22.74085
    ],
    "Thị Trấn Yên Bình": [
        104.57949,
        22.40989
    ],
    "Thị Trấn Thông Nông": [
        105.9832,
        22.7841
    ],
    "Thị Trấn Xuân Hoà": [
        106.07737,
        22.90243
    ],
    "Thị Trấn Hùng Quốc": [
        106.32335,
        22.82898
    ],
    "Thị Trấn Cao Lộc": [
        106.76833,
        21.8665
    ],
    "Sơn Thịnh": [
        104.5948,
        21.56252
    ],
    "Cổ Phúc": [
        104.82768,
        21.75585
    ],
    "Thị Trấn Yên Thế": [
        104.76748,
        22.11075
    ],
    "Thị Trấn Na Hang": [
        105.38241,
        22.34918
    ],
    "Cái Vồn": [
        105.82268,
        10.06837
    ],
    "An Phú": [
        105.09038,
        10.81591
    ],
    "Phú Mỹ": [
        105.35573,
        10.59236
    ],
    "Thị Trấn Phú Mỹ": [
        107.054,
        10.6036
    ],
    "Thị Trấn Bát Xát": [
        103.89061,
        22.54302
    ],
    "Thị Trấn Hát Lót": [
        104.10595,
        21.19733
    ],
    "Thị Trấn Quảng Xương": [
        105.78273,
        19.72948
    ],
    "Thị Trấn Nông Cống": [
        105.64941,
        19.62403
    ],
    "Thị Trấn Quan Sơn": [
        104.94521,
        20.25909
    ],
    "Thị Trấn Yên Cát": [
        105.42854,
        19.66327
    ],
    "Thị Trấn Bút Sơn": [
        105.85482,
        19.85797
    ],
    "Thị Trấn Cành Nàng": [
        105.22881,
        20.34803
    ],
    "Thị Trấn Hậu Lộc": [
        105.88615,
        19.91444
    ],
    "Thị Trấn Triệu Sơn": [
        105.60392,
        19.81913
    ],
    "Thị Trấn Quán Lào": [
        105.65106,
        19.97153
    ],
    "Thị Trấn Hà Trung": [
        105.85147,
        20.01325
    ],
    "Thị Trấn Rừng Thông": [
        105.7328,
        19.81906
    ],
    "Thị Trấn Vạn Hà": [
        105.67879,
        19.88659
    ],
    "Đà Bắc": [
        105.25417,
        20.87714
    ],
    "Thị Trấn Mường Khến": [
        105.27948,
        20.61441
    ],
    "Thị Trấn Hàng Trạm": [
        105.6224,
        20.39472
    ],
    "Bo": [
        105.53625,
        20.67264
    ],
    "Lương Sơn": [
        105.52568,
        20.87148
    ],
    "Kỳ Sơn": [
        105.35244,
        20.88668
    ],
    "Thị Trấn Cao Phong": [
        105.32063,
        20.70446
    ],
    "Thị Trấn Me": [
        105.83615,
        20.34697
    ],
    "Thị Trấn Thiên Tồn": [
        105.95198,
        20.29905
    ],
    "Thị Trấn Yên Thịnh": [
        106.00697,
        20.16245
    ],
    "Xuân Trường": [
        106.33274,
        20.29227
    ],
    "Yên Định": [
        106.29578,
        20.20145
    ],
    "Thị Trấn Lâm": [
        106.01208,
        20.32773
    ],
    "Thị Trấn Gôi": [
        106.07826,
        20.33335
    ],
    "Thị Trấn Nam Giang": [
        106.17754,
        20.33322
    ],
    "Cổ Lễ": [
        106.26584,
        20.32336
    ],
    "Thị Trấn Quế": [
        105.87266,
        20.58064
    ],
    "Thị Trấn Vĩnh Trụ": [
        106.02812,
        20.5602
    ],
    "Thị Trấn Bình Mỹ": [
        106.00955,
        20.49121
    ],
    "Thị Trấn Thanh Lưu": [
        105.95268,
        20.47398
    ],
    "Hưng Hà": [
        106.22445,
        20.5904
    ],
    "Vũ Thư": [
        106.29116,
        20.43671
    ],
    "Đông Hưng": [
        106.35532,
        20.55651
    ],
    "Thành Phố Bà Rịa": [
        107.16841,
        10.49629
    ],
    "Thị Trấn Tuần Giáo": [
        103.42179,
        21.58992
    ],
    "Thị Trấn Mường Ảng": [
        103.22294,
        21.51993
    ],
    "An Lão": [
        106.55575,
        20.82294
    ],
    "Tiên Lãng": [
        106.55391,
        20.72464
    ],
    "Núi Đối": [
        106.66894,
        20.75078
    ],
    "Quảng Hà": [
        107.75592,
        21.4506
    ],
    "Trới": [
        106.99101,
        21.03141
    ],
    "Cô Tô": [
        107.76578,
        20.97268
    ],
    "Thanh Miện": [
        106.24623,
        20.78714
    ],
    "Nam Sách": [
        106.33613,
        20.99205
    ],
    "Gia Lộc": [
        106.3,
        20.86783
    ],
    "Tứ Kỳ": [
        106.40661,
        20.81914
    ],
    "Thanh Hà": [
        106.42612,
        20.89816
    ],
    "Phú Thái": [
        106.5095,
        20.96278
    ],
    "Đu": [
        105.70388,
        21.73847
    ],
    "Hương Sơn": [
        105.97814,
        21.46014
    ],
    "Chùa Hang": [
        105.84168,
        21.62384
    ],
    "Thanh Thủy": [
        105.28388,
        21.17548
    ],
    "Lâm Thao": [
        105.29156,
        21.3201
    ],
    "Mê Linh": [
        105.72041,
        21.1831
    ],
    "Vĩnh Tường": [
        105.51249,
        21.2165
    ],
    "Hợp Hòa": [
        105.54256,
        21.37525
    ],
    "Văn Giang": [
        105.93119,
        20.94301
    ],
    "Yên Mỹ": [
        106.0356,
        20.88557
    ],
    "Khoái Châu": [
        105.97755,
        20.83912
    ],
    "Lương Bằng": [
        106.05998,
        20.74003
    ],
    "Ân Thi": [
        106.09118,
        20.81835
    ],
    "Trần Cao": [
        106.17971,
        20.72952
    ],
    "Vương": [
        106.11752,
        20.7011
    ],
    "Liên Quan": [
        105.57919,
        21.05723
    ],
    "Phúc Thọ": [
        105.54551,
        21.10345
    ],
    "Phùng": [
        105.65901,
        21.08902
    ],
    "Trôi": [
        105.70646,
        21.06953
    ],
    "Quốc Oai": [
        105.64088,
        20.99019
    ],
    "Thường Tín": [
        105.86125,
        20.86874
    ],
    "Phú Xuyên": [
        105.91363,
        20.74549
    ],
    "Đại Nghĩa": [
        105.74471,
        20.68667
    ],
    "Sóc Sơn": [
        105.84894,
        21.25782
    ],
    "Đông Anh": [
        105.84926,
        21.13962
    ],
    "Cầu Diễn": [
        105.76659,
        21.03929
    ],
    "Trâu Quỳ": [
        105.93694,
        21.01951
    ],
    "Cầu Giấy": [
        105.80073,
        21.03228
    ],
    "Thanh Xuân": [
        105.79977,
        20.99472
    ],
    "Đống Đa": [
        105.83097,
        21.02009
    ],
    "Hoàn Kiếm": [
        105.85064,
        21.02857
    ],
    "Hai BàTrưng": [
        105.84772,
        21.01342
    ],
    "Anh Sơn": [
        105.07601,
        18.93249
    ],
    "Hưng Nguyên": [
        105.62882,
        18.67165
    ]
}