{
    "Daḩasuways": [
        50.72944,
        15.72389
    ],
    "Ash Shiḩr": [
        49.60639,
        14.75863
    ],
    "Al Ghaylah": [
        45.58333,
        14.59583
    ],
    "Judaydah": [
        45.29962,
        15.07512
    ],
    "Ḑawrān": [
        44.44196,
        13.77436
    ],
    "Najd al Jumā‘ī": [
        44.32414,
        13.91581
    ],
    "Z̧almat al ‘Alyā": [
        44.09404,
        14.1023
    ],
    "Sūq ar Rabū‘": [
        44.01511,
        14.51155
    ],
    "Ash Shuqayrah": [
        43.78636,
        13.13452
    ],
    "Mashra‘ah": [
        43.99588,
        13.53235
    ],
    "Ar Rawnah": [
        43.80286,
        13.75638
    ],
    "Ar Ramādī": [
        43.78457,
        13.95641
    ],
    "Al Aḩad": [
        43.64167,
        14.25833
    ],
    "Aḑ Ḑil‘": [
        43.81828,
        14.67199
    ],
    "Al Jabīn": [
        43.59904,
        14.70401
    ],
    "Sūq Şirwāḩ": [
        45.01667,
        15.45417
    ],
    "Majzar": [
        44.775,
        15.85
    ],
    "Bidbadah": [
        44.7,
        15.425
    ],
    "Matwaḩ": [
        43.64213,
        15.0676
    ],
    "Şuwayr": [
        43.60986,
        16.1818
    ],
    "Waḑarah": [
        43.48321,
        15.71073
    ],
    "Sūq Shamar": [
        43.36806,
        15.885
    ],
    "Mustabā’": [
        43.24895,
        16.22816
    ],
    "An Naz̧īr": [
        43.26226,
        16.90916
    ],
    "Aţ Ţawīlah": [
        43.74778,
        15.49389
    ],
    "Zinjibār": [
        45.38073,
        13.12871
    ],
    "Zarājah": [
        44.37868,
        14.86692
    ],
    "Az Zāhir": [
        44.48818,
        16.31799
    ],
    "Zabīd": [
        43.31518,
        14.1951
    ],
    "Yufrus": [
        43.94704,
        13.45529
    ],
    "Yarīm": [
        44.37795,
        14.29804
    ],
    "Washḩah": [
        43.41066,
        16.30774
    ],
    "Wa‘lān": [
        44.27641,
        15.07021
    ],
    "Dhī Jalāl": [
        44.70754,
        13.62378
    ],
    "‘Usaylān": [
        45.82832,
        15.03201
    ],
    "‘Ubāl": [
        43.54444,
        14.98808
    ],
    "Thamūd": [
        49.91667,
        17.3
    ],
    "Tarīm": [
        48.99889,
        16.05694
    ],
    "Ta‘izz": [
        44.02091,
        13.57952
    ],
    "As Suwaydā": [
        45.2304,
        13.78694
    ],
    "Al ‘Anān": [
        44.31252,
        16.72188
    ],
    "‘Abs": [
        43.19724,
        16.00295
    ],
    "Şīf": [
        48.33,
        15.31389
    ],
    "Shiḩan as Suflá": [
        52.48925,
        17.76999
    ],
    "Shibām": [
        43.90445,
        15.50943
    ],
    "Ash Sharyah": [
        45.02244,
        14.35659
    ],
    "Sharas": [
        43.64925,
        15.71233
    ],
    "Shahārat al Ghīs": [
        43.70228,
        16.18411
    ],
    "Sayyān": [
        44.32442,
        15.17177
    ],
    "Sayḩūt": [
        51.24556,
        15.21056
    ],
    "Şanā’": [
        47.76667,
        15.4
    ],
    "Sanaa": [
        44.20667,
        15.35472
    ],
    "Saḩar": [
        44.30858,
        15.31586
    ],
    "Sāh": [
        48.85056,
        15.57722
    ],
    "Sa'dah": [
        43.76394,
        16.94021
    ],
    "Riḩāb": [
        44.18814,
        14.22762
    ],
    "Radā‘": [
        44.83709,
        14.4151
    ],
    "Ar Raydah": [
        50.47917,
        15.035
    ],
    "Raydah": [
        44.04085,
        15.81421
    ],
    "Ruḑūm": [
        47.74314,
        14.0851
    ],
    "Qulansiyah": [
        53.48333,
        12.68333
    ],
    "Qishn": [
        51.68139,
        15.42278
    ],
    "Qa‘ţabah": [
        44.7058,
        13.85493
    ],
    "Nişāb": [
        46.5,
        14.51667
    ],
    "Al Musaymīr": [
        44.61528,
        13.44389
    ],
    "Mukayrās": [
        45.67074,
        13.94428
    ],
    "Mūdīyah": [
        46.08254,
        13.9284
    ],
    "Markaz Mudhaykirah": [
        43.9688,
        13.88953
    ],
    "Manwakh": [
        48.10917,
        16.80778
    ],
    "Mayfa‘ah": [
        47.5612,
        14.27042
    ],
    "Maidi": [
        42.81299,
        16.32101
    ],
    "Mawza‘": [
        43.50993,
        13.26831
    ],
    "Māwiyah": [
        44.34768,
        13.58294
    ],
    "Al Jawl": [
        48.28066,
        14.45625
    ],
    "Ma'rib": [
        45.32581,
        15.46253
    ],
    "Manākhah": [
        43.74156,
        15.07422
    ],
    "Milāḩ": [
        44.78622,
        14.41617
    ],
    "Al Malāḩīţ": [
        43.27582,
        16.76848
    ],
    "Al Māfūd": [
        47.25217,
        15.34264
    ],
    "Mafḩaq": [
        43.90304,
        15.10162
    ],
    "Al Madīd": [
        44.47337,
        15.64453
    ],
    "Ma‘bar": [
        44.29354,
        14.79395
    ],
    "Al Ma‘allā’": [
        45.00244,
        12.78987
    ],
    "Lawdar": [
        45.86859,
        13.88282
    ],
    "Laḩij": [
        44.88194,
        13.05667
    ],
    "Kuḩlān ‘Afār": [
        43.71902,
        15.73309
    ],
    "Ku‘aydinah": [
        43.3372,
        15.82104
    ],
    "Kitāf": [
        44.10905,
        17.03165
    ],
    "Kilmia": [
        52.23332,
        12.18576
    ],
    "Khawr Maksar": [
        45.03337,
        12.81227
    ],
    "Khawrah": [
        46.15435,
        14.43201
    ],
    "Khamir": [
        43.95362,
        15.98792
    ],
    "Juban": [
        44.8746,
        14.01164
    ],
    "Jiḩānah": [
        44.48244,
        15.22628
    ],
    "Jiblah": [
        44.14668,
        13.92162
    ],
    "Jawf al Maqbābah": [
        45.83488,
        13.83783
    ],
    "Ja‘ār": [
        45.30558,
        13.223
    ],
    "Ibb": [
        44.18333,
        13.96667
    ],
    "Ḩūth": [
        43.96854,
        16.23114
    ],
    "As Salāsil": [
        48.83153,
        16.47959
    ],
    "Al ‘Abr": [
        47.23333,
        16.13333
    ],
    "Ḩays": [
        43.4831,
        13.9317
    ],
    "Ḩayfān": [
        44.28011,
        13.31778
    ],
    "Ḩawf": [
        53.03333,
        16.63333
    ],
    "Ḩaşwayn": [
        52.10222,
        15.59194
    ],
    "Ḩarīb": [
        45.50356,
        14.93156
    ],
    "Ḩaraḑ": [
        43.05883,
        16.40965
    ],
    "Ḩammām ‘Alī": [
        44.14763,
        14.66371
    ],
    "Ḩajjah": [
        43.60582,
        15.69425
    ],
    "Madīnat Lab‘ūs": [
        45.25,
        13.86667
    ],
    "Hadibu": [
        54.01895,
        12.64881
    ],
    "Ḩabīl al Jabr": [
        44.98578,
        13.60422
    ],
    "Al Ḩabīlayn": [
        44.85076,
        13.52002
    ],
    "Ḩabbān": [
        47.07649,
        14.35411
    ],
    "Ḩabābah": [
        43.87563,
        15.54418
    ],
    "Ghayl Bā Wazīr": [
        49.36611,
        14.77611
    ],
    "Dhubāb": [
        43.41024,
        12.94305
    ],
    "Dhī Nā‘im": [
        45.44807,
        14.10574
    ],
    "Dhaybīn": [
        44.12917,
        15.97712
    ],
    "Dhī as Sufāl": [
        44.11469,
        13.83446
    ],
    "Dhamār": [
        44.40514,
        14.54274
    ],
    "Ḑawrān ad Daydah": [
        44.20664,
        14.73927
    ],
    "Dār an Naşr": [
        44.01634,
        13.55821
    ],
    "Burūm": [
        48.97972,
        14.36361
    ],
    "Bayt ‘Adhāqah": [
        43.70228,
        15.61576
    ],
    "As Sūq al Jadīd": [
        44.06204,
        15.82496
    ],
    "Bayt al Faqīh": [
        43.32446,
        14.51635
    ],
    "Bayḩān": [
        45.71889,
        14.80067
    ],
    "Banī Ḩujjāj": [
        43.31667,
        15.41667
    ],
    "Banī Bakr": [
        45.26667,
        13.93333
    ],
    "Bājil": [
        43.28506,
        15.05835
    ],
    "Az Zuhrah": [
        42.99582,
        15.72377
    ],
    "Az Zaydīyah": [
        43.00812,
        15.32851
    ],
    "Al Ḩajab": [
        45.52904,
        14.85192
    ],
    "Al ‘Awābil": [
        44.86431,
        13.83754
    ],
    "At Turbah": [
        44.12415,
        13.2127
    ],
    "Al Tuḩaytā’": [
        43.22637,
        14.18356
    ],
    "At Tawāhī": [
        44.9802,
        12.78471
    ],
    "Ataq": [
        46.83187,
        14.53766
    ],
    "As Sūdah": [
        43.78083,
        15.95861
    ],
    "As Sayyānī": [
        44.17395,
        13.84266
    ],
    "Aş Şawma‘ah": [
        45.80102,
        14.08505
    ],
    "Al Bilād": [
        49.29167,
        16.13806
    ],
    "As Sawādīyah": [
        45.22148,
        14.30113
    ],
    "Aş Şalīf": [
        42.67067,
        15.30558
    ],
    "Said": [
        46.87292,
        14.33011
    ],
    "Aş Şafaqayn": [
        43.42121,
        15.37897
    ],
    "As Saddah": [
        44.42139,
        14.1221
    ],
    "Ash Shaykh ‘Uthmān": [
        44.99309,
        12.87678
    ],
    "Ash Shaţţ": [
        44.03571,
        12.89357
    ],
    "Ash Shāhil": [
        43.40495,
        15.86656
    ],
    "Ash Shaghādirah": [
        43.52056,
        15.62
    ],
    "Asdās": [
        45.08151,
        15.76601
    ],
    "Marbāţ": [
        46.38811,
        14.20567
    ],
    "Ar Rawḑah": [
        47.27638,
        14.46725
    ],
    "An Nādirah": [
        44.47559,
        14.09628
    ],
    "‘Amrān": [
        43.94385,
        15.6594
    ],
    "‘Amd": [
        47.98333,
        15.3
    ],
    "Al Wuday‘": [
        46.01786,
        13.7721
    ],
    "Al ‘Udayn": [
        43.99673,
        13.96918
    ],
    "Al Qurḩ": [
        51.48333,
        16.73333
    ],
    "Al Qanāwiş": [
        43.13433,
        15.49277
    ],
    "Al Qaflah": [
        43.76792,
        16.31897
    ],
    "Qaryat al Qābil": [
        44.12768,
        15.45033
    ],
    "Āl Ma‘ūdah": [
        45.38732,
        14.21055
    ],
    "Al Munīrah": [
        42.92936,
        15.32024
    ],
    "Al Mukallā": [
        49.12424,
        14.54248
    ],
    "Al Misrākh": [
        44.02043,
        13.46059
    ],
    "Al Milāḩ": [
        44.82556,
        13.42611
    ],
    "Al Mighlāf": [
        43.18914,
        15.2871
    ],
    "Markaz al Marīr": [
        43.59547,
        13.98178
    ],
    "Al Marāwi‘ah": [
        43.15391,
        14.83069
    ],
    "Al Manşūrīyah": [
        43.29922,
        14.6856
    ],
    "Al Manşūrah": [
        44.98166,
        12.86019
    ],
    "Al Makhādir": [
        44.19796,
        14.12224
    ],
    "Al Maḩwīt": [
        43.54481,
        15.47007
    ],
    "Al Maḩfid": [
        46.91328,
        14.05847
    ],
    "Al Maḩābishah": [
        43.43587,
        15.94758
    ],
    "Al Luḩayyah": [
        42.69093,
        15.70309
    ],
    "Kirsh": [
        44.49046,
        13.36473
    ],
    "Al Khawkhah": [
        43.2493,
        13.8071
    ],
    "Al Jurbah": [
        45.15894,
        13.7915
    ],
    "Al Jarrāḩī": [
        43.38845,
        14.13254
    ],
    "Al Ḩusayn": [
        44.76886,
        13.79199
    ],
    "Ḩurayḑah": [
        48.18278,
        15.59861
    ],
    "Al Ḩudaydah": [
        42.95452,
        14.79781
    ],
    "Al Ḩazm": [
        45.60962,
        14.68919
    ],
    "Al Qaţn": [
        48.45556,
        15.84056
    ],
    "Al Ḩarf": [
        44.09421,
        16.36395
    ],
    "Ḩajar al Mushā’ikh": [
        47.83333,
        16.13333
    ],
    "Al Ghayz̧ah": [
        52.17605,
        16.20787
    ],
    "Al Burayqah": [
        44.88417,
        12.73944
    ],
    "Al Bayḑā’": [
        45.57272,
        13.98523
    ],
    "Al Bāţinah": [
        48.43333,
        15.48333
    ],
    "Al ‘Āqir": [
        45.91156,
        14.56816
    ],
    "Aḩwar": [
        46.71367,
        13.52019
    ],
    "Ad Durayhimī": [
        43.05505,
        14.63702
    ],
    "Ad Dīs ash Sharqīyah": [
        49.94778,
        14.90806
    ],
    "Ad Dimnah": [
        44.18168,
        13.45398
    ],
    "Ad Dann": [
        43.85275,
        14.3518
    ],
    "Az̧ Z̧alī‘ah": [
        48.01667,
        15.01667
    ],
    "Dhalie": [
        44.73137,
        13.69572
    ],
    "Dhahi": [
        43.06974,
        15.21467
    ],
    "Markaz Bilād aţ Ţa‘ām": [
        43.53639,
        14.83361
    ],
    "Al Jum‘ah": [
        43.96489,
        14.73779
    ],
    "Al Ḩadīyah": [
        43.57045,
        14.52638
    ],
    "Kusmah": [
        43.63676,
        14.58175
    ],
    "Riqāb": [
        43.46491,
        14.88596
    ],
    "As Sukhnah": [
        43.4362,
        14.79408
    ],
    "Ar Rujum": [
        43.63226,
        15.45776
    ],
    "Al Khamīs": [
        43.51122,
        15.18533
    ],
    "Al ‘Urr": [
        43.88836,
        15.24648
    ],
    "Al Maghrabah": [
        43.66667,
        15.87722
    ],
    "Aş Şarārah": [
        43.86997,
        15.79449
    ],
    "An Nāşirah": [
        43.80902,
        15.77277
    ],
    "Mabyan": [
        43.55701,
        15.73773
    ],
    "Matnah": [
        44.02472,
        15.25333
    ],
    "Al Ḩayfah": [
        44.23788,
        15.73494
    ],
    "Bayt Marrān": [
        44.2053,
        15.69312
    ],
    "Al Nashmah": [
        43.96833,
        13.39028
    ],
    "Al Ḩashwah": [
        44.27622,
        16.90641
    ],
    "Sāqayn": [
        43.52499,
        16.877
    ],
    "Al Maḩjal": [
        44.84769,
        16.71169
    ],
    "Rajūzah": [
        44.41454,
        16.70056
    ],
    "Al Khirāb": [
        44.29048,
        16.5544
    ],
    "Al Ḩumaydāt": [
        44.43028,
        16.48566
    ],
    "Al Madān": [
        43.64383,
        16.22413
    ],
    "Al ‘Ashshah": [
        43.85476,
        16.25652
    ],
    "Haşan Binī Sa‘d": [
        44.47728,
        16.27293
    ],
    "Al Matūn": [
        44.58476,
        16.23063
    ],
    "Al Maşlūb": [
        44.62613,
        16.18271
    ],
    "Al Ghayl": [
        44.68005,
        16.10774
    ],
    "Al Jamīmah": [
        43.59647,
        16.01787
    ],
    "Ḩabūr": [
        43.70699,
        16.05097
    ],
    "Ar Rawḑ": [
        44.81012,
        16.06145
    ],
    "Ar Rubū‘": [
        43.86901,
        13.78024
    ],
    "Maqbanah": [
        43.6873,
        13.66394
    ],
    "Ḑubāh": [
        44.13108,
        14.49052
    ],
    "Ar Raḑā‘ī": [
        44.39299,
        14.01708
    ],
    "Al Mayfa’ah": [
        44.54866,
        14.46392
    ],
    "Ar Raḑmah": [
        44.58657,
        14.21973
    ],
    "Ḩammām Damt": [
        44.67006,
        14.09031
    ],
    "Zakhim": [
        44.68504,
        14.29496
    ],
    "Maswarah": [
        45.72623,
        14.34399
    ],
    "Ţawr al Bāḩah": [
        44.29966,
        13.18179
    ],
    "Kushar": [
        43.42102,
        16.15523
    ],
    "Aslam": [
        43.32745,
        16.05961
    ],
    "Ḩaydān": [
        43.43372,
        16.77899
    ],
    "Al Miftāḩ": [
        43.46381,
        15.97431
    ],
    "Aden": [
        45.03667,
        12.77944
    ],
    "Mudghil": [
        45.04013,
        15.59858
    ],
    "Al Ḩarajah": [
        44.66535,
        15.48818
    ],
    "Banī al ‘Awwām": [
        43.58727,
        15.58119
    ],
    "Banī an Nahārī": [
        43.55633,
        15.63981
    ],
    "Al Hijrah": [
        43.38718,
        17.29788
    ],
    "Sūq al Khamīs": [
        43.28811,
        17.18126
    ],
    "Al Mashāf": [
        43.19781,
        16.85836
    ],
    "Al Kharāb": [
        43.33888,
        16.99129
    ],
    "Al ‘Ayn": [
        44.09208,
        13.33005
    ],
    "Qaryat ad Da‘īs": [
        44.2749,
        13.9877
    ],
    "Ḩazm al ‘Udayn": [
        44.00526,
        14.02743
    ],
    "An Najd": [
        45.29596,
        14.42152
    ],
    "Raḩabah al Kawlah": [
        44.98918,
        14.89574
    ],
    "Al ‘Amūd": [
        45.20676,
        14.72103
    ],
    "Al ‘Aqabah": [
        44.78699,
        14.27179
    ],
    "Al Qurayshīyah": [
        44.85358,
        14.5122
    ],
    "Ḩawrah": [
        44.1458,
        13.35751
    ],
    "Ash Shawātī": [
        43.81265,
        16.78314
    ],
    "Al Ḩamdī": [
        48.77965,
        15.94727
    ],
    "At Taḩālif": [
        48.7864,
        15.93786
    ],
    "Suḩayl Shibām": [
        48.63864,
        15.91448
    ],
    "Al Khāniq": [
        44.18158,
        15.50253
    ],
    "Bi’r Ḩāt": [
        52.09566,
        17.32197
    ],
    "Ḩadādah": [
        44.27461,
        13.17535
    ],
    "Rimāt": [
        50.57789,
        17.45532
    ],
    "Rumāh": [
        50.5777,
        17.45548
    ],
    "Al Shirūj": [
        47.76926,
        14.68526
    ],
    "Jawl al Majma‘": [
        47.02763,
        14.93278
    ],
    "Sūq Sibāḩ": [
        45.3923,
        13.81436
    ],
    "Al Aqţa‘": [
        45.35123,
        14.66217
    ],
    "Bāqim as Sūq": [
        43.47743,
        17.39713
    ],
    "Maţarah": [
        47.63339,
        15.52591
    ],
    "Ḩabīl ar Raydah": [
        44.85097,
        13.6444
    ],
    "Al ‘Ulayb": [
        49.07325,
        15.14747
    ],
    "Aţ Ţalḩ": [
        47.39903,
        15.156
    ],
    "Sirār": [
        45.31371,
        13.63778
    ],
    "Khayrān": [
        43.37859,
        16.0219
    ],
    "Al Ḩuşūn": [
        45.36691,
        15.4739
    ],
    "Jayshān": [
        46.17906,
        14.25204
    ],
    "Aş Şalw": [
        44.21708,
        13.32887
    ],
    "Raşad": [
        45.30318,
        13.71216
    ],
    "Saḩab": [
        44.0242,
        15.60223
    ],
    "Majz": [
        43.57507,
        17.06939
    ],
    "Al Mirwāḩ": [
        43.42947,
        15.47171
    ]
}