[{
  "data": {
    "type": "ellipse"
  }
}, {
  "data": {
    "type": "triangle"
  }
}, {
  "data": {
    "type": "round-triangle"
  }
}, {
  "data": {
    "type": "rectangle"
  }
}, {
  "data": {
    "type": "round-rectangle"
  }
}, {
  "data": {
    "type": "bottom-round-rectangle"
  }
}, {
  "data": {
    "type": "cut-rectangle"
  }
}, {
  "data": {
    "type": "barrel"
  }
}, {
  "data": {
    "type": "rhomboid"
  }
}, {
  "data": {
    "type": "diamond"
  }
}, {
  "data": {
    "type": "round-diamond"
  }
}, {
  "data": {
    "type": "pentagon"
  }
}, {
  "data": {
    "type": "round-pentagon"
  }
}, {
  "data": {
    "type": "hexagon"
  }
}, {
  "data": {
    "type": "round-hexagon"
  }
}, {
  "data": {
    "type": "concave-hexagon"
  }
}, {
  "data": {
    "type": "heptagon"
  }
}, {
  "data": {
    "type": "round-heptagon"
  }
}, {
  "data": {
    "type": "octagon"
  }
}, {
  "data": {
    "type": "round-octagon"
  }
}, {
  "data": {
    "type": "star"
  }
}, {
  "data": {
    "type": "tag"
  }
}, {
  "data": {
    "type": "round-tag"
  }
}, {
  "data": {
    "type": "vee"
  }
}, {
  "data": {
    "type": "polygon",
    "points": [
      -0.33, -1,
      0.33, -1,
      0.33, -0.33,
      1, -0.33,
      1, 0.33,
      0.33, 0.33,
      0.33, 1,
      -0.33, 1,
      -0.33, 0.33,
      -1, 0.33,
      -1, -0.33,
      -0.33, -0.33
    ]
  }
}]
