{
    "china": "CN",
    "\u963f\u5bcc\u6c57": "AF",
    "\u963f\u5c14\u5df4\u5c3c\u4e9a": "AL",
    "\u963f\u5c14\u53ca\u5229\u4e9a": "DZ",
    "\u5b89\u9053\u5c14": "AD",
    "\u5b89\u54e5\u62c9": "AO",
    "\u5b89\u572d\u62c9": "AI",
    "\u5b89\u63d0\u74dc\u548c\u5df4\u5e03\u8fbe": "AG",
    "\u963f\u6839\u5ef7": "AR",
    "\u4e9a\u7f8e\u5c3c\u4e9a": "AM",
    "\u6fb3\u5927\u5229\u4e9a": "AU",
    "\u5965\u5730\u5229": "AT",
    "\u963f\u585e\u62dc\u7586": "AZ",
    "\u5df4\u6797": "BH",
    "\u5b5f\u52a0\u62c9\u56fd": "BD",
    "\u5df4\u5df4\u591a\u65af": "BB",
    "\u767d\u4fc4\u7f57\u65af": "BY",
    "\u6bd4\u5229\u65f6": "BE",
    "\u4f2f\u5229\u5179": "BZ",
    "\u8d1d\u5b81": "BJ",
    "\u767e\u6155\u8fbe\u7fa4\u5c9b": "BM",
    "\u4e0d\u4e39": "BT",
    "\u73bb\u5229\u7ef4\u4e9a": "BO",
    "\u6ce2\u65af\u5c3c\u4e9a-\u9ed1\u585e\u54e5\u7ef4\u90a3": "BA",
    "\u535a\u8328\u74e6\u7eb3": "BW",
    "\u5df4\u897f": "BR",
    "\u82f1\u5c5e\u5370\u5ea6\u6d0b\u9886\u5730": "IO",
    "\u82f1\u5c5e\u7ef4\u5c14\u4eac\u7fa4\u5c9b": "VG",
    "\u6587\u83b1": "BN",
    "\u4fdd\u52a0\u5229\u4e9a": "BG",
    "\u5e03\u57fa\u7eb3\u6cd5\u7d22": "BF",
    "\u84b2\u9686\u5730": "BI",
    "\u67ec\u57d4\u5be8": "KH",
    "\u5580\u9ea6\u9686": "CM",
    "\u52a0\u62ff\u5927": "CA",
    "\u4f5b\u5f97\u89d2": "CV",
    "\u5f00\u66fc\u7fa4\u5c9b": "KY",
    "\u4e2d\u975e\u5171\u548c\u56fd": "CF",
    "\u4e4d\u5f97": "TD",
    "\u667a\u5229": "CL",
    "\u54e5\u4f26\u6bd4\u4e9a": "CO",
    "\u79d1\u6469\u7f57": "KM",
    "\u521a\u679c-\u5e03\u62c9\u67f4\u7ef4\u5c14": "CG",
    "\u521a\u679c\u91d1": "CD",
    "\u5e93\u514b\u7fa4\u5c9b": "CK",
    "\u73ca\u745a\u6d77\u7fa4\u5c9b\u9886\u5730": null,
    "\u54e5\u65af\u8fbe\u9ece\u52a0": "CR",
    "\u514b\u7f57\u5730\u4e9a": "HR",
    "\u53e4\u5df4": "CU",
    "\u585e\u6d66\u8def\u65af": "CY",
    "\u6377\u514b": "CZ",
    "\u4e39\u9ea6": "DK",
    "\u5409\u5e03\u63d0": "DJ",
    "\u591a\u7c73\u5c3c\u514b": "DM",
    "\u591a\u7c73\u5c3c\u52a0\u5171\u548c\u56fd": "DO",
    "\u4e1c\u5e1d\u6c76": "TL",
    "\u5384\u74dc\u591a\u5c14": "EC",
    "\u57c3\u53ca": "EG",
    "\u8428\u5c14\u74e6\u591a": "SV",
    "\u8d64\u9053\u51e0\u5185\u4e9a": "GQ",
    "\u5384\u7acb\u7279\u91cc\u4e9a": "ER",
    "\u7231\u6c99\u5c3c\u4e9a": "EE",
    "\u57c3\u585e\u4fc4\u6bd4\u4e9a": "ET",
    "\u798f\u514b\u5170\u7fa4\u5c9b": "FK",
    "\u6cd5\u7f57\u7fa4\u5c9b": "FO",
    "\u5bc6\u514b\u7f57\u5c3c\u897f\u4e9a\u8054\u90a6": "FM",
    "\u6590\u6d4e": "FJ",
    "\u82ac\u5170": "FI",
    "\u6cd5\u56fd": "FR",
    "\u52a0\u84ec": "GA",
    "\u683c\u9c81\u5409\u4e9a": "GE",
    "\u5fb7\u56fd": "DE",
    "\u52a0\u7eb3": "GH",
    "\u76f4\u5e03\u7f57\u9640": "GI",
    "\u5e0c\u814a": "GR",
    "\u683c\u9675\u5170": "GL",
    "\u5371\u5730\u9a6c\u62c9": "GT",
    "\u6839\u897f": "GG",
    "\u51e0\u5185\u4e9a": "GN",
    "\u51e0\u5185\u4e9a\u6bd4\u7d22": "GW",
    "\u572d\u4e9a\u90a3": "GY",
    "\u6d77\u5730": "HT",
    "\u6d2a\u90fd\u62c9\u65af": "HN",
    "\u5308\u7259\u5229": "HU",
    "\u51b0\u5c9b": "IS",
    "\u5370\u5ea6": "IN",
    "\u5370\u5ea6\u5c3c\u897f\u4e9a, \u5370\u5c3c": "ID",
    "\u4f0a\u62c9\u514b": "IQ",
    "\u7231\u5c14\u5170": "IE",
    "\u4f0a\u6717": "IR",
    "\u9a6c\u6069\u5c9b": "IM",
    "\u4ee5\u8272\u5217": "IL",
    "\u610f\u5927\u5229": "IT",
    "\u7259\u4e70\u52a0": "JM",
    "\u65e5\u672c": "JP",
    "\u6cfd\u897f": "JE",
    "\u7ea6\u65e6": "JO",
    "\u54c8\u8428\u514b\u65af\u5766": "KZ",
    "\u80af\u5c3c\u4e9a": "KE",
    "\u57fa\u91cc\u5df4\u65af": "KI",
    "\u79d1\u5a01\u7279": "KW",
    "\u5409\u5c14\u5409\u65af\u65af\u5766": "KG",
    "\u8001\u631d": "LA",
    "\u62c9\u8131\u7ef4\u4e9a": "LV",
    "\u9ece\u5df4\u5ae9": "LB",
    "\u83b1\u7d22\u6258": "LS",
    "\u5229\u6bd4\u91cc\u4e9a": "LR",
    "\u5229\u6bd4\u4e9a": "LY",
    "\u5217\u652f\u6566\u58eb\u767b": "LI",
    "\u7acb\u9676\u5b9b": "LT",
    "\u5362\u68ee\u5821": "LU",
    "\u9a6c\u5176\u987f": "MK",
    "\u9a6c\u8fbe\u52a0\u65af\u52a0": "MG",
    "\u9a6c\u62c9\u7ef4": "MW",
    "\u9a6c\u6765\u897f\u4e9a": "MY",
    "\u9a6c\u5c14\u4ee3\u592b": "MV",
    "\u9a6c\u91cc": "ML",
    "\u9a6c\u8033\u4ed6": "MT",
    "\u9a6c\u7ecd\u5c14\u7fa4\u5c9b": "MH",
    "\u6bdb\u91cc\u5854\u5c3c\u4e9a": "MR",
    "\u6bdb\u91cc\u6c42\u65af": "MU",
    "\u58a8\u897f\u54e5": "MX",
    "\u6469\u5c14\u591a\u74e6": "MD",
    "\u6469\u7eb3\u54e5": "MC",
    "\u8499\u53e4": "MN",
    "\u9ed1\u5c71": "ME",
    "\u8499\u7279\u585e\u62c9\u7279": "MS",
    "\u6469\u6d1b\u54e5": "MA",
    "\u83ab\u6851\u6bd4\u514b": "MZ",
    "\u7f05\u7538": "MM",
    "\u7eb3\u7c73\u6bd4\u4e9a": "NA",
    "\u5c3c\u6cca\u5c14": "NP",
    "\u65b0\u897f\u5170": "NZ",
    "\u5c3c\u52a0\u62c9\u74dc": "NI",
    "\u5c3c\u65e5\u5c14": "NE",
    "\u5c3c\u65e5\u5229\u4e9a": "NG",
    "\u7ebd\u57c3": "NU",
    "\u671d\u9c9c": "KP",
    "\u632a\u5a01": "NO",
    "\u963f\u66fc": "OM",
    "\u5df4\u57fa\u65af\u5766": "PK",
    "\u5e15\u52b3": "PW",
    "\u5df4\u52d2\u65af\u5766": "PS",
    "\u5df4\u62ff\u9a6c": "PA",
    "\u5df4\u5e03\u4e9a\u65b0\u51e0\u5185\u4e9a": "PG",
    "\u5df4\u62c9\u572d": "PY",
    "\u79d8\u9c81": "PE",
    "\u83f2\u5f8b\u5bbe": "PH",
    "\u76ae\u7279\u51f1\u6069\u7fa4\u5cf6": "PN",
    "\u6ce2\u5170": "PL",
    "\u8461\u8404\u7259": "PT",
    "\u5361\u5854\u5c14": "QA",
    "\u79d1\u7d22\u6c83": null,
    "\u7f57\u9a6c\u5c3c\u4e9a": "RO",
    "\u4fc4\u7f57\u65af": "RU",
    "\u5362\u65fa\u8fbe": "RW",
    "\u6492\u62c9\u5a01\u963f\u62c9\u4f2f\u6c11\u4e3b\u5171\u548c\u56fd": null,
    "\u5723\u8d6b\u52d2\u62ff-\u963f\u68ee\u677e\u548c\u7279\u91cc\u65af\u5766-\u8fbe\u5e93\u5c3c\u4e9a": "SH",
    "\u5723\u57fa\u8328\u548c\u5c3c\u7ef4\u65af": "KN",
    "\u5723\u5362\u897f\u4e9a": "LC",
    "\u5723\u6587\u68ee\u7279\u548c\u683c\u6797\u7eb3\u4e01\u65af": "VC",
    "\u8428\u6469\u4e9a": "WS",
    "\u5723\u9a6c\u529b\u8bfa": "SM",
    "\u6c99\u7279\u963f\u62c9\u4f2f": "SA",
    "\u585e\u5185\u52a0\u5c14": "SN",
    "\u585e\u5c14\u7ef4\u4e9a": "RS",
    "\u585e\u820c\u5c14": "SC",
    "\u585e\u62c9\u5229\u6602": "SL",
    "\u65b0\u52a0\u5761": "SG",
    "\u65af\u6d1b\u4f10\u514b": "SK",
    "\u65af\u6d1b\u6587\u5c3c\u4e9a": "SI",
    "\u6240\u7f57\u95e8\u7fa4\u5c9b": "SB",
    "\u7d22\u9a6c\u91cc": "SO",
    "\u5357\u975e": "ZA",
    "\u5357\u4e54\u6cbb\u4e9a\u548c\u5357\u6851\u5a01\u5947\u7fa4\u5c9b": "GS",
    "\u97e9\u56fd": "KR",
    "\u5357\u82cf\u4e39": "SS",
    "\u897f\u73ed\u7259": "ES",
    "\u65af\u91cc\u5170\u5361": "LK",
    "\u82cf\u4e39": "SD",
    "\u82cf\u91cc\u5357": "SR",
    "\u53f2\u74e6\u6d4e\u5170": "SZ",
    "\u745e\u5178": "SE",
    "\u53d9\u5229\u4e9a": "SY",
    "\u5854\u5409\u514b\u65af\u5766": "TJ",
    "\u5766\u6851\u5c3c\u4e9a": "TZ",
    "\u6cf0\u56fd": "TH",
    "\u5df4\u54c8\u9a6c": "BS",
    "\u5188\u6bd4\u4e9a": "GM",
    "\u8377\u5170": "NL",
    "\u591a\u54e5": "TG",
    "\u6258\u514b\u52b3": "TK",
    "\u6c64\u52a0": "TO",
    "\u7279\u7acb\u5c3c\u8fbe\u548c\u591a\u5df4\u54e5": "TT",
    "\u7a81\u5c3c\u65af": "TN",
    "\u571f\u8033\u5176": "TR",
    "\u571f\u5e93\u66fc": "TM",
    "\u7279\u514b\u65af\u548c\u51ef\u79d1\u65af\u7fa4\u5c9b": "TC",
    "\u5410\u74e6\u9c81": "TV",
    "\u7f8e\u56fd": "US",
    "\u4e4c\u5e72\u8fbe": "UG",
    "\u4e4c\u514b\u5170": "UA",
    "\u963f\u62c9\u4f2f\u8054\u5408\u914b\u957f\u56fd": "AE",
    "\u82f1\u56fd": "GB",
    "\u4e4c\u62c9\u572d": "UY",
    "\u4e4c\u5179\u522b\u514b\u65af\u5766": "UZ",
    "\u74e6\u52aa\u963f\u56fe": "VU",
    "\u68b5\u8482\u5188": "VA",
    "\u59d4\u5185\u745e\u62c9": "VE",
    "\u8d8a\u5357": "VN",
    "\u4e5f\u95e8": "YE",
    "\u8d5e\u6bd4\u4e9a": "ZM",
    "\u6d25\u5df4\u5e03\u97e6": "ZW"
}
