[{
  "selector": "node",
  "style": {
    "text-valign": "center",
    "text-halign": "left"
  }
}, {
  "selector": "node[?flipLabel]",
  "style": {
    "text-halign": "right"
  }
}, {
  "selector": "node[type]",
  "style": {
    "label": "data(type)"
  }
}, {
  "selector": "edge",
  "style": {
    "width": 3
  }
}, {
  "selector": "edge.bezier",
  "style": {
    "curve-style": "bezier",
    "control-point-step-size": 40
  }
}, {
  "selector": "edge.unbundled-bezier",
  "style": {
    "curve-style": "unbundled-bezier",
    "control-point-distances": 120,
    "control-point-weights": 0.1
  }
}, {
  "selector": "edge.multi-unbundled-bezier",
  "style": {
    "curve-style": "unbundled-bezier",
    "control-point-distances": [40, -40],
    "control-point-weights": [0.250, 0.75]
  }
}, {
  "selector": "edge.haystack",
  "style": {
    "curve-style": "haystack",
    "haystack-radius": 0.5
  }
}, {
  "selector": "edge.segments",
  "style": {
    "curve-style": "segments",
    "segment-distances": [ 40, -40 ],
    "segment-weights": [0.250 , 0.75]
  }
}, {
  "selector": "edge.taxi",
  "style": {
    "curve-style": "taxi",
    "taxi-direction": "downward",
    "taxi-turn": 20,
    "taxi-turn-min-distance": 5
  }
}]
