<title>Multi-dimensional Treemap</title>

<style>
#chart {
  padding-right: 10px;
  max-width: 650px;
  margin: 35px auto;
}
</style>

<chart>
<options>
legend: {
  show: false
},
chart: {
  height: 350,
  type: 'treemap'
},
title: {
  text: 'Multi-dimensional Treemap',
  align: 'center'
}
</options>

<series>
[
  {
    name: 'Desktops',
    data: [
      {
        x: 'ABC',
        y: 10
      },
      {
        x: 'DEF',
        y: 60
      },
      {
        x: 'XYZ',
        y: 41
      }
    ]
  },
  {
    name: 'Mobile',
    data: [
      {
        x: 'ABCD',
        y: 10
      },
      {
        x: 'DEFG',
        y: 20
      },
      {
        x: 'WXYZ',
        y: 51
      },
      {
        x: 'PQR',
        y: 30
      },
      {
        x: 'MNO',
        y: 20
      },
      {
        x: 'CDE',
        y: 30
      }
    ]
  }
]     
</series>
</chart>