{
  "header": {
    "logo": {
      "src": "https://uicdn.toast.com/toastui/img/tui-chart-bi-white.png"
    },
    "title": {
      "text": "github",
      "linkUrl": "https://github.com/nhn/tui.chart"
    },
    "version": true
  },
  "footer": [
    {
      "title": "NHN",
      "linkUrl": "https://github.com/nhn"
    },
    {
      "title": "FE Development Lab",
      "linkUrl": "https://github.com/nhn/fe.javascript"
    }
  ],
  "main": {
    "filePath": "README.md"
  },
  "api": {
    "filePath": ["tmpdoc/src/charts/*.js"],
    "permalink": false
  },
  "examples": {
    "filePath": "examples",
    "titles": {
      "example01-01-area-chart-basic": "1.1 [Area Chart] Basic",
      "example01-02-area-chart-live-update": "1.2 [Area Chart] Live Update",
      "example01-03-area-chart-spline": "1.3 [Area Chart] Spline Options",
      "example01-04-area-chart-showDot-dataLabels": "1.4 [Area Chart] ShowDot, dataLabels Options",
      "example01-05-area-chart-selectable-event": "1.5 [Area Chart] Selectable, select, unselect event",
      "example01-06-area-chart-range": "1.6 [Area Chart] Range Chart",
      "example01-07-area-chart-normal-stack": "1.7 [Area Chart] Normal Stack Chart",
      "example01-08-area-chart-percent-stack": "1.8 [Area Chart] Percent Stack Chart",
      "example01-09-area-chart-zoomable": "1.9 [Area Chart] Zoomable",
      "example01-10-area-chart-secondaryYAxis": "1.10 [Area Chart] Secondary Y Axis",
      "example01-11-area-chart-responsive": "1.11 [Area Chart] Responsive",
      "example01-12-area-chart-theme": "1.12 [Area Chart] Theme",
      "example01-13-area-chart-dataLabelsTheme": "1.13 [Area Chart] Data Labels theme",
      "example01-14-area-chart-bubbleDataLabels": "1.14 [Area Chart] Bubble Data labels",
      "example01-15-area-chart-visible-data": "1.15 [Area Chart] Data with visible options",
      "example02-01-bar-chart-basic": "2.1 [Bar Chart] Basic",
      "example02-02-bar-chart-negative": "2.2 [Bar Chart] Negative",
      "example02-03-bar-chart-positive-and-negative": "2.3 [Bar Chart] Positive and negative data",
      "example02-04-bar-chart-range": "2.4 [Bar Chart] Range",
      "example02-05-bar-chart-diverging": "2.5 [Bar Chart] Diverging",
      "example02-06-bar-chart-centerYAxis": "2.6 [Bar Chart] Center Y Axis",
      "example02-07-bar-chart-selectable-event": "2.7 [Bar Chart] selectable, select event",
      "example02-08-bar-chart-responsive": "2.8 [Bar Chart] Responsive",
      "example02-09-bar-chart-secondaryYAxis": "2.9 [Bar Chart] Secondary Y Axis",
      "example02-10-bar-chart-theme": "2.10 [Bar Chart] Theme",
      "example02-11-bar-chart-bubbleDataLabels": "2.11 [Bar Chart] Data Labels Theme",
      "example02-12-bar-stack-chart-basic": "2.12 [Stack Bar Chart] Basic",
      "example02-13-bar-stack-chart-percent": "2.13 [Stack Bar Chart] Percent stack type",
      "example02-14-bar-stack-chart-connector": "2.14 [Stack Bar Chart] Connector",
      "example02-15-bar-stack-chart-dataLabels": "2.15 [Stack Bar Chart] Data labels",
      "example02-16-bar-stack-chart-dataLabelsTheme": "2.16 [Stack Bar Chart] Data Labels Theme",
      "example02-17-bar-groupStack-chart-basic": "2.17 [GroupStack Bar Chart] Basic",
      "example02-18-bar-groupStack-chart-diverging": "2.18 [GroupStack Bar Chart] Diverging",
      "example02-19-bar-groupStack-chart-centerYAxis": "2.19 [GroupStack Bar Chart] Center Y Axis",
      "example02-20-bar-groupStack-chart-dataLabels": "2.20 [GroupStack Bar Chart] DataLabels",
      "example02-21-bar-chart-visible-data": "2.21 [Bar Chart] Data with visible options",
      "example03-01-boxPlot-chart-basic": "3.1 [BoxPlot Chart] Basic",
      "example03-02-boxPlot-chart-selectable-event": "3.2 [BoxPlot Chart] Selectable options, select event",
      "example03-03-boxPlot-chart-responsive": "3.3 [BoxPlot Chart] Responsive",
      "example03-04-boxPlot-chart-theme": "3.4 [BoxPlot Chart] Theme",
      "example03-05-boxPlot-chart-add-outlier": "3.5 [BoxPlot Chart] Add Outlier",
      "example03-06-boxPlot-chart-visible-data": "3.6 [BoxPlot Chart] Data with visible options",
      "example04-01-bubble-chart-basic": "4.1 [Bubble Chart] Basic",
      "example04-02-bubble-chart-selectable-event": "4.2 [Bubble Chart] Selectable Options, select event",
      "example04-03-bubble-chart-responsive": "4.3 [Bubble Chart] Responsive",
      "example04-04-bubble-chart-theme": "4.4 [Bubble Chart] Theme",
      "example04-05-bubble-chart-visible-data": "4.5 [Bubble Chart] Data with visible options",
      "example05-01-bullet-chart-basic": "5.1 [Bullet Chart] Basic",
      "example05-02-bullet-chart-vertical": "5.2 [Bullet Chart] Vertical",
      "example05-03-bullet-chart-dataLabels": "5.3 [Bullet Chart] Data labels",
      "example05-04-bullet-chart-selectable-event": "5.4 [Bullet Chart] Selectable Options, select event",
      "example05-05-bullet-chart-theme": "5.5 [Bullet Chart] Theme",
      "example05-06-bullet-chart-dataLabelsTheme": "5.6 [Bullet Chart] Data Labels Theme",
      "example05-07-bullet-chart-visible-data": "5.7 [Bullet Chart] Data with visible options",
      "example06-01-column-chart-basic": "6.1 [Column Chart] Basic",
      "example06-02-column-chart-liveUpdate": "6.2 [Column Chart] Live Update",
      "example06-03-column-chart-negative": "6.3 [Column Chart] Negative",
      "example06-04-column-chart-positive-and-negative": "6.4 [Column Chart] Positive and Negative data",
      "example06-05-column-chart-range": "6.5 [Column Chart] Range",
      "example06-06-column-chart-diverging": "6.6 [Column Chart] Diverging",
      "example06-07-column-chart-selectable-event": "6.7 [Column Chart] Selectable Options, select event",
      "example06-08-column-chart-responsive": "6.8 [Column Chart] Responsive",
      "example06-09-column-chart-dataLabels": "6.9 [Column Chart] Data labels",
      "example06-10-column-chart-theme": "6.10 [Column Chart] Theme",
      "example06-11-column-chart-dataLabelsTheme": "6.11 [Column Chart] Data Labels Theme",
      "example06-12-column-stack-chart-basic": "6.12 [Column Stack Chart] Basic",
      "example06-13-column-stack-chart-percent": "6.13 [Column Stack Chart] Percent type",
      "example06-14-column-stack-chart-connector": "6.14 [Column Stack Chart] Connector",
      "example06-15-column-stack-chart-datalabels": "6.15 [Column Stack Chart] Data Labels",
      "example06-16-column-stack-chart-datalabelsTheme": "6.16 [Column Stack Chart] Data Labels Theme",
      "example06-17-column-groupStack-chart-basic": "6.17 [Column Stack Chart] Basic",
      "example06-18-column-groupStack-chart-diverging": "6.18 [Column Stack Chart] Diverging",
      "example06-19-column-groupStack-chart-datalabels": "6.19 [Column Stack Chart] Data Labels",
      "example06-20-column-groupStack-chart-theme": "6.20 [Column Stack Chart] Theme",
      "example06-21-column-chart-visible-data": "6.21 [Column Chart] Data with visible options",
      "example07-01-heatmap-chart-basic": "7.1 [Heatmap Chart] Basic",
      "example07-02-heatmap-chart-liveUpdate": "7.2 [Heatmap Chart] Live Update",
      "example07-03-heatmap-chart-dataLabels": "7.3 [Heatmap Chart] Data Labels",
      "example07-04-heatmap-chart-selectable-event": "7.4 [Heatmap Chart] Selectable options, select event",
      "example07-05-heatmap-chart-responsive": "7.5 [Heatmap Chart] Responsive",
      "example07-06-heatmap-chart-theme": "7.6 [Heatmap Chart] Theme",
      "example07-07-heatmap-chart-dataLabelsTheme": "7.7 [Heatmap Chart] Data Labels Theme",
      "example08-01-line-chart-basic": "8.1 [Line Chart] Basic",
      "example08-02-line-chart-datetime": "8.2 [Line Chart] Datetime Category",
      "example08-03-line-chart-showDot-dataLabels": "8.3 [Line Chart] ShowDot, dataLabels",
      "example08-04-line-chart-spline": "8.4 [Line Chart] Spline",
      "example08-05-line-chart-coordinate-data": "8.5 [Line Chart] Coordinate Data",
      "example08-06-line-chart-dateTimeTuple-data": "8.6 [Line Chart] Datetime Tuple Coordinate Data",
      "example08-07-line-chart-zoomable": "8.7 [Line Chart] Zoomable",
      "example08-08-line-chart-selectable-event": "8.8 [Line Chart] Selectable Options, select event",
      "example08-09-line-chart-secondaryYAxis": "8.9 [Line Chart] Secondary Y Axis",
      "example08-10-line-chart-responsive": "8.10 [Line Chart] Responsive",
      "example08-11-line-chart-liveUpdate": "8.11 [Line Chart] Live Update",
      "example08-12-line-chart-syncTooltip": "8.12 [Line Chart] Tooltip Sync",
      "example08-13-line-chart-theme": "8.13 [Line Chart] Theme",
      "example08-14-line-chart-dataLabelsTheme": "8.14 [Line Chart] Data Labels Theme",
      "example08-15-line-chart-plot-bands-lines": "8.15 [Line Chart] Plot Bands, Line",
      "example08-16-line-chart-visible-data": "8.16 [Line Chart] Data with visible options",
      "example09-01-pie-chart-basic": "9.1 [Pie Chart] Basic",
      "example09-02-pie-chart-dataLabels": "9.2 [Pie Chart] Data Labels",
      "example09-03-pie-chart-outerSeriesName": "9.3 [Pie Chart] Outer Series Name Data Labels",
      "example09-04-pie-chart-counterClockwise": "9.4 [Pie Chart] Counter Clockwise",
      "example09-05-pie-chart-donut": "9.5 [Pie Chart] Donut",
      "example09-06-pie-chart-semiCircle": "9.6 [Pie Chart] Semi-Circle",
      "example09-07-pie-chart-selectable-event": "9.7 [Pie Chart] Selectable Options, select event",
      "example09-08-pie-chart-responsive": "9.8 [Pie Chart] Responsive",
      "example09-09-pie-chart-theme": "9.9 [Pie Chart] Theme",
      "example09-10-pie-chart-dataLabelsTheme": "9.10 [Pie Chart] Data Labels Theme",
      "example09-11-pie-chart-visible-data": "9.11 [Pie Chart] Data with visible options",
      "example10-01-radar-chart-basic": "10.1 [Radar Chart] Basic",
      "example10-02-radar-chart-circlePlot": "10.2 [Radar Chart] Circle plot",
      "example10-03-radar-chart-showDot-showArea": "10.3 [Radar Chart] ShowDot, showArea",
      "example10-04-radar-chart-selectable-event": "10.4 [Radar Chart] Selectable options, select event",
      "example10-05-radar-chart-responsive": "10.5 [Radar Chart] Responsive",
      "example10-06-radar-chart-theme": "10.6 [Radar Chart] Theme",
      "example10-07-radar-chart-visible-data": "10.7 [Radar Chart] Data with visible options",
      "example11-01-scatter-chart-basic": "11.1 [Scatter Chart] Basic",
      "example11-02-scatter-chart-selectable-event": "11.2 [Scatter Chart] Selectable Options, select event",
      "example11-03-scatter-chart-responsive": "11.3 [Scatter Chart] Responsive",
      "example11-04-scatter-chart-theme": "11.4 [Scatter Chart] Theme",
      "example11-05-scatter-chart-iconType": "11.5 [Scatter Chart] Icon Type",
      "example11-06-scatter-chart-data-visible": "11.6 [Scatter Chart] Data with visible options",
      "example12-01-treemap-chart-basic": "12.1 [Treemap Chart] Basic",
      "example12-02-treemap-chart-zoomable": "12.2 [Treemap Chart] Zoomable",
      "example12-03-treemap-chart-useColorValue": "12.3 [Treemap Chart] Use Color Value",
      "example12-04-treemap-chart-dataLabels": "12.4 [Treemap Chart] Data Labels",
      "example12-05-treemap-chart-selectable-event": "12.5 [Treemap Chart] Selectable Options, select event",
      "example12-06-treemap-chart-responsive": "12.6 [Treemap Chart] Responsive",
      "example12-07-treemap-chart-theme": "12.7 [Treemap Chart] Theme",
      "example12-08-treemap-chart-dataLabelsTheme": "12.8 [Treemap Chart] Data Labels Theme",
      "example13-01-columnLine-chart-basic": "13.1 [ColumnLine Chart] Basic",
      "example13-02-columnLine-chart-LiveUpdate": "13.2 [ColumnLine Chart] Live Update",
      "example13-03-columnLine-chart-visible-data": "13.3 [ColumnLine Chart] Data with visible options",
      "example14-01-LineArea-chart-basic": "14.1 [LineArea Chart] Basic",
      "example14-02-LineArea-chart-options": "14.2 [LineArea Chart] Apply Options",
      "example14-03-LineArea-chart-liveUpdate": "14.3 [LineArea Chart] Live Update",
      "example14-04-LineArea-chart-theme": "14.4 [LineArea Chart] Theme",
      "example14-05-LineArea-chart-visible-data": "14.5 [LineArea Chart] Data with visible options",
      "example15-01-LineScatter-chart-basic": "15.1 [LineScatter Chart] Basic",
      "example15-02-LineScatter-chart-options": "15.2 [LineScatter Chart] Apply Options",
      "example15-03-LineScatter-chart-visible-data": "15.3 [LineScatter Chart] Data with visible options",
      "example16-01-NestedPie-chart-basic": "16.1 [NestedPie Chart] Basic",
      "example16-02-NestedPie-chart-grouped": "16.2 [NestedPie Chart] Grouped Data",
      "example16-03-NestedPie-chart-theme": "16.3 [NestedPie Chart] Theme",
      "example16-04-NestedPie-chart-groupedTheme": "16.4 [NestedPie Chart] Grouped Data Theme",
      "example16-05-NestedPie-chart-visible-data": "16.5 [NestedPie Chart] Data with visible options",
      "example17-01-tooltip-formatter": "17.1 [Common] Tooltip Formatter",
      "example17-02-tooltip-template": "17.2 [Common] Tooltip Template",
      "example17-03-scale": "17.3 [Common] Scale Options",
      "example17-04-tick-label-interval": "17.4 [Common] Tick, Label Interval",
      "example17-05-component-theme": "17.5 [Common] Common Component Theme",
      "example17-06-legend-ellipsis": "17.6 [Common] Legend Ellipsis",
      "example18-01-radialBar-chart-basic": "18.1 [RadialBar Chart] Basic",
      "example18-02-radialBar-chart-selectable-event": "18.2 [RadialBar Chart] Selectable options, select event",
      "example18-03-radialBar-chart-counterClockwise": "18.3 [RadialBar Chart] Counter Clockwise",
      "example18-04-radialBar-chart-angleRange": "18.4 [RadialBar Chart] AngleRange",
      "example18-05-radialBar-chart-radiusRange": "18.5 [RadialBar Chart] RadiusRange",
      "example18-06-radialBar-chart-dataLabels": "18.6 [RadialBar Chart] Data Labels",
      "example18-07-radialBar-chart-theme": "18.7 [RadialBar Chart] Theme",
      "example19-01-noDataText-basic": "19.1 [No Data Text] Basic",
      "example19-02-noDataText-lang": "19.2 [No Data Text] lang options",
      "example19-03-noDataText-theme": "19.3 [No Data Text] Theme",
      "example20-01-gauge-chart-basic": "20.1 [Gauge Chart] Basic",
      "example20-02-gauge-chart-basicWithCategory": "20.2 [Gauge Chart] Basic with Category",
      "example20-03-gauge-chart-selectable-event": "20.3 [Gauge Chart] Selectable options, select event",
      "example20-04-gauge-chart-counterClockwise": "20.4 [Gauge Chart] Counter Clockwise",
      "example20-05-gauge-chart-angleRange": "20.5 [Gauge Chart] AngleRange",
      "example20-06-gauge-chart-solidWithDataLabels": "20.6 [Gauge Chart] Solid with Data Labels",
      "example20-07-gauge-chart-solidWithClockHand": "20.7 [Gauge Chart] Solid with Clock Hand",
      "example20-08-gauge-chart-dataLabels": "20.8 [Gauge Chart] Data Labels",
      "example20-09-gauge-chart-theme": "20.9 [Gauge Chart] Theme"
    }
  },
  "pathPrefix": "tui.chart"
}
