year,company,revenue,net_income
2015,Apple Inc.,233715,53394
2016,Apple Inc.,215639,45687
2017,Apple Inc.,229234,48351
2018,Apple Inc.,265595,59531
2015,Samsung Electronics,173001,16499
2016,Samsung Electronics,174047,21311
2017,Samsung Electronics,217754,33343
2018,Samsung Electronics,221568,40294
2015,Amazon,107006,596
2016,Amazon,135987,2371
2017,Amazon,177866,3033
2018,Amazon,232887,10073
2015,Foxconn,142294,4768
2016,Foxconn,138376,4805
2017,Foxconn,149424,4297
2018,Foxconn,168143,4098