<title>3d Bubble Chart</title>

<scripts>
<script>
/*
// this function will generate output in this format
// every array in data is of the format [x, y, z] where x (timestamp) and y are the two axes coordinates,
// z is the third coordinate, which you can interpret as the size of the bubble formed too.
// data = [
   [timestamp, 23, 10],
   [timestamp, 33, 11],
   [timestamp, 12, 8]
  ...
]
*/
function generateData(baseval, count, yrange) {
  var i = 0;
  var series = [];
  while (i < count) {
    //var x =Math.floor(Math.random() * (750 - 1 + 1)) + 1;;
    var y = Math.floor(Math.random() * (yrange.max - yrange.min + 1)) + yrange.min;
    var z = Math.floor(Math.random() * (75 - 15 + 1)) + 15;

    series.push([baseval, y, z]);
    baseval += 86400000;
    i++;
  }
  return series;
}
</script>
</scripts>

<chart>
<options>
chart: {
  height: 350,
  type: 'bubble',
},
dataLabels: {
  enabled: false
},
fill: {
  type: 'gradient',
},
title: {
  text: '3D Bubble Chart'
},
xaxis: {
  tickAmount: 12,
  type: 'datetime',
  labels: {
      rotate: 0,
  }
},
yaxis: {
  max: 70
},
theme: {
  palette: 'palette2'
}
</options>

<series>
[{
  name: 'Product1',
  data: generateData(new Date('11 Feb 2017 GMT').getTime(), 20, {
    min: 10,
    max: 60
  })
},
{
  name: 'Product2',
  data: generateData(new Date('11 Feb 2017 GMT').getTime(), 20, {
    min: 10,
    max: 60
  })
},
{
  name: 'Product3',
  data: generateData(new Date('11 Feb 2017 GMT').getTime(), 20, {
    min: 10,
    max: 60
  })
},
{
  name: 'Product4',
  data: generateData(new Date('11 Feb 2017 GMT').getTime(), 20, {
    min: 10,
    max: 60
  })
}]
</series>
</chart>
