{
  "build/cytoscape.umd.js": {
    "bundled": 933288,
    "minified": 346908,
    "gzipped": 108032
  },
  "build/cytoscape.cjs.js": {
    "bundled": 860281,
    "minified": 366257,
    "gzipped": 110421
  },
  "build/cytoscape.esm.js": {
    "bundled": 860108,
    "minified": 366114,
    "gzipped": 110383,
    "treeshaked": {
      "rollup": {
        "code": 341556,
        "import_statements": 51
      },
      "webpack": {
        "code": 342944
      }
    }
  },
  "build/cytoscape.esm.min.js": {
    "bundled": 346713,
    "minified": 346215,
    "gzipped": 107857,
    "treeshaked": {
      "rollup": {
        "code": 345709,
        "import_statements": 0
      },
      "webpack": {
        "code": 346997
      }
    }
  }
}
